Nhom_nguon,Keyword,Intent,Volume,Keyword Difficulty,Competitive Density
backlink,backlinks,Informational,18100,39,0.01
backlink,dịch vụ backlink,Informational,3600,41,0.07
backlink,backlink checker,Informational,1900,79,0.08
backlink,backlink là gì,Informational,1300,15,0.28
backlink,dịch vụ backlink seoviet,Informational,880,9,0.01
backlink,he thong backlinks da tang,Informational,590,7,0.00
backlink,mua backlink,Informational,590,36,0.22
backlink,ahrefs backlink checker,"Informational, Transactional",320,93,0.05
backlink,backlink chất lượng bất động sản,Informational,320,6,0.01
backlink,backlink báo,Informational,210,12,0.21
backlink,backlink bất động sản chất lượng,Informational,210,6,0.02
backlink,ahref backlink,Navigational,170,89,0.06
backlink,check backlink free,Commercial,170,79,0.10
backlink,free backlink checker,Informational,170,75,0.10
backlink,good backlinks,Informational,170,34,0.33
backlink,ahrefs backlinks,"Navigational, Transactional",140,82,0.06
backlink,backlink indexer,Informational,140,21,0.33
backlink,check backlink web,Informational,140,78,0.18
backlink,check website backlinks,"Informational, Commercial",140,77,0.18
backlink,a href backlink checker,"Informational, Transactional",110,79,0.02
backlink,backlink seo là gì,Informational,110,11,0.26
backlink,mua backlink báo,Informational,110,22,0.09
backlink,ahref backlink checker,"Navigational, Transactional",90,78,0.08
backlink,free backlinks,Informational,90,40,0.23
backlink,kiểm tra backlink,Informational,90,9,0.07
backlink,backlink generator online free,Informational,70,33,0.33
backlink,high da backlinks,Informational,70,18,0.33
backlink,seo backlinks,Informational,70,33,0.33
backlink,backlink creator online free,Informational,50,41,0.33
backlink,backlink profile,Informational,50,20,0.35
backlink,bán backlink,Informational,50,41,0.15
backlink,mua backlink tay,"Informational, Transactional",50,29,0.01
backlink,pbn backlinks,Informational,50,13,0.22
backlink,tool backlink,Informational,50,30,0.45
backlink,backlink ahref,Navigational,40,49,0.33
backlink,how to create backlinks,Informational,40,47,0.66
backlink,wordpress backlinks plugin,,40,,0.14
backlink,đặt backlink là gì,,40,,0.29
backlink,authority backlinks,Informational,30,22,0.33
backlink,automatic backlinks,"Informational, Transactional",30,33,0.43
backlink,backlink audit,,30,,0.31
backlink,backlink audit free,,30,,0.79
backlink,backlink audit tool,Informational,30,76,0.07
backlink,backlink chất lượng,,30,,0.29
backlink,backlink co,Navigational,30,36,0.33
backlink,backlink create,Commercial,30,54,0.62
backlink,backlink database,Informational,30,55,0.86
backlink,backlink dofollow và nofollow,Informational,30,6,0.64
backlink,backlink free website,Informational,30,22,0.69
backlink,backlink maker,Informational,30,41,0.76
backlink,backlink png,Informational,30,20,0.33
backlink,backlink profile là gì,Informational,30,4,0.09
backlink,backlink pyramid,Informational,30,9,0.04
backlink,backlink redirect,Informational,30,10,0.03
backlink,backlink service,Commercial,30,41,0.62
backlink,backlink sites,Informational,30,,0.60
backlink,backlink software,Informational,30,45,0.81
backlink,backlink tool,Informational,30,73,0.66
backlink,backlink tracker,Informational,30,77,0.33
backlink,best backlink indexer,Informational,30,11,0.14
backlink,buy seo backlinks,"Informational, Commercial",30,41,0.93
backlink,bán backlink báo,,30,,0.17
backlink,check backlink đối thủ,,30,,0.10
backlink,cho thuê backlink,Informational,30,,0.20
backlink,competitor backlink checker,Informational,30,74,0.00
backlink,cách index backlink nhanh nhất,Informational,30,7,0.20
backlink,cách kiểm tra backlink,,30,,0.46
backlink,cách kiểm tra backlink của website,Informational,30,,0.33
backlink,cách lấy backlink,Informational,30,7,0.14
backlink,cách lấy backlink chất lượng,Informational,30,7,0.24
backlink,cách tạo backlink hiệu quả,"Informational, Transactional",30,15,0.33
backlink,cách đi backlink,Informational,30,21,0.09
backlink,cách đi backlink cho website,Informational,30,16,0.52
backlink,cách đặt backlink trong bài viết,"Informational, Transactional",30,16,0.08
backlink,disavow backlinks,Informational,30,14,0.15
backlink,diễn đàn đi backlink,Informational,30,5,0.08
backlink,do follow backlinks,Informational,30,30,0.71
backlink,dofollow backlinks list,Informational,30,28,0.07
backlink,dịch vụ seo backlink,Informational,30,29,0.31
backlink,dịch vụ đi backlink,Informational,30,34,0.89
backlink,external backlinks,Informational,30,13,0.21
backlink,forum backlinks,Informational,30,11,0.16
backlink,free backlink audit,,30,,0.79
backlink,free backlink indexer,Informational,30,44,0.54
backlink,gov backlinks,Informational,30,15,0.12
backlink,high pr backlinks,Informational,30,19,0.00
backlink,how to backlink,Informational,30,45,0.66
backlink,how to check backlinks,,30,,0.29
backlink,how to index backlinks,Informational,30,8,0.33
backlink,hướng dẫn đi backlink,,30,,0.36
backlink,hướng dẫn đặt backlink,"Informational, Transactional",30,19,0.33
backlink,make backlinks,Informational,30,54,0.62
backlink,mua backlink chất lượng,Informational,30,24,0.29
backlink,mua backlink giá rẻ,Informational,30,38,0.33
backlink,mua backlink seo,,30,,0.33
backlink,mua bán backlink,,30,,0.71
backlink,nguồn backlink chất lượng,Informational,30,8,0.57
backlink,ping backlink,Informational,30,48,0.21
backlink,semrush backlinks,,30,,0.12
backlink,semrush subdomain backlinks là gì,Informational,30,6,0.33
backlink,seo backlink checker,,30,,0.36
backlink,social media backlinks,Informational,30,27,0.33
backlink,spam backlinks,Informational,30,9,0.15
backlink,tool tạo backlink,,30,,0.46
backlink,tool đi backlink,Informational,30,6,0.30
backlink,toxic backlink checker,,30,,0.29
backlink,tạo backlink cho web,Informational,30,25,0.67
backlink,tạo backlink cho website,Informational,30,16,0.67
backlink,ubersuggest backlinks,,30,,0.00
backlink,web backlinks,,30,,0.60
backlink,website backlinks,Informational,30,60,0.60
backlink,xây dựng backlink chất lượng,,30,,0.33
backlink,xây dựng hệ thống backlink,,30,,0.71
backlink,đi backlink là gì,Informational,30,17,0.35
backlink,đặt backlink,Informational,30,16,0.71
backlink,100 backlinks,,20,,0.86
backlink,247 backlink,,20,,0.00
backlink,2500 backlinks,,20,,0.14
backlink,add backlinks to my website free,,20,,0.86
backlink,adult backlinks,,20,,0.43
backlink,analyse backlinks,,20,,0.29
backlink,anchor text backlinks,,20,,0.33
backlink,auto backlink,,20,,0.43
backlink,auto backlink generator,,20,,0.00
backlink,auto backlink software,,20,,0.00
backlink,automatic backlink software,,20,,0.00
backlink,backlink analyse,,20,,0.29
backlink,backlink analysis,,20,,0.29
backlink,backlink analysis report,,20,,0.33
backlink,backlink analysis tool,,20,,0.00
backlink,backlink analytics,,20,,0.36
backlink,backlink app,,20,,0.00
backlink,backlink audit semrush,,20,,0.33
backlink,backlink auto,,20,,0.50
backlink,backlink beast,,20,,0.86
backlink,backlink benefits,,20,,0.00
backlink,backlink building,,20,,0.79
backlink,backlink building service,,20,,0.29
backlink,backlink building strategies,,20,,0.00
backlink,backlink bất động sản,,20,,0.09
backlink,backlink checker semrush,,20,,0.33
backlink,backlink checker tools,,20,,0.00
backlink,backlink chất lượng là gì,,20,,0.09
backlink,backlink data,,20,,0.86
backlink,backlink dofollow list,,20,,0.57
backlink,backlink dofollow là gì,,20,,0.43
backlink,backlink edu,,20,,0.04
backlink,backlink explorer,,20,,0.00
backlink,backlink gap,,20,,0.14
backlink,backlink generator,,20,,0.35
backlink,backlink generator tool,,20,,0.86
backlink,backlink gov,,20,,0.12
backlink,backlink linkedin,,20,,0.33
backlink,backlink list,,20,,0.13
backlink,backlink là,,20,,0.29
backlink,backlink monitoring tool,,20,,0.36
backlink,backlink network,,20,,0.00
backlink,backlink nofollow là gì,,20,,0.21
backlink,backlink outreach,,20,,0.00
backlink,backlink pbn,,20,,0.27
backlink,backlink pinterest,,20,,0.14
backlink,backlink removal,,20,,0.07
backlink,backlink report,,20,,0.00
backlink,backlink research,,20,,0.33
backlink,backlink site list,,20,,0.00
backlink,backlink strategy,,20,,0.33
backlink,backlink submitter,,20,,0.63
backlink,backlink tay,,20,,0.01
backlink,backlink tester,,20,,0.07
backlink,backlink tự động,,20,,0.31
backlink,backlink watch,,20,,0.16
backlink,backlink youtube,,20,,0.32
backlink,backlinks 2019,,20,,0.00
backlink,backlinks analyse,,20,,0.29
backlink,backlinks definition,,20,,0.21
backlink,backlinks icon,,20,,0.33
backlink,backlinks management,,20,,0.00
backlink,backlinks meaning,,20,,0.21
backlink,backlinks online,,20,,0.00
backlink,backlinks youtube free,,20,,0.29
backlink,bad backlinks checker,,20,,0.00
backlink,best backlink software,,20,,1.00
backlink,blog backlinks,,20,,0.33
backlink,broken backlinks,,20,,0.19
backlink,buy backlinks,,20,,0.66
backlink,buy backlinks cheap,,20,,0.00
backlink,bán backlink tay,,20,,0.14
backlink,casino backlinks,,20,,0.33
backlink,cheap backlinks,,20,,0.00
backlink,check backlink ahref,,20,,0.05
backlink,check backlink profile,,20,,0.14
backlink,check backlinks of website free,,20,,0.43
backlink,check competitor backlink,,20,,0.33
backlink,check site backlinks,,20,,0.17
backlink,chạy backlink,,20,,0.52
backlink,chạy backlink là gì,,20,,0.76
backlink,competitor backlink analysis,,20,,0.33
backlink,competitor backlinks,,20,,0.00
backlink,content backlinks,,20,,0.57
backlink,create backlinks free,,20,,0.33
backlink,các dạng backlink,,20,,0.29
backlink,các loại backlink,,20,,0.11
backlink,các trang web backlink,,20,,0.00
backlink,các trang đi backlink,,20,,0.25
backlink,cách backlink,,20,,0.50
backlink,cách backlink trang web,,20,,0.51
backlink,cách backlink video youtube,,20,,0.00
backlink,cách chèn backlink,,20,,0.24
backlink,cách chặn backlink xấu,,20,,0.33
backlink,cách gắn backlink,,20,,0.27
backlink,cách tạo backlink,,20,,0.39
backlink,cách tạo backlink tự nhiên,,20,,0.46
backlink,cách xây dựng backlink,,20,,0.86
backlink,cách xóa backlink xấu,,20,,0.33
backlink,cách đi backlink hiệu quả,,20,,0.74
backlink,cách đặt backlink,,20,,0.43
backlink,cách đặt backlink trên facebook,,20,,0.00
backlink,có nên mua backlink,,20,,0.33
backlink,công cụ check backlink,,20,,0.05
backlink,công cụ index backlink,,20,,0.17
backlink,công cụ kiểm tra backlink,,20,,0.38
backlink,disavow backlinks google,,20,,0.03
backlink,diễn đàn backlink,,20,,0.09
backlink,do follow backlinks list,,20,,0.07
backlink,domain backlink checker,,20,,0.86
backlink,domain backlinks,,20,,0.57
backlink,dịch vụ đặt backlink,,20,,0.00
backlink,editorial backlinks,,20,,0.18
backlink,find backlinks,,20,,0.33
backlink,free backlink builder,,20,,0.86
backlink,free backlink generator,,20,,0.53
backlink,free backlink maker,,20,,0.00
backlink,free backlink submission,,20,,0.43
backlink,free backlink tool,,20,,0.38
backlink,free backlinks online,,20,,0.00
backlink,free backlinks sites,,20,,0.00
backlink,free backlinks sites list,,20,,0.24
backlink,free backlinks submitter,,20,,0.43
backlink,get free backlinks,,20,,0.43
backlink,google analytics backlinks,,20,,0.00
backlink,google backlinks,,20,,0.20
backlink,google cloud backlink,,20,,0.33
backlink,google search console backlinks,,20,,0.33
backlink,guest post backlinks,,20,,0.80
backlink,gói backlink,,20,,0.74
backlink,haro backlinks,,20,,0.00
backlink,high quality backlinks,,20,,0.50
backlink,how to build backlinks,,20,,0.66
backlink,how to build backlinks to your website,,20,,0.33
backlink,how to check backlinks of a website,,20,,0.29
backlink,how to check competitors backlinks,,20,,0.00
backlink,how to do backlinks,,20,,0.66
backlink,how to find competitors backlinks,,20,,0.00
backlink,how to generate backlinks,,20,,0.00
backlink,how to get backlinks,,20,,0.00
backlink,how to index backlinks quickly,,20,,0.00
backlink,hướng dẫn backlink,,20,,0.43
backlink,hướng dẫn cách đi backlink,,20,,0.57
backlink,hệ thống backlink là gì,,20,,0.86
backlink,index backlink là gì,,20,,0.64
backlink,keyword backlinks,,20,,0.00
backlink,kiem tra backlink,,20,,0.36
backlink,kiểm tra backlink của website,,20,,0.57
backlink,kiểm tra backlink online,,20,,0.07
backlink,kiểm tra backlink xấu,,20,,0.33
backlink,kiểm tra backlink đối thủ,,20,,0.33
backlink,link backlink,,20,,0.86
backlink,list backlink dofollow,,20,,0.33
backlink,list backlink profile,,20,,0.33
backlink,list forum backlink,,20,,0.29
backlink,majestic backlink checker,,20,,0.14
backlink,majestic backlinks,,20,,0.24
backlink,monitor backlinks,,20,,0.50
backlink,moz backlink checker,,20,,0.46
backlink,moz backlinks,,20,,0.36
backlink,mua backlink gov,,20,,0.57
backlink,mua backlink là gì,,20,,0.57
backlink,mua ban backlink,,20,,0.00
backlink,mô hình backlink,,20,,0.33
backlink,nhận đi backlink,,20,,0.29
backlink,online backlink checker,,20,,0.45
backlink,phân tích backlink,,20,,0.00
backlink,phần mềm kiểm tra backlink,,20,,0.14
backlink,phần mềm seo backlink mien phi,,20,,0.00
backlink,ping backlinks free,,20,,0.00
backlink,pinterest backlinks,,20,,0.14
backlink,pr backlinks,,20,,0.14
backlink,purchase backlinks,,20,,0.66
backlink,quality backlinks,,20,,0.86
backlink,real backlink,,20,,1.00
backlink,reddit backlinks,,20,,0.05
backlink,semrush backlink analytics,,20,,0.57
backlink,semrush backlink audit,,20,,0.33
backlink,semrush backlink checker,,20,,0.26
backlink,semrush backlink là gì,,20,,0.33
backlink,seo backlink building services,,20,,0.00
backlink,seo backlink là gì,,20,,0.51
backlink,seo backlink service,,20,,0.86
backlink,seo backlink strategy,,20,,0.00
backlink,seo backlink tool,,20,,0.62
backlink,seo không backlink,,20,,0.33
backlink,seo không cần backlink,,20,,0.33
backlink,seo review tool backlink checker,,20,,0.00
backlink,smallseotools backlink maker,,20,,0.71
backlink,social backlinks,,20,,0.44
backlink,tao backlink tu dong,,20,,0.35
backlink,tool backlink free,,20,,0.79
backlink,tool backlink seo,,20,,0.49
backlink,tool bắn backlink,,20,,0.23
backlink,tool seo backlink,,20,,0.62
backlink,toxic backlinks,,20,,0.14
backlink,traffic backlinks,,20,,0.57
backlink,types of backlinks,,20,,0.33
backlink,tạo backlink,,20,,0.61
backlink,tạo backlink free,,20,,0.00
backlink,ví dụ về backlink,,20,,0.33
backlink,what are backlinks,,20,,0.32
backlink,wiki backlinks,,20,,0.11
backlink,wikipedia backlinks,,20,,0.14
backlink,wordpress backlinks,,20,,0.00
backlink,xem backlink của website,,20,,0.09
backlink,xây dựng backlink,,20,,0.24
backlink,xây dựng backlink cho website,,20,,0.49
backlink,xây dựng backlink là gì,,20,,0.33
backlink,youtube video backlink,,20,,0.36
backlink,đi backlink cho website,,20,,0.59
backlink,đi backlink hiệu quả,,20,,0.86
backlink,đi backlink seo,,20,,0.33
backlink,đặt backlink free,,20,,0.43
backlink,đặt backlink miễn phí,,20,,0.33
backlink,đặt backlink pr cao,,20,,0.00
backlink,đặt backlink ở đâu,,20,,0.36
backlink,1000 backlinks,,10,,0.00
backlink,2000 backlink,,10,,0.60
backlink,ahref backlink free,,10,,0.33
backlink,ahref backlinks,,10,,0.00
backlink,ahref check backlinks,,10,,0.01
backlink,ahrefs com backlink checker,,10,,0.36
backlink,ahrefs free backlink checker,,10,,0.36
backlink,automatic backlink generator,,10,,0.00
backlink,backlink 301 redirect,,10,,0.00
backlink,backlink agency,,10,,0.00
backlink,backlink analyse tool,,10,,0.00
backlink,backlink audit pro,,10,,0.86
backlink,backlink automation software,,10,,0.00
backlink,backlink checker google analytics,,10,,0.33
backlink,backlink chất lượng cao,,10,,0.33
backlink,backlink comment,,10,,0.00
backlink,backlink counter,,10,,0.33
backlink,backlink example,,10,,0.09
backlink,backlink exchange,,10,,0.43
backlink,backlink facebook,,10,,0.33
backlink,backlink fanpage,,10,,0.00
backlink,backlink find,,10,,0.00
backlink,backlink finder,,10,,0.67
backlink,backlink gold,,10,,0.14
backlink,backlink gtv,,10,,0.00
backlink,backlink hiệu quả,,10,,0.00
backlink,backlink index checker,,10,,0.00
backlink,backlink instagram,,10,,0.07
backlink,backlink io,,10,,0.33
backlink,backlink management tool,,10,,0.00
backlink,backlink miễn phí,,10,,0.34
backlink,backlink power indexer,,10,,0.00
backlink,backlink price,,10,,0.71
backlink,backlink profile audit,,10,,0.29
backlink,backlink profile list,,10,,0.29
backlink,backlink profile seo,,10,,0.00
backlink,backlink scanner,,10,,0.38
backlink,backlink search,,10,,0.22
backlink,backlink submission,,10,,0.00
backlink,backlink submitter software,,10,,0.86
backlink,backlink test,,10,,0.33
backlink,backlink traffic,,10,,0.33
backlink,backlink trong seo là gì,,10,,0.41
backlink,backlink từ mạng xã hội,,10,,0.00
backlink,backlink url,,10,,0.00
backlink,backlink viet nam,,10,,0.71
backlink,backlink website list,,10,,0.00
backlink,backlink xấu là gì,,10,,0.00
backlink,backlink youtube là gì,,10,,0.00
backlink,backlinked,,10,,0.00
backlink,backlinks checken,,10,,0.00
backlink,backlinks checker free online,,10,,0.71
backlink,backlinks semrush,,10,,0.33
backlink,backlinks to my site,,10,,0.00
backlink,backlinks to your site,,10,,0.00
backlink,bad backlinks,,10,,0.00
backlink,best backlink checker,,10,,0.33
backlink,best backlink site,,10,,0.86
backlink,best backlink websites,,10,,0.86
backlink,best backlinks for local seo,,10,,1.00
backlink,best seo backlink,,10,,0.00
backlink,buy backlinks india,,10,,0.00
backlink,buy backlinks online,,10,,0.71
backlink,buy pbn backlinks,,10,,0.00
backlink,buy quality backlinks,,10,,0.00
backlink,bán backlink gov,,10,,0.14
backlink,check my backlinks,,10,,0.00
backlink,check site backlinks google,,10,,0.00
backlink,check toxic backlinks,,10,,0.86
backlink,competitor backlink analysis tool,,10,,0.00
backlink,contextual backlinks,,10,,0.00
backlink,create backlinks,,10,,0.62
backlink,các trang web đặt backlink,,10,,0.43
backlink,các trang đặt backlink hiệu quả,,10,,0.00
backlink,cách backlink hiệu quả,,10,,0.54
backlink,cách tìm backlink đối thủ,,10,,0.33
backlink,cách tạo backlink cho website,,10,,0.42
backlink,cách tạo backlink chất lượng,,10,,0.00
backlink,cách xây dựng backlink chất lượng,,10,,0.00
backlink,cách xây dựng backlink hiệu quả,,10,,0.00
backlink,cách đi backlink trên facebook,,10,,0.00
backlink,cách đi backlink youtube,,10,,0.29
backlink,cách đặt backlink hiệu quả,,10,,0.33
backlink,danh sách backlink chất lượng,,10,,0.00
backlink,disavow toxic backlinks,,10,,0.33
backlink,dofollow backlink là gì,,10,,0.00
backlink,dịch vụ cho thuê backlink,,10,,0.33
backlink,dịch vụ chạy backlink,,10,,0.00
backlink,edu backlinks,,10,,0.00
backlink,find backlinks free,,10,,0.00
backlink,find broken backlinks,,10,,0.14
backlink,find competitor backlinks,,10,,0.00
backlink,find website backlinks,,10,,0.33
backlink,free backlink checker tools,,10,,0.27
backlink,free backlink list,,10,,0.00
backlink,free backlinks for website,,10,,0.00
backlink,free backlinks forum,,10,,0.33
backlink,free seo backlink,,10,,0.86
backlink,free seo backlink checker,,10,,1.00
backlink,get backlink from wikipedia,,10,,0.33
backlink,get backlinks,,10,,0.00
backlink,get backlinks for my website,,10,,0.00
backlink,get backlinks to my site,,10,,0.00
backlink,google backlink checker,,10,,0.57
backlink,google seo backlink,,10,,0.00
backlink,gratis backlinks,,10,,0.00
backlink,gsa backlinks,,10,,0.57
backlink,high authority backlinks,,10,,0.86
backlink,high quality backlinks free,,10,,0.03
backlink,how do backlinks work,,10,,0.00
backlink,how many backlinks should a website have,,10,,0.00
backlink,how many backlinks to my site,,10,,0.33
backlink,how to create backlinks to your website,,10,,0.33
backlink,how to disavow backlinks,,10,,0.57
backlink,how to find backlinks,,10,,0.00
backlink,how to get backlinks indexed,,10,,0.00
backlink,how to get free backlinks,,10,,0.00
backlink,how to get quality backlinks,,10,,0.00
backlink,how to increase backlinks,,10,,0.14
backlink,how to index backlinks fast,,10,,0.00
backlink,how to index backlinks fast in google,,10,,0.00
backlink,how to make backlinks,,10,,0.00
backlink,hướng dẫn tạo backlink,,10,,0.00
backlink,instant backlinks,,10,,0.86
backlink,jasa backlink,,10,,0.00
backlink,kiểm tra backlink website,,10,,0.40
backlink,kiểm tra số lượng backlink,,10,,0.33
backlink,linkedin backlinks,,10,,0.33
backlink,make backlinks free,,10,,0.33
backlink,mass backlink,,10,,0.00
backlink,mua backlink cho website,,10,,0.71
backlink,mua backlink uy tín,,10,,0.22
backlink,no follow backlinks,,10,,0.21
backlink,phần mềm tạo backlink,,10,,0.00
backlink,phần mềm đi backlink,,10,,0.15
backlink,profile backlink site list,,10,,0.33
backlink,purchase quality backlinks,,10,,0.00
backlink,real backlinks,,10,,0.05
backlink,redirect backlinks,,10,,0.05
backlink,remove bad backlinks,,10,,0.33
backlink,see backlinks,,10,,0.00
backlink,sell backlinks,,10,,0.00
backlink,seo and backlinks,,10,,0.00
backlink,seo backlink profile,,10,,0.00
backlink,seo backlink software,,10,,0.00
backlink,seo backlink websites,,10,,0.00
backlink,seo backlinks youtube,,10,,0.00
backlink,share backlink,,10,,0.00
backlink,small seo tools backlink checker,,10,,0.93
backlink,subdomain backlinks,,10,,0.00
backlink,submit backlinks to google,,10,,0.00
backlink,thế nào là backlink chất lượng,,10,,0.00
backlink,tiered backlinks,,10,,0.00
backlink,tool check backlink,,10,,0.64
backlink,top backlinks,,10,,0.00
backlink,trao đổi backlink,,10,,0.41
backlink,tạo backlink tự động,,10,,0.35
backlink,tạo backlink youtube,,10,,0.00
backlink,uk backlinks,,10,,0.00
backlink,usa backlinks,,10,,0.00
backlink,video backlink,,10,,0.00
backlink,web 2.0 backlinks,,10,,0.33
backlink,what is a backlink audit,,10,,0.33
backlink,whats a backlink,,10,,0.00
backlink,xem backlink,,10,,0.14
backlink,youtube backlink generator,,10,,0.06
backlink,đi backlink,,10,,0.29
backlink,đi backlink cho fanpage,,10,,0.00
backlink,đặt backlink hiệu quả,,10,,0.00
backlink,đặt backlink như thế nào,,10,,0.00
backlink,đặt backlink trên facebook,,10,,0.33
backlink,1 bài seo đi bao nhiêu backlink,,0,,0.00
backlink,1 bài viết chèn nhiều backlink,,0,,0.00
backlink,1 pbn dat duoc bao nhieu backlink,,0,,0.00
backlink,1 số ví dụ backlink hiệu quả,,0,,0.00
backlink,1 số web cho tạo backlink free,,0,,0.00
backlink,100 site dofollow nofollow backlink,,0,,0.00
backlink,100 social đi backlink,,0,,0.00
backlink,1000 free backlinks,,0,,0.00
backlink,1000 site backlink tô t nhâ t,,0,,0.00
backlink,10000 backlink mien phi,,0,,0.00
backlink,10000 backlinks,,0,,0.00
backlink,11 way to build backlink,,0,,0.00
backlink,1300 backlink,,0,,0.00
backlink,20 website to place backlink,,0,,0.00
backlink,200 social bookmark backlink,,0,,0.00
backlink,2000 backlink generator,,0,,0.00
backlink,29 seo report backlinks,,0,,0.00
backlink,301 302 redirect for backlink,,0,,0.00
backlink,301 backlinks,,0,,0.00
backlink,39 backlink gov edu,,0,,0.00
backlink,39 backlink gov edu fiverr,,0,,0.00
backlink,40 site backlink tot nhat,,0,,0.00
backlink,4share backlink,,0,,0.00
backlink,5 công cụ kiểm tra backlink,,0,,0.00
backlink,500 backlink 1 ngày,,0,,0.00
backlink,5000 backlinks,,0,,0.00
backlink,achat de backlinks,,0,,0.00
backlink,acheter backlinks francia,,0,,0.00
backlink,acheter des backlinks,,0,,0.00
backlink,acheter des backlinks de qualité,,0,,0.00
backlink,add backlink csv,,0,,0.00
backlink,add backlinks free,,0,,0.00
backlink,add free backlinks your website,,0,,0.00
backlink,adult backlinks list,,0,,0.00
backlink,agencia seo backlinks,,0,,0.00
backlink,agency backlinks,,0,,0.00
backlink,ahf backlink,,0,,0.00
backlink,ahreb backlink,,0,,0.00
backlink,ahreb backlink free,,0,,0.00
backlink,ahref backlink checker free,,0,,0.33
backlink,ahref không check được backlink mạng xã hội,,0,,0.00
backlink,ahrefs backlink research bot,,0,,0.00
backlink,ahrefs backlink research bot 6.1,,0,,0.00
backlink,ahrefs bulk backlink checker,,0,,0.00
backlink,ahttps rankdseo.com 2019 01 27 complete-list-of-all-backlinks,,0,,0.00
backlink,ai mua backlink cafe chưa,,0,,0.00
backlink,airtable backlink,,0,,0.00
backlink,airtable backlink field,,0,,0.00
backlink,alexa backlinks,,0,,0.00
backlink,alexa backlinks domain age yahoo indexed pages,,0,,0.00
backlink,alexa backlinks yahoo indexed pages domain age,,0,,0.00
backlink,alidropship backlinks,,0,,0.00
backlink,amazon backlinks,,0,,0.00
backlink,amslink backlink,,0,,0.00
backlink,analiisis de backlinks,,0,,0.00
backlink,analisis de backlinks,,0,,0.00
backlink,analizar backlinks,,0,,0.00
backlink,analizzare qualità backlink,,0,,0.00
backlink,analyse backlink gratuit,,0,,0.00
backlink,analyse de backlinks,,0,,0.00
backlink,analyse des backlinks,,0,,0.00
backlink,anchor backlink,,0,,0.00
backlink,anchortext backlink la gi,,0,,0.00
backlink,angela backlinks,,0,,0.00
backlink,anyone get backlink from site fiverr.com,,0,,0.00
backlink,apa itu backlink,,0,,0.00
backlink,are backlinks important,,0,,0.00
backlink,are backlinks important for seo,,0,,0.00
backlink,are fiverr seo backlinks good,,0,,0.00
backlink,are forum profile backlinks bad for seo,,0,,0.00
backlink,aso backlinks,,0,,0.00
backlink,auditoria de backlinks,,0,,0.00
backlink,auditoria de backlinks seo,,0,,0.00
backlink,auditoria do perfil de backlinks,,0,,0.00
backlink,auditoria seo de backlinks,,0,,0.00
backlink,augmenter backlinks,,0,,0.00
backlink,australian backlinks,,0,,0.00
backlink,authentication failed for backlink service,,0,,0.00
backlink,auto backlink cho youtube,,0,,0.00
backlink,auto backlink generator free,,0,,0.00
backlink,auto backlink generator online,,0,,0.00
backlink,auto backlink là gì,,0,,0.00
backlink,auto backlink online,,0,,0.00
backlink,auto backlink submitter,,0,,0.00
backlink,auto backlink tool,,0,,0.00
backlink,auto backlink tool free,,0,,0.00
backlink,auto backlink website,,0,,0.00
backlink,auto backlink youtube,,0,,0.00
backlink,auto backlink youtube 2017,,0,,0.00
backlink,auto backlinker,,0,,0.00
backlink,auto backlinks trang web,,0,,0.00
backlink,auto backlinks wordpress plugin,,0,,0.00
backlink,auto chia sẻ backlink,,0,,0.00
backlink,auto create web 2.0 backlink,,0,,0.00
backlink,auto post website 2.0 backlinks,,0,,0.00
backlink,auto seo backlinks,,0,,0.00
backlink,automotive backlinks,,0,,0.00
backlink,avoir des backlinks,,0,,0.00
backlink,b2b seo backlinks,,0,,0.00
backlink,backlink 1 từ khóa,,0,,0.00
backlink,backlink 10times.com,,0,,0.00
backlink,backlink 2 tầng,,0,,0.00
backlink,backlink 2000,,0,,0.00
backlink,backlink 301 redirect hướng dẫn,,0,,0.00
backlink,backlink 500px,,0,,0.00
backlink,backlink 500px 2019,,0,,0.00
backlink,backlink 700,,0,,0.00
backlink,backlink adsplus,,0,,0.00
backlink,backlink agency hatfield,,0,,0.00
backlink,backlink agency hertford,,0,,0.00
backlink,backlink agency hertfordshire,,0,,0.00
backlink,backlink agency stevenage,,0,,0.00
backlink,backlink agentur,,0,,0.00
backlink,backlink ahrefs backlinks,,0,,0.00
backlink,backlink alexa,,0,,0.00
backlink,backlink ams,,0,,0.00
backlink,backlink an toàn,,0,,0.00
backlink,backlink analiz,,0,,0.00
backlink,backlink analizi nasıl yapılır,,0,,0.00
backlink,backlink analysic,,0,,0.00
backlink,backlink analysis free,,0,,0.14
backlink,backlink analysis platform,,0,,0.00
backlink,backlink analysis software,,0,,0.00
backlink,backlink analysis tool free,,0,,0.00
backlink,backlink analyssi,,0,,0.00
backlink,backlink analyzer online,,0,,0.00
backlink,backlink anchor text analyzer,,0,,0.00
backlink,backlink and reffering domains,,0,,0.00
backlink,backlink angle.co,,0,,0.00
backlink,backlink anime,,0,,0.00
backlink,backlink atto,,0,,0.00
backlink,backlink audit report,,0,,0.00
backlink,backlink aufbau,,0,,0.00
backlink,backlink aufbau tipps,,0,,0.00
backlink,backlink authorsteam,,0,,0.00
backlink,backlink authorstream huogn dan,,0,,0.00
backlink,backlink backlinko,,0,,0.00
backlink,backlink baidu,,0,,0.00
backlink,backlink bat dong san,,0,,0.00
backlink,backlink beast crack,,0,,0.00
backlink,backlink beast full,,0,,0.00
backlink,backlink beast hướng dẫn,,0,,0.00
backlink,backlink beast review,,0,,0.00
backlink,backlink beast you,,0,,0.00
backlink,backlink beast youtube,,0,,0.00
backlink,backlink beastr dùng làm gì,,0,,0.00
backlink,backlink ben vung,,0,,0.00
backlink,backlink berkualitas,,0,,0.00
backlink,backlink bi historical,,0,,0.00
backlink,backlink bookmarking sites,,0,,0.00
backlink,backlink booster,,0,,0.00
backlink,backlink builder free online,,0,,0.00
backlink,backlink builder job,,0,,0.00
backlink,backlink builder online,,0,,0.00
backlink,backlink builder plugin for wordpress,,0,,0.00
backlink,backlink builder tool,,0,,0.00
backlink,backlink builders warehouse,,0,,0.00
backlink,backlink building agency hertfordshire,,0,,0.00
backlink,backlink building kennewick,,0,,0.00
backlink,backlink building neil patel,,0,,0.00
backlink,backlink building pasco,,0,,0.00
backlink,backlink building software,,0,,0.00
backlink,backlink by yourself domain help,,0,,0.00
backlink,backlink bài viết,,0,,0.00
backlink,backlink bán,,0,,0.00
backlink,backlink báo miễn phí,,0,,0.00
backlink,backlink bẩn là gì,,0,,0.00
backlink,backlink bằng bigsugar,,0,,0.00
backlink,backlink bằng bizsugar,,0,,0.00
backlink,backlink bằng pinterest,,0,,0.00
backlink,backlink bằng storify,,0,,0.00
backlink,backlink campaign,,0,,0.00
backlink,backlink campaign meaning,,0,,0.00
backlink,backlink centralland.com.vn,,0,,0.00
backlink,backlink chat luong cao 2017,,0,,0.00
backlink,backlink chat luong cao cho website,,0,,0.00
backlink,backlink chat luong cao update nhanh chong,,0,,0.00
backlink,backlink check free,,0,,0.00
backlink,backlink check software,,0,,0.00
backlink,backlink checken,,0,,0.00
backlink,backlink checker ahref free,,0,,0.00
backlink,backlink checker alexa,,0,,0.00
backlink,backlink checker com,,0,,0.00
backlink,backlink checker neil patel,,0,,0.00
backlink,backlink checker plugin,,0,,0.00
backlink,backlink checker script,,0,,0.00
backlink,backlink checker tool chrom,,0,,0.00
backlink,backlink checker tool free download,,0,,0.00
backlink,backlink checker tool online free,,0,,0.00
backlink,backlink checker watch,,0,,0.00
backlink,backlink checkerr,,0,,0.00
backlink,backlink cho seo landing pagw,,0,,0.00
backlink,backlink cho video youtube,,0,,0.00
backlink,backlink cho web 2.0,,0,,0.00
backlink,backlink cho youtube,,0,,0.00
backlink,backlink chorme,,0,,0.00
backlink,backlink chuyên nghiệp,,0,,0.00
backlink,backlink chất lượng 2018,,0,,0.00
backlink,backlink chất lượng cho nhà ngheo,,0,,0.00
backlink,backlink chất lượng miễn phí,,0,,1.00
backlink,backlink chất lượng thachpham,,0,,0.00
backlink,backlink cleanup,,0,,0.00
backlink,backlink cleanup services,,0,,0.00
backlink,backlink co quan trong,,0,,0.00
backlink,backlink co quan trong trong seo video youtube,,0,,0.00
backlink,backlink comment blog,,0,,0.00
backlink,backlink comment blogs,,0,,0.00
backlink,backlink competitor analysis,,0,,0.00
backlink,backlink cost in australia,,0,,0.00
backlink,backlink coursera.org,,0,,0.00
backlink,backlink cpi what is,,0,,0.00
backlink,backlink creator tool,,0,,0.00
backlink,backlink creator tool free,,0,,0.00
backlink,backlink cua netlink,,0,,0.00
backlink,backlink các loiạ,,0,,0.00
backlink,backlink các trang in ấn,,0,,0.00
backlink,backlink có còn tác dụng,,0,,0.00
backlink,backlink cơ bản,,0,,0.00
backlink,backlink dang credit,,0,,0.00
backlink,backlink dang image có tốt không,,0,,0.00
backlink,backlink datenbank,,0,,0.00
backlink,backlink de index,,0,,0.00
backlink,backlink dien dan chat luong,,0,,0.00
backlink,backlink dm,,0,,0.00
backlink,backlink doflow,,0,,0.00
backlink,backlink dofollow 2018,,0,,0.00
backlink,backlink dofollow adalah,,0,,0.00
backlink,backlink dofollow da 94,,0,,0.00
backlink,backlink dofollow da 94 da 72,,0,,0.00
backlink,backlink dofollow edu,,0,,0.00
backlink,backlink dofollow facebook,,0,,0.00
backlink,backlink dofollow free,,0,,0.00
backlink,backlink dofollow gratis,,0,,0.00
backlink,backlink dofollow html syntax,,0,,0.00
backlink,backlink dofollow la gi,,0,,0.00
backlink,backlink dofollow nofollow,,0,,0.00
backlink,backlink dofollow tag,,0,,0.00
backlink,backlink dofollow thachpham,,0,,0.00
backlink,backlink dofollow tumblr,,0,,0.00
backlink,backlink dofollow tumblr là gì,,0,,0.00
backlink,backlink dofollow vo han,,0,,0.00
backlink,backlink domain là gì,,0,,0.00
backlink,backlink dominator,,0,,0.00
backlink,backlink dành cho xe hơi,,0,,0.00
backlink,backlink dạng nofollow và dofollow là gì,,0,,0.00
backlink,backlink dạng tag,,0,,0.00
backlink,backlink dịch vụ vệ sinh,,0,,0.00
backlink,backlink edu blogtool,,0,,0.00
backlink,backlink edu dofollow,,0,,0.00
backlink,backlink elemzés,,0,,0.00
backlink,backlink etsy,,0,,0.00
backlink,backlink etsy 2019,,0,,0.00
backlink,backlink euprava.gov.rs,,0,,0.00
backlink,backlink exchange php,,0,,0.00
backlink,backlink explorer free,,0,,0.00
backlink,backlink facebook là gì,,0,,0.00
backlink,backlink facebook page,,0,,0.29
backlink,backlink factors,,0,,0.00
backlink,backlink fanpage facebook,,0,,0.00
backlink,backlink fashion men watch amazon reddot links backlinks,,0,,0.00
backlink,backlink filters,,0,,0.00
backlink,backlink fitbit,,0,,0.00
backlink,backlink flat,,0,,0.00
backlink,backlink flattr,,0,,0.00
backlink,backlink flipboard,,0,,0.00
backlink,backlink follow nofollow,,0,,0.00
backlink,backlink footer,,0,,0.00
backlink,backlink for website maker free,,0,,0.00
backlink,backlink for youtubr,,0,,0.00
backlink,backlink form là gì,,0,,0.00
backlink,backlink forum vfp,,0,,0.00
backlink,backlink free checker ahref,,0,,0.00
backlink,backlink free trial,,0,,0.00
backlink,backlink free youtube,,0,,0.00
backlink,backlink from my space,,0,,0.00
backlink,backlink from myspace,,0,,0.00
backlink,backlink from profile edu,,0,,0.00
backlink,backlink gap analysis,,0,,0.00
backlink,backlink generator deutsch,,0,,0.00
backlink,backlink generator net,,0,,0.00
backlink,backlink generator net index,,0,,0.00
backlink,backlink generator online,,0,,0.00
backlink,backlink generator software,,0,,0.00
backlink,backlink githu,,0,,0.00
backlink,backlink github,,0,,0.00
backlink,backlink giới thiệu công ty,,0,,0.00
backlink,backlink god,,0,,0.00
backlink,backlink goo.ne.jp,,0,,0.00
backlink,backlink google cloud,,0,,0.00
backlink,backlink google console,,0,,0.00
backlink,backlink google doc,,0,,0.00
backlink,backlink google map,,0,,0.00
backlink,backlink goole map,,0,,0.00
backlink,backlink gov free,,0,,0.00
backlink,backlink gratis,,0,,0.00
backlink,backlink gtvseo,,0,,0.00
backlink,backlink hi nh a nh,,0,,0.00
backlink,backlink high da,,0,,0.00
backlink,backlink high pr dofollow,,0,,0.00
backlink,backlink hight pa da,,0,,0.00
backlink,backlink history,,0,,0.00
backlink,backlink http pr.report,,0,,0.00
backlink,backlink https www.coursera.org,,0,,0.00
backlink,backlink https www.invert.vn du-an thuan-an-central,,0,,0.00
backlink,backlink hubpages is good,,0,,0.00
backlink,backlink idcihvuseo,,0,,0.00
backlink,backlink idichvuseo,,0,,0.00
backlink,backlink imdb,,0,,0.00
backlink,backlink in aboutme,,0,,0.00
backlink,backlink in bilibili,,0,,0.00
backlink,backlink in company.com,,0,,0.00
backlink,backlink in microsoft,,0,,0.00
backlink,backlink in post with no google indexed,,0,,0.00
backlink,backlink in uae,,0,,0.00
backlink,backlink in website company.com,,0,,0.00
backlink,backlink incognito tab,,0,,0.00
backlink,backlink index blackhatworld,,0,,0.00
backlink,backlink index fast blackhatworld,,0,,0.00
backlink,backlink index nhanh,,0,,0.00
backlink,backlink indexer how long,,0,,0.00
backlink,backlink indexer review how long,,0,,0.00
backlink,backlink indexer tool free,,0,,0.00
backlink,backlink indexing service,,0,,0.00
backlink,backlink intelligence software,,0,,0.00
backlink,backlink job,,0,,0.00
backlink,backlink job at singapore,,0,,0.00
backlink,backlink kaise banaye,,0,,0.00
backlink,backlink khi đổi tên miền,,0,,0.00
backlink,backlink khác với textlink,,0,,0.00
backlink,backlink kid,,0,,0.00
backlink,backlink kontrol,,0,,0.00
backlink,backlink kya hai,,0,,0.00
backlink,backlink laf gif,,0,,0.00
backlink,backlink ldblog.jp,,0,,0.00
backlink,backlink link pyramid,,0,,0.00
backlink,backlink link wheel,,0,,0.00
backlink,backlink list youtube,,0,,0.00
backlink,backlink live.com,,0,,0.00
backlink,backlink liên kết với google,,0,,0.00
backlink,backlink lookup,,0,,0.00
backlink,backlink là extenal link,,0,,0.00
backlink,backlink là gi,,0,,0.00
backlink,backlink là gì backlinkland.info,,0,,0.00
backlink,backlink là gì cách sử dụng,,0,,0.00
backlink,backlink là gì tại sao phải có,,0,,0.00
backlink,backlink là gì vicendo,,0,,0.00
backlink,backlink là gì wiki,,0,,0.00
backlink,backlink là gỉ,,0,,0.00
backlink,backlink là làm gì,,0,,0.00
backlink,backlink magic,,0,,0.00
backlink,backlink maker 2019,,0,,0.00
backlink,backlink maker cho website,,0,,0.00
backlink,backlink management bremen,,0,,0.00
backlink,backlink manager software,,0,,0.00
backlink,backlink manager tool,,0,,0.00
backlink,backlink mang xa hoi,,0,,0.00
backlink,backlink mang xa hoi 2019,,0,,0.00
backlink,backlink map seo,,0,,0.00
backlink,backlink marketing,,0,,0.00
backlink,backlink master,,0,,0.00
backlink,backlink may lanh trieu an,,0,,0.00
backlink,backlink miner,,0,,0.00
backlink,backlink mirror,,0,,0.00
backlink,backlink miê n phi châ t lươ ng,,0,,0.00
backlink,backlink model,,0,,0.00
backlink,backlink monitor 5,,0,,0.00
backlink,backlink monitor 5 tai,,0,,0.00
backlink,backlink monitor software,,0,,0.00
backlink,backlink mà yeu cau đủ 10 bai viêt,,0,,0.00
backlink,backlink mạng xã hội,,0,,0.00
backlink,backlink mất tiền,,0,,0.00
backlink,backlink nghĩa là gì,,0,,0.00
backlink,backlink nhiep danh phai,,0,,0.00
backlink,backlink nhiều có tốt không,,0,,0.00
backlink,backlink nhiều từ 1 trang có tốt không,,0,,0.00
backlink,backlink như thế nào,,0,,0.00
backlink,backlink nofollow chất lượng,,0,,0.00
backlink,backlink nofollow có tốt không,,0,,0.00
backlink,backlink nofollow dan dofollow,,0,,0.00
backlink,backlink nofollow và dofollow,,0,,0.00
backlink,backlink noi bo,,0,,0.00
backlink,backlink npr.org,,0,,0.00
backlink,backlink nên về trang chủ hay trang con,,0,,0.00
backlink,backlink nước ngoài,,0,,0.00
backlink,backlink nội bộ,,0,,0.00
backlink,backlink nội bộ là gì,,0,,0.00
backlink,backlink oluşturma,,0,,0.00
backlink,backlink on etsy,,0,,0.00
backlink,backlink online free,,0,,0.00
backlink,backlink openbugbounty,,0,,0.00
backlink,backlink or incoming link,,0,,0.00
backlink,backlink org,,0,,0.00
backlink,backlink pa da 60,,0,,0.00
backlink,backlink pa da cao,,0,,0.00
backlink,backlink packages,,0,,1.00
backlink,backlink page facebook la gi,,0,,0.00
backlink,backlink paket kaufen,,0,,0.00
backlink,backlink paketleri,,0,,0.00
backlink,backlink paper li,,0,,0.00
backlink,backlink pbn adalah,,0,,0.00
backlink,backlink pbn là gì,,0,,0.00
backlink,backlink pbn murah,,0,,0.00
backlink,backlink pbn supernova,,0,,0.00
backlink,backlink pdf google,,0,,0.00
backlink,backlink pen.io,,0,,0.00
backlink,backlink pinterest 2019,,0,,0.00
backlink,backlink plurk,,0,,0.00
backlink,backlink popularity,,0,,0.00
backlink,backlink power indexer tutorial,,0,,0.00
backlink,backlink power indexer tutorial huong dan,,0,,0.00
backlink,backlink pr.report,,0,,0.00
backlink,backlink pr7,,0,,0.00
backlink,backlink pr7 là gì,,0,,0.00
backlink,backlink preise,,0,,0.00
backlink,backlink prettysmarty,,0,,0.00
backlink,backlink profile 2019,,0,,0.00
backlink,backlink profile analysis,,0,,0.00
backlink,backlink profile chat luong cao,,0,,0.00
backlink,backlink profile definition,,0,,0.00
backlink,backlink profile high da pa,,0,,0.00
backlink,backlink profile list dofollow,,0,,0.00
backlink,backlink profile wordpress,,0,,0.00
backlink,backlink program,,0,,0.00
backlink,backlink providers,,0,,0.00
backlink,backlink quality checker,,0,,0.00
backlink,backlink quality web 2.0,,0,,0.00
backlink,backlink quốc tế,,0,,0.00
backlink,backlink r,,0,,0.00
backlink,backlink recdirect,,0,,0.00
backlink,backlink recdirect từ google,,0,,0.00
backlink,backlink recherche,,0,,0.00
backlink,backlink redirect còn quan trọng không,,0,,0.00
backlink,backlink redirect for seo,,0,,0.00
backlink,backlink redirect la gi,,0,,0.00
backlink,backlink redirect la gi cache,,0,,0.00
backlink,backlink redirect là gì,,0,,0.00
backlink,backlink removal company,,0,,0.00
backlink,backlink removal service,,0,,0.00
backlink,backlink request email template,,0,,0.00
backlink,backlink research free,,0,,0.00
backlink,backlink research tools,,0,,0.00
backlink,backlink risikomanagement,,0,,0.00
backlink,backlink robot,,0,,0.00
backlink,backlink roguerobin,,0,,0.00
backlink,backlink rút gọn còn quan trọng,,0,,0.00
backlink,backlink satis php,,0,,0.00
backlink,backlink scoop.ỉ,,0,,0.00
backlink,backlink scraper,,0,,0.00
backlink,backlink search free,,0,,0.00
backlink,backlink seo anchor text,,0,,0.00
backlink,backlink seo from porn,,0,,0.00
backlink,backlink seo from porn web,,0,,0.00
backlink,backlink seo miễn phí,,0,,0.00
backlink,backlink seo website,,0,,0.00
backlink,backlink services hertford,,0,,0.00
backlink,backlink services hertfordshire,,0,,0.00
backlink,backlink sex,,0,,0.00
backlink,backlink show in google console not ahref,,0,,0.00
backlink,backlink significato,,0,,0.00
backlink,backlink similarweb,,0,,0.00
backlink,backlink site explorer,,0,,0.00
backlink,backlink site http centralland.com.vn,,0,,0.00
backlink,backlink site https sonzim.com,,0,,0.00
backlink,backlink site squaland,,0,,0.00
backlink,backlink site squaland.com,,0,,0.00
backlink,backlink site vệ tinh nên để baner hay bài viết,,0,,0.00
backlink,backlink site www.invert.vn du-an thuan-an-central,,0,,0.00
backlink,backlink skyrocket,,0,,0.00
backlink,backlink social 2.0,,0,,0.00
backlink,backlink social là gì,,0,,0.00
backlink,backlink software 2015,,0,,0.00
backlink,backlink software reviews,,0,,0.00
backlink,backlink sorgulama,,0,,0.00
backlink,backlink speed,,0,,0.00
backlink,backlink speed 2.4,,0,,0.00
backlink,backlink speed 2019,,0,,0.00
backlink,backlink speed crack,,0,,0.00
backlink,backlink spinne,,0,,0.00
backlink,backlink static php,,0,,0.00
backlink,backlink statis php,,0,,0.00
backlink,backlink strategie,,0,,0.00
backlink,backlink strategists,,0,,0.00
backlink,backlink strategy 2019,,0,,0.00
backlink,backlink strategy 2020,,0,,0.00
backlink,backlink strategy consulting,,0,,0.00
backlink,backlink strategy for seo,,0,,0.00
backlink,backlink strategy that works,,0,,0.00
backlink,backlink strava,,0,,0.00
backlink,backlink submission websites,,0,,0.00
backlink,backlink submit là gì,,0,,0.00
backlink,backlink system,,0,,0.29
backlink,backlink system php,,0,,0.00
backlink,backlink tay chat luong,,0,,0.00
backlink,backlink test tool,,0,,0.00
backlink,backlink thachpham,,0,,0.00
backlink,backlink theo chủ đề,,0,,0.00
backlink,backlink tips and tricks,,0,,0.00
backlink,backlink tjekker,,0,,0.00
backlink,backlink tjekker værktøj,,0,,0.00
backlink,backlink tjekker værktøj vigtig,,0,,0.00
backlink,backlink to home page or category page seo ecommerce,,0,,0.00
backlink,backlink tool link checker,,0,,0.00
backlink,backlink top,,0,,0.00
backlink,backlink topia,,0,,0.00
backlink,backlink toàn phần là gì,,0,,0.00
backlink,backlink tracking tool,,0,,0.00
backlink,backlink trackor,,0,,0.00
backlink,backlink traf ftda,,0,,0.00
backlink,backlink traf tf da,,0,,0.00
backlink,backlink trang,,0,,0.00
backlink,backlink trang web về công nghệ,,0,,0.00
backlink,backlink tren plurk,,0,,0.00
backlink,backlink tren trang google,,0,,0.00
backlink,backlink tren wipidia,,0,,0.00
backlink,backlink trend 2018,,0,,0.00
backlink,backlink trong mô tả,,0,,0.00
backlink,backlink trong niche site la gi,,0,,0.00
backlink,backlink trong seo ứng dụng google,,0,,0.00
backlink,backlink trong từ khóa là gì,,0,,0.00
backlink,backlink trên facebook,,0,,0.00
backlink,backlink trên facebook update 2019,,0,,0.00
backlink,backlink trên fanpage,,0,,0.00
backlink,backlink trên onenote,,0,,0.00
backlink,backlink trên openbugbounty,,0,,0.00
backlink,backlink trên tumblr,,0,,0.00
backlink,backlink trên twitter,,0,,0.00
backlink,backlink trên twitter thachpham,,0,,0.00
backlink,backlink trỏ về fanpage facebook,,0,,0.00
backlink,backlink tu bibsonomy,,0,,0.00
backlink,backlink tu dien dan bnag cach comment,,0,,0.00
backlink,backlink tu dong,,0,,0.00
backlink,backlink tumblr 2019,,0,,0.00
backlink,backlink twitch tv,,0,,0.00
backlink,backlink twitch tv 2019,,0,,0.00
backlink,backlink twitchtv,,0,,0.00
backlink,backlink twitchtv 2019,,0,,0.00
backlink,backlink twitter 2019,,0,,0.00
backlink,backlink twitter mo ta ca nhan,,0,,0.00
backlink,backlink typer,,0,,0.00
backlink,backlink tại http www.bookcrossing.com,,0,,0.00
backlink,backlink tốt,,0,,0.00
backlink,backlink từ báo tuổi trẻ,,0,,0.00
backlink,backlink từ cốc cốc,,0,,0.00
backlink,backlink từ diythemes,,0,,0.00
backlink,backlink từ fickr,,0,,0.00
backlink,backlink từ form,,0,,0.00
backlink,backlink từ geocities.jp,,0,,0.00
backlink,backlink từ goo.ne.jp,,0,,0.00
backlink,backlink từ http diythemes.com,,0,,0.00
backlink,backlink từ hồ sơ mạng xã hội,,0,,0.00
backlink,backlink từ lazada,,0,,0.00
backlink,backlink từ mạng xã hội là no follow,,0,,0.00
backlink,backlink từ pinterst chuyển sang no follow,,0,,0.00
backlink,backlink từ reddi,,0,,0.00
backlink,backlink từ reddit,,0,,0.00
backlink,backlink từ reference.com,,0,,0.00
backlink,backlink từ wiki,,0,,0.00
backlink,backlink từ youtube là follow hay nofollow,,0,,0.00
backlink,backlink từ youtube về website có tính,,0,,0.00
backlink,backlink từ đâu nguy hiểm nhất,,0,,0.00
backlink,backlink tự dộng,,0,,0.00
backlink,backlink untuk seo,,0,,0.00
backlink,backlink upload file,,0,,0.00
backlink,backlink upwork guide,,0,,0.00
backlink,backlink upworl,,0,,0.00
backlink,backlink url list txt,,0,,0.00
backlink,backlink url url,,0,,0.00
backlink,backlink us cho youtube,,0,,0.00
backlink,backlink usa cho youtube,,0,,0.00
backlink,backlink ve cham,,0,,0.00
backlink,backlink veren türk siteler,,0,,0.00
backlink,backlink vicendo,,0,,0.00
backlink,backlink video for kids,,0,,0.00
backlink,backlink video youtube tác dung j,,0,,0.00
backlink,backlink vietnam,,0,,0.00
backlink,backlink vo han,,0,,0.00
backlink,backlink von amazon,,0,,0.00
backlink,backlink vs,,0,,0.00
backlink,backlink và affiliate,,0,,0.00
backlink,backlink và affiliate phân biệt,,0,,0.00
backlink,backlink và pbn,,0,,0.00
backlink,backlink về ngành travel,,0,,0.00
backlink,backlink về trang con,,0,,0.00
backlink,backlink với dmca,,0,,0.00
backlink,backlink với reference.com,,0,,0.00
backlink,backlink watch free,,0,,0.00
backlink,backlink watch tool,,0,,0.00
backlink,backlink watpat,,0,,0.00
backlink,backlink web free,,0,,0.00
backlink,backlink web mirror,,0,,0.00
backlink,backlink web sex,,0,,0.00
backlink,backlink web đen,,0,,0.00
backlink,backlink web5ngay,,0,,0.00
backlink,backlink webio,,0,,0.00
backlink,backlink website list can post,,0,,0.00
backlink,backlink website là gì,,0,,0.00
backlink,backlink what,,0,,0.00
backlink,backlink white hat là gì,,0,,0.00
backlink,backlink whitehat là gì,,0,,0.00
backlink,backlink without comments really work for seo,,0,,0.00
backlink,backlink wordpress.com,,0,,0.00
backlink,backlink www.invert.vn du-an thuan-an-central,,0,,0.00
backlink,backlink xau,,0,,0.00
backlink,backlink xe,,0,,0.00
backlink,backlink xing,,0,,0.00
backlink,backlink xing.cm,,0,,0.00
backlink,backlink xing.com,,0,,0.00
backlink,backlink xwatch,,0,,0.00
backlink,backlink xwatch giá,,0,,0.00
backlink,backlink xấu,,0,,0.00
backlink,backlink yan.vn,,0,,0.00
backlink,backlink your site,,0,,0.00
backlink,backlink youtube g+,,0,,0.00
backlink,backlink youtube hiệu quả,,0,,0.00
backlink,backlink youtube la gi,,0,,0.00
backlink,backlink youtube quan trong nhu the nao,,0,,0.00
backlink,backlink youtube trên xem.vn,,0,,0.00
backlink,backlink youtube tốt nhất,,0,,0.00
backlink,backlink çalışması,,0,,0.00
backlink,backlink übersicht mitbewerber,,0,,0.00
backlink,backlink đã chết,,0,,0.00
backlink,backlink đặt hiệu quả và an toang,,0,,0.00
backlink,backlink đặt hiệu quả và an toàn,,0,,0.00
backlink,backlink đặt thế nào hiệu quả,,0,,0.00
backlink,backlink đến cùng 1 địa chỉ ip,,0,,0.00
backlink,backlink để làm gì,,0,,0.00
backlink,backlink đối thủ,,0,,0.00
backlink,backlink đỗ về bị mất nhiều,,0,,0.00
backlink,backlink độc hại,,0,,0.00
backlink,backlink ค อ,,0,,0.00
backlink,backlink คุณภาพ,,0,,0.00
backlink,backlink ฟรี,,0,,0.00
backlink,backlink ẩn là gì,,0,,0.00
backlink,backlink ở dmca,,0,,0.00
backlink,backlink ở web đen,,0,,0.00
backlink,backlink ở wiki,,0,,0.00
backlink,backlink.audit.pro.59 gmail.com,,0,,0.00
backlink,backlink.comvn,,0,,0.00
backlink,backlink.oi,,0,,0.00
backlink,backlinking audit,,0,,0.00
backlink,backlinko.com build-awesome-backlinks,,0,,0.00
backlink,backlinko.com build-awesome-backlinks site backlinko.com,,0,,0.00
backlink,backlinks 2017,,0,,0.00
backlink,backlinks 2018,,0,,0.00
backlink,backlinks 2020,,0,,0.00
backlink,backlinks a mi web,,0,,0.00
backlink,backlinks ahrefs là gì,,0,,0.00
backlink,backlinks analysieren,,0,,0.00
backlink,backlinks angela,,0,,0.00
backlink,backlinks aufbau,,0,,0.00
backlink,backlinks aufbauen,,0,,0.00
backlink,backlinks aufbauen 2015,,0,,0.00
backlink,backlinks aufbauen 2018,,0,,0.00
backlink,backlinks aufbauen tipps,,0,,0.00
backlink,backlinks bao nhiều là tốt,,0,,0.00
backlink,backlinks bekommen,,0,,0.00
backlink,backlinks betekenis,,0,,0.00
backlink,backlinks blog links sicher kaufe,,0,,0.00
backlink,backlinks checken mit google,,0,,0.00
backlink,backlinks checker tool backlink watch,,0,,0.00
backlink,backlinks como conseguir,,0,,0.00
backlink,backlinks controleren,,0,,0.00
backlink,backlinks các site trường đại học thế giới,,0,,0.00
backlink,backlinks de autoridade,,0,,0.00
backlink,backlinks de calidad,,0,,0.00
backlink,backlinks de calidad 2018,,0,,0.00
backlink,backlinks de qualidade,,0,,0.00
backlink,backlinks de una web,,0,,0.00
backlink,backlinks der konkurrenz,,0,,0.00
backlink,backlinks deutsch,,0,,0.00
backlink,backlinks disavow,,0,,0.00
backlink,backlinks dofollow là gì,,0,,0.00
backlink,backlinks dofollow real estate,,0,,0.00
backlink,backlinks dubai,,0,,0.00
backlink,backlinks erstellen,,0,,0.00
backlink,backlinks erstellen kostenlos,,0,,0.00
backlink,backlinks finden,,0,,0.00
backlink,backlinks for branding,,0,,0.00
backlink,backlinks for dummies,,0,,0.00
backlink,backlinks for ecommerce sites,,0,,0.00
backlink,backlinks for moving company,,0,,0.00
backlink,backlinks for photographers,,0,,0.00
backlink,backlinks fuer oesterreich kaufen,,0,,0.00
backlink,backlinks für agenturen,,0,,0.00
backlink,backlinks generieren,,0,,0.00
backlink,backlinks genie,,0,,0.00
backlink,backlinks get,,0,,0.00
backlink,backlinks gratis,,0,,0.00
backlink,backlinks how to get,,0,,0.00
backlink,backlinks in google,,0,,0.00
backlink,backlinks in iran,,0,,0.00
backlink,backlinks indexer review,,0,,0.00
backlink,backlinks indexer software,,0,,0.00
backlink,backlinks kaufen,,0,,0.00
backlink,backlinks kaufen flat de,,0,,0.00
backlink,backlinks kaufen preise,,0,,0.00
backlink,backlinks kopen,,0,,0.00
backlink,backlinks kopen nederland,,0,,0.00
backlink,backlinks kostenlos,,0,,0.00
backlink,backlinks kostenlos generieren,,0,,0.00
backlink,backlinks krijgen,,0,,0.00
backlink,backlinks lession,,0,,0.00
backlink,backlinks lesson,,0,,0.00
backlink,backlinks list 2019,,0,,0.00
backlink,backlinks magia,,0,,0.00
backlink,backlinks magia 2.0,,0,,0.00
backlink,backlinks maken,,0,,0.00
backlink,backlinks mercado livre,,0,,0.00
backlink,backlinks nederland,,0,,0.00
backlink,backlinks neil patel,,0,,0.00
backlink,backlinks như thế nào,,0,,0.00
backlink,backlinks o que é,,0,,0.00
backlink,backlinks on site,,0,,0.00
backlink,backlinks on subdomain affect on main site,,0,,0.00
backlink,backlinks pagos,,0,,0.00
backlink,backlinks pakete kaufen,,0,,0.00
backlink,backlinks plaatsen,,0,,0.00
backlink,backlinks que son,,0,,0.00
backlink,backlinks rapidez,,0,,0.00
backlink,backlinks rocket review,,0,,0.00
backlink,backlinks rocks,,0,,0.00
backlink,backlinks schaffen,,0,,0.00
backlink,backlinks schweiz,,0,,0.00
backlink,backlinks score,,0,,0.00
backlink,backlinks score là gì,,0,,0.00
backlink,backlinks seo 2017,,0,,0.00
backlink,backlinks seo 2019,,0,,0.00
backlink,backlinks seo definition,,0,,0.00
backlink,backlinks seo giá rẻ ở đâu uy tín nhất,,0,,0.00
backlink,backlinks seo tutorial,,0,,0.00
backlink,backlinks setzen,,0,,0.00
backlink,backlinks singapore,,0,,0.00
backlink,backlinks suchen,,0,,0.00
backlink,backlinks sạch,,0,,0.00
backlink,backlinks tjekker,,0,,0.00
backlink,backlinks to build for branding,,0,,0.00
backlink,backlinks to your website,,0,,0.00
backlink,backlinks useless,,0,,0.00
backlink,backlinks vergleichen,,0,,0.00
backlink,backlinks vigtig i seo,,0,,0.00
backlink,backlinks website reddit,,0,,0.00
backlink,backlinks website trên reddit,,0,,0.00
backlink,backlinks with seo,,0,,0.00
backlink,backlinks www.invert.vn,,0,,0.00
backlink,backlinks.txt,,0,,0.00
backlink,bad backlink removal service,,0,,0.00
backlink,bad backlinks tools,,0,,0.00
backlink,bahttp backlinks.vnwebmaster.com,,0,,0.00
backlink,ban backlink chat luong,,0,,0.00
backlink,ban backlink tu dong,,0,,0.00
backlink,bao cáo backlink,,0,,0.00
backlink,bao gia backlink tay,,0,,0.00
backlink,bao lau ahrefs cap nhat backlinks,,0,,0.00
backlink,bao lâu backlink dẫn về web,,0,,0.00
backlink,bao lâu thì nên đi backlink,,0,,0.00
backlink,bao nhieu backlink thi du,,0,,0.00
backlink,bao nhiêu liên kết backlink 1 site là chuẩn seo,,0,,0.00
backlink,bao nhiêu lâu thì backlink về,,0,,0.00
backlink,baán backlink bentre.edu.vn,,0,,0.00
backlink,baán backlink http bentre.edu.vn,,0,,0.00
backlink,beli backlink pbn,,0,,0.00
backlink,best backlink analysis tool,,0,,0.00
backlink,best backlink and organic keyword check,,0,,0.00
backlink,best backlink builder,,0,,0.00
backlink,best backlink building service,,0,,0.00
backlink,best backlink building software,,0,,0.00
backlink,best backlink checker tool,,0,,0.00
backlink,best backlink checker tool free,,0,,0.00
backlink,best backlink for ecom store,,0,,0.00
backlink,best backlink for youtube video,,0,,0.00
backlink,best backlink generator site,,0,,0.00
backlink,best backlink index,,0,,0.00
backlink,best backlink index tool,,0,,0.00
backlink,best backlink indexer 2019,,0,,0.00
backlink,best backlink indexer software,,0,,0.00
backlink,best backlink service,,0,,0.00
backlink,best backlink software 2016,,0,,0.00
backlink,best backlink strategy,,0,,0.00
backlink,best backlink tool,,0,,0.00
backlink,best backlink tool free,,0,,0.00
backlink,best backlinks,,0,,0.00
backlink,best backlinks 2018,,0,,0.00
backlink,best backlinks 2019,,0,,0.00
backlink,best backlinks for your website,,0,,0.00
backlink,best backlinks to build,,0,,0.00
backlink,best free backlink checker,,0,,0.00
backlink,best free backlink checker tool,,0,,0.00
backlink,best free backlink comment,,0,,0.00
backlink,best free backlinks,,0,,0.00
backlink,best free backlinks 2018,,0,,0.00
backlink,best free backlinks comment,,0,,0.00
backlink,best inbound backlink checker,,0,,0.00
backlink,best index backlink service,,0,,0.00
backlink,best places to build backlinks for national seo,,0,,0.00
backlink,best seo backlink service,,0,,0.00
backlink,best seo backlink software,,0,,0.00
backlink,best seo backlink strategy for cosmetic blog,,0,,0.00
backlink,best seo backlink strategy for cosmetics blog,,0,,0.00
backlink,best seo software for backlinks,,0,,0.00
backlink,best web 2.0 for backlinks,,0,,0.00
backlink,best youtube backlinks,,0,,0.00
backlink,bing backlink checker,,0,,0.00
backlink,biểu tượng cái khóa ở backlink ahref,,0,,0.00
backlink,biị mất backlink,,0,,0.00
backlink,biị mất backlink trong master tool,,0,,0.00
backlink,blackhatworld what type backlinks are best,,0,,0.00
backlink,blackwatch backlink,,0,,0.00
backlink,block youtube link backlink,,0,,0.00
backlink,blocs de classe c backlinks,,0,,0.00
backlink,bluechip backlinks,,0,,0.00
backlink,bookmark backlink,,0,,0.00
backlink,boot backlink,,0,,0.00
backlink,bot click backlink,,0,,0.00
backlink,botw backlink,,0,,0.00
backlink,break captcha for backlink,,0,,0.00
backlink,build backlink bă ng press release,,0,,0.00
backlink,build backlink for category page or homepage,,0,,0.00
backlink,build backlink to homepage or category page,,0,,0.00
backlink,build backlink to homepage or product category page,,0,,0.00
backlink,build backlink tool,,0,,0.00
backlink,build backlink tool money,,0,,0.00
backlink,build backlinks automatically,,0,,0.00
backlink,build backlinks fast,,0,,0.00
backlink,build backlinks to your site,,0,,0.00
backlink,build easy backlink for your ecom store,,0,,0.00
backlink,build high quality backlinks,,0,,0.00
backlink,building backlinks youtube tool,,0,,0.00
backlink,building backlinks youtube tools,,0,,0.00
backlink,building quality backlinks,,0,,0.00
backlink,building youtube backlinks tool,,0,,0.00
backlink,bulk backlink checker,,0,,0.00
backlink,bulk backlink checker free,,0,,0.14
backlink,bulk backlink checker majestic,,0,,0.00
backlink,bulk backlink checker tool,,0,,0.00
backlink,bulk check backlinks,,0,,0.00
backlink,bulk domain backlink checker,,0,,0.00
backlink,buscar backlinks,,0,,0.00
backlink,buy backlink pbn,,0,,0.00
backlink,buy backlinks australia,,0,,0.00
backlink,buy backlinks fiverr,,0,,0.00
backlink,buy backlinks for my website,,0,,0.00
backlink,buy backlinks for website,,0,,0.00
backlink,buy backlinks uk,,0,,0.00
backlink,buy backlinks usa,,0,,0.00
backlink,buy blog backlink,,0,,0.00
backlink,buy blog backlinks,,0,,0.00
backlink,buy do follow backlinks,,0,,0.00
backlink,buy domains with backlinks,,0,,0.00
backlink,buy edu backlinks,,0,,0.00
backlink,buy expired domains for backlinks,,0,,0.00
backlink,buy expired domains with backlinks,,0,,0.00
backlink,buy expired domains with great backlinks,,0,,0.00
backlink,buy exploit backlinks,,0,,0.00
backlink,buy forum backlinks,,0,,0.00
backlink,buy forum profiles backlinks,,0,,0.00
backlink,buy gov backlinks,,0,,0.00
backlink,buy high authority backlinks,,0,,0.00
backlink,buy high da backlinks,,0,,0.00
backlink,buy high pr backlinks,,0,,0.00
backlink,buy high pr dofollow backlinks,,0,,0.00
backlink,buy homepage backlinks,,0,,0.00
backlink,buy mix platforms backlinks,,0,,0.00
backlink,buy niche backlinks,,0,,0.00
backlink,buy permanent backlinks,,0,,0.00
backlink,buy pr9 backlinks,,0,,0.00
backlink,buy quality backlinks cheap,,0,,0.00
backlink,buy quality backlinks india,,0,,0.00
backlink,buy quality backlinks uk,,0,,0.00
backlink,buy senuke backlinks,,0,,0.00
backlink,buy web 2.0 backlinks,,0,,0.00
backlink,buy wiki backlinks,,0,,0.00
backlink,buy wikipedia backlinks,,0,,0.00
backlink,buy wikipedia backlinks seo,,0,,0.00
backlink,buying backlinks google,,0,,0.00
backlink,bán 10000 backlink,,0,,0.00
backlink,bán backlink bentre.edu.vn,,0,,0.00
backlink,bán backlink báo chí,,0,,0.00
backlink,bán backlink cho web nội thất,,0,,0.00
backlink,bán backlink cho website kinh doanh nội thất,,0,,0.00
backlink,bán backlink chất lượng,,0,,1.00
backlink,bán backlink giá rẻ,,0,,0.00
backlink,bán backlink hepc.edu.vn,,0,,0.00
backlink,bán backlink liên quan,,0,,0.00
backlink,bán backlink mạng xã hội,,0,,0.00
backlink,bán backlink nội thất,,0,,0.00
backlink,bán backlink pr cao,,0,,0.00
backlink,bán backlink raovat9s.com,,0,,0.00
backlink,bán backlink trang tiếng anh,,0,,0.00
backlink,bán backlink uy tín,,0,,0.00
backlink,bơm backlink,,0,,0.00
backlink,bạn backlink,,0,,0.00
backlink,bảng giá đăng lên báo điện tử lấy backlink,,0,,0.00
backlink,bị backlink pw,,0,,0.00
backlink,bị chơi xấu các tên miền rác trỏ backlink về,,0,,0.00
backlink,bị mất backlink,,0,,0.00
backlink,bị mất backlink trong mastertool,,0,,0.00
backlink,bị đối thủ đặt backlink xấu,,0,,0.00
backlink,bỏ backlink nofolow,,0,,0.00
backlink,bỏ backlink trả về trang web,,0,,0.00
backlink,c blocks backlinks,,0,,0.00
backlink,ca c thu thuâ t mu đen đê backlink,,0,,0.00
backlink,ca c web backlink an toa n,,0,,0.00
backlink,cac dien dan backlink da,,0,,0.00
backlink,cac mo hinhf hệ thông backlink,,0,,0.00
backlink,cac trang backlink chat luong,,0,,0.00
backlink,cac trang lay backlink,,0,,0.00
backlink,cac trang web backlink fanpage facebook,,0,,0.00
backlink,cac trang web mua content va backlink,,0,,0.00
backlink,cach backlink buffer,,0,,0.00
backlink,cach biet backlink cua 1 keyword,,0,,0.00
backlink,cach chay backlink,,0,,0.00
backlink,cach chen backlink trỏ về google map,,0,,0.00
backlink,cach dat backlink chat luong len hubpages,,0,,0.00
backlink,cach dat backlink chat luong len reddit,,0,,0.00
backlink,cach dat backlink chat luong len tumblr,,0,,0.00
backlink,cach dat backlink chat luong len vk.com,,0,,0.00
backlink,cach dat backlink chat tren to,,0,,0.00
backlink,cach dat backlink ti wiki,,0,,0.00
backlink,cach dat backlink trong profile,,0,,0.00
backlink,cach dat spam backlink,,0,,0.00
backlink,cach di backlink,,0,,0.00
backlink,cach di backlink cho video youtube,,0,,0.00
backlink,cach dung list backlink,,0,,0.00
backlink,cach go backlink,,0,,0.00
backlink,cach index backlink bang bookmark,,0,,0.00
backlink,cach index backlink tay bang trang web íntantbacklink,,0,,0.00
backlink,cach index backlink youtube,,0,,0.00
backlink,cach khai bao date way backlink cho trang website,,0,,0.00
backlink,cach kiem tra backlink 1 web,,0,,0.00
backlink,cach kiem tra backlink trỏ về web,,0,,0.00
backlink,cach kiem tra backlink video youtube,,0,,0.00
backlink,cach kiem tra chat luong backlink,,0,,0.00
backlink,cach lay backlink profile,,0,,0.00
backlink,cach lay backlink tu linkhay,,0,,0.00
backlink,cach lay backlink tu pint,,0,,0.00
backlink,cach lay backlink tu pinte,,0,,0.00
backlink,cach lay backlink tu prin,,0,,0.00
backlink,cach lay backlink tu print,,0,,0.00
backlink,cach lay backlink tư microsoft,,0,,0.00
backlink,cach ping backlink,,0,,0.00
backlink,cach seo backlink de xuat youtube,,0,,0.00
backlink,cach submit backlink video youtube,,0,,0.00
backlink,cach thuc di backlink,,0,,0.00
backlink,cach tìm danh sach các blog cho phep dăt backlink,,0,,0.00
backlink,cach xay dung pbn backlink,,0,,0.00
backlink,cach xoa backlink xau vicent do,,0,,0.00
backlink,cach đi backlink cho youtube,,0,,0.00
backlink,cach đi backlink hiệu quả,,0,,0.00
backlink,cache http www.backlink-tool.org en anchor-text-checker,,0,,0.00
backlink,cacs trang backlink uy tín,,0,,0.00
backlink,calculer backlink,,0,,0.00
backlink,campagne backlink,,0,,0.00
backlink,can ban di backlink,,0,,0.00
backlink,can i blast spam backlink to my competitor,,0,,0.00
backlink,can i build backlink fast,,0,,0.00
backlink,can i build backlink for my amazon listing,,0,,0.00
backlink,can not backlink with 301,,0,,0.00
backlink,can people install backlink in wordpress plugin,,0,,0.00
backlink,cara cek backlink website,,0,,0.00
backlink,cara mendapatkan backlink edu dan gov,,0,,0.00
backlink,cat blog dofollow backlink,,0,,0.00
backlink,caác cách đặt backlink,,0,,0.00
backlink,caác diễn đàn cho backlink,,0,,0.00
backlink,caác loại backlink,,0,,0.00
backlink,caác trang backlink chất lượng,,0,,0.00
backlink,caác trang backlink việt nam,,0,,0.00
backlink,caác trang mạng xã hội nước ngoài đặt backlink,,0,,0.00
backlink,caác trang đi backlink cho chủ đề kids,,0,,0.00
backlink,caách lay backlink user viewpublicprofile,,0,,0.00
backlink,caách lấy backlink amazon,,0,,0.00
backlink,caách lấy backlink âmzon,,0,,0.00
backlink,caách tăng chỉ số backlink,,0,,0.00
backlink,caách tạo backlink,,0,,0.00
backlink,caách xây dựng backlink chất lượng,,0,,0.00
backlink,ccông cụ đo traffic và backlink,,0,,0.00
backlink,cek backlink domain,,0,,0.00
backlink,cek backlink gratis,,0,,0.00
backlink,cek backlink website,,0,,0.00
backlink,chamber of commerce backlink blackhatworld,,0,,0.00
backlink,chan malware backlink wordpress,,0,,0.00
backlink,chan trang web co backlink xấu,,0,,0.00
backlink,change backlink behance,,0,,0.00
backlink,chay backlink tool auto,,0,,0.00
backlink,chaất lượng backlink,,0,,0.00
backlink,che n backlinks cho heading đươ c ko,,0,,0.00
backlink,cheap backlink service,,0,,0.00
backlink,cheap seo backlinks,,0,,0.00
backlink,cheapest backlinks finders,,0,,0.00
backlink,checar backlinks,,0,,0.00
backlink,checck backlink,,0,,0.00
backlink,check backlink bài viết tool,,0,,0.00
backlink,check backlink cho website,,0,,0.00
backlink,check backlink from web,,0,,0.00
backlink,check backlink lavan,,0,,0.00
backlink,check backlink of my website,,0,,0.00
backlink,check backlink of site,,0,,0.00
backlink,check backlink patterntour.net,,0,,0.00
backlink,check backlink seo suite,,0,,0.00
backlink,check backlink trên công cụ google,,0,,0.00
backlink,check backlink url,,0,,0.00
backlink,check backlink watch,,0,,0.00
backlink,check backlink youtube,,0,,0.00
backlink,check backlinks bằng google,,0,,0.00
backlink,check backlinks expired domains,,0,,0.00
backlink,check backlinks of my website,,0,,0.00
backlink,check backlinks online free,,0,,0.00
backlink,check backlinks squaland,,0,,0.00
backlink,check backlinks to my site,,0,,0.00
backlink,check backlinks to your site,,0,,0.00
backlink,check backlinks website online,,0,,0.00
backlink,check bulk backlink,,0,,0.00
backlink,check dofollow backlink free,,0,,0.00
backlink,check domain backlink quality,,0,,0.00
backlink,check external backlink,,0,,0.00
backlink,check for backlinks free,,0,,0.00
backlink,check hộ backlink với ahref,,0,,0.00
backlink,check link backlink domain on page,,0,,0.00
backlink,check my backlinks free,,0,,0.00
backlink,check my domain backlink,,0,,0.00
backlink,check my website backlinks,,0,,0.00
backlink,check number of backlinks,,0,,0.00
backlink,check site backlinks free,,0,,0.00
backlink,check toàn bộ backlink,,0,,0.00
backlink,check tư khoa trang backlink.io khong can tai khoan,,0,,0.00
backlink,check website backlinks google,,0,,0.00
backlink,check website rank backlink,,0,,0.00
backlink,check website s backlinks,,0,,0.00
backlink,check your backlinks,,0,,0.00
backlink,check your website backlinks,,0,,0.00
backlink,checker ahrefs backlink free,,0,,0.00
backlink,cheèn backlink lên syracuse.edu,,0,,0.00
backlink,chia seẻ forum đi backlink,,0,,0.00
backlink,chia sẻ bài viết để tạo backlink,,0,,0.00
backlink,chia sẻ các bài viết để tạo backlink,,0,,0.00
backlink,chia sẻ diễn đàn backlink,,0,,0.00
backlink,chia sẻ diễn đàn đi backlink,,0,,0.00
backlink,chia sẽ backlink dofollow,,0,,0.00
backlink,chien thuat di backlink hieu qua,,0,,0.00
backlink,chiê n lươ c đi backlink hiê u qua,,0,,0.00
backlink,chiến lược tăng backlink hiệu quả,,0,,0.00
backlink,chiến lược xây dựng backlink,,0,,0.00
backlink,chiến thuật backlink link pyramid,,0,,0.00
backlink,chiỉ số đánh giá diễn đàn backlink chất lượng,,0,,0.00
backlink,chuyên gia backlink,,0,,0.00
backlink,chuyển về http mất backlink,,0,,0.00
backlink,chuẩn hóa backlinks,,0,,0.00
backlink,chèn backlink là gì,,0,,0.00
backlink,chèn backlink lên new york times,,0,,0.00
backlink,chèn backlink vào theme,,0,,0.00
backlink,chèn backlink vào theme wordpress,,0,,0.00
backlink,chèn backlink vào website,,0,,0.00
backlink,chèn backlink vào website tu dong,,0,,0.00
backlink,chèn bao nhiêu backlink trong profile behance,,0,,0.00
backlink,chèn được bao nhiêu backlink trong profile behance,,0,,0.00
backlink,chú ý ẩn ip tạo backlink,,0,,0.00
backlink,chạy backlink hiệu quả,,0,,0.00
backlink,chạy backlink theo hrefs,,0,,0.00
backlink,chạy quảng cáo backlinks,,0,,0.00
backlink,chất lượng backlink,,0,,0.00
backlink,chặn ahrefs backlink,,0,,0.00
backlink,chặn backlink xấu,,0,,0.00
backlink,chặn bot thu thập backlink,,0,,0.00
backlink,chặn trang web có backlink xáu,,0,,0.00
backlink,chỉ số backlink là gì,,0,,0.00
backlink,chỉ số semrush subdomain backlinks,,0,,0.00
backlink,chợ backlink,,0,,0.00
backlink,cjeck websites backlinks,,0,,0.00
backlink,click backlink,,0,,0.00
backlink,clickon backlink,,0,,0.00
backlink,co nen chi di backlink dofollow,,0,,0.00
backlink,co nen dat het backlink ve trang chu,,0,,0.00
backlink,co nen di backlink cac trnag rao vat,,0,,0.00
backlink,co nen di backlink cho tran chua co noi dung,,0,,0.00
backlink,co nen lay backlink tu blogspot,,0,,0.00
backlink,co nen mua ten mien co nhieu backlink,,0,,0.00
backlink,co nen su dung dịch vụ bán backlink hay không,,0,,0.00
backlink,co nen xay dung backlink,,0,,0.00
backlink,code auto backlink content php,,0,,0.00
backlink,code auto backlink php,,0,,0.00
backlink,code auto insert backlink content php,,0,,0.00
backlink,code buy gsa backlink,,0,,0.00
backlink,code buy gsa backlink 2019,,0,,0.00
backlink,code chèn backlink,,0,,0.00
backlink,code tự đong trền backlink vao nội dung,,0,,0.00
backlink,code tự đong trền backlink vao nội dung php,,0,,0.00
backlink,code đặt backlink,,0,,0.00
backlink,comment backlinks,,0,,0.00
backlink,comment créer des backlinks,,0,,0.00
backlink,comment obtenir des backlinks,,0,,0.00
backlink,como conseguir backlink en sitios de turismo,,0,,0.00
backlink,como conseguir backlinks,,0,,0.00
backlink,como conseguir backlinks de qualidade,,0,,0.00
backlink,como conseguir backlinks de qualidade gratis,,0,,0.00
backlink,como conseguir backlinks gratis,,0,,0.00
backlink,como fazer backlinks,,0,,0.00
backlink,como hacer una auditoria seo de backlinks,,0,,0.00
backlink,como saber cuantos backlinks tiene mi web,,0,,0.00
backlink,como saber los backlinks de una web,,0,,0.00
backlink,como ver los backlinks de una web,,0,,0.00
backlink,compare backlinks,,0,,0.00
backlink,competitor backlink checker tool,,0,,0.00
backlink,competitor backlink research,,0,,0.00
backlink,competitor backlink tool,,0,,0.00
backlink,comprar backlink,,0,,0.00
backlink,comprar backlink calidad,,0,,0.00
backlink,comprar backlinks,,0,,0.00
backlink,comprar backlinks baratos,,0,,0.00
backlink,comprar backlinks brasil,,0,,0.00
backlink,comprar backlinks calidad,,0,,0.00
backlink,comprar backlinks de calidad,,0,,0.00
backlink,comprar backlinks de qualidade,,0,,0.00
backlink,comprar backlinks pbn,,0,,0.00
backlink,comprar pacote de backlinks,,0,,0.00
backlink,comprobar backlinks,,0,,0.00
backlink,comprobar backlinks de una web,,0,,0.00
backlink,cong cu check backlink web hieu qua,,0,,0.00
backlink,cong cu chet backlink cho web,,0,,0.00
backlink,cong cu chet backlink die,,0,,0.00
backlink,cong cu submit backlink tu dong,,0,,0.00
backlink,connaitre backlink,,0,,0.00
backlink,connaitre nombre backlink,,0,,0.00
backlink,connaitre ses backlinks,,0,,0.00
backlink,conseguir backlinks,,0,,0.00
backlink,conseguir backlinks de calidad,,0,,0.00
backlink,conseguir backlinks de calidad gratis,,0,,0.00
backlink,conseguir backlinks gratis,,0,,0.00
backlink,conseguir backlinks para mi web,,0,,0.00
backlink,construction marketing backlinks,,0,,0.00
backlink,contador de backlinks,,0,,0.00
backlink,content không backlink,,0,,0.00
backlink,contextual backlink packages,,0,,0.00
backlink,coông cụ kiểm tra backlink,,0,,0.00
backlink,coơ bản về seo khái niệm backlink guestbook blog pbn,,0,,0.00
backlink,creat alltop backlink,,0,,0.00
backlink,creat amazon backlink s3,,0,,0.00
backlink,creat backlinks gov by redirect,,0,,0.00
backlink,creat customink.com backlink,,0,,0.00
backlink,creat s3 amazon backlink blackhat,,0,,0.00
backlink,creat s3 amazon backlink url,,0,,0.00
backlink,creat youtube backlink,,0,,0.00
backlink,create backlink dofollow site.google.com,,0,,0.00
backlink,create backlink google,,0,,0.00
backlink,create backlink gov to redirect to my website,,0,,0.00
backlink,create backlink gov to redirect to my website 2016,,0,,0.00
backlink,create backlink redirect google,,0,,0.00
backlink,create backlink to my website,,0,,0.00
backlink,create backlink website with scrabox,,0,,0.00
backlink,create backlink with scrabox,,0,,0.00
backlink,create backlink youtube,,0,,0.00
backlink,create backlinks automatically,,0,,0.00
backlink,create backlinks gov by redirect,,0,,0.00
backlink,create backlinks online,,0,,0.00
backlink,create web 2.0 backlink,,0,,0.00
backlink,create web 2.0 backlinks,,0,,0.00
backlink,criar backlinks,,0,,0.00
backlink,créer des backlinks,,0,,0.00
backlink,csch đặt backlink trên vitalk video,,0,,0.00
backlink,ctv đi backlink là gì,,0,,0.00
backlink,cào data backlink gsa,,0,,0.00
backlink,cày backlink,,0,,0.00
backlink,các chỉ số đánh giá backlink,,0,,0.00
backlink,các cách đặt backlink,,0,,0.00
backlink,các cách để backlink facebook,,0,,0.00
backlink,các công cụ check backlink đối thủ,,0,,0.00
backlink,các công cụ kiểm tra backlink,,0,,0.00
backlink,các công cụ nghiên cứu backlink,,0,,0.00
backlink,các diễn đang cho đi backlink chất lượng,,0,,0.00
backlink,các diễn đàn backlink,,0,,0.00
backlink,các diễn đàn backlink chất lượng cao,,0,,0.00
backlink,các diễn đàn có thể đặc backlink,,0,,0.00
backlink,các forum backlink,,0,,0.00
backlink,các hình thứ đặt backlink,,0,,0.00
backlink,các loại backlink trong seo,,0,,0.00
backlink,các mạng xã hội đi backlink,,0,,0.00
backlink,các nguồn kiếm backlink,,0,,0.00
backlink,các phần mềm đi backlink,,0,,0.00
backlink,các tool kiểm tra backlink,,0,,0.00
backlink,các trang backlink chất lượng,,0,,0.00
backlink,các trang backlink pdf,,0,,0.00
backlink,các trang backlink video,,0,,0.00
backlink,các trang backlink video viet nam,,0,,0.00
backlink,các trang cho đặt backlink,,0,,0.00
backlink,các trang cho đặt backlink miễn phí,,0,,0.00
backlink,các trang làm backlink ở viêtnam,,0,,0.00
backlink,các trang lấy backlink hiệu quả,,0,,0.00
backlink,các trang seo backlink,,0,,0.00
backlink,các trang tin rao vặt backlink,,0,,0.00
backlink,các trang tạo backlink,,0,,0.00
backlink,các trang tạo blog backlink dofollow,,0,,0.00
backlink,các trang tốt để xây dựng backlink,,0,,0.00
backlink,các trang web backlink chất lượng,,0,,0.00
backlink,các trang web backlink tot nhat,,0,,0.00
backlink,các trang web cho phép đặt backlink hiệu quả,,0,,0.00
backlink,các trang web đi backlink nghành thiết kế,,0,,0.00
backlink,các trang đi backlink cho chủ đề kids,,0,,0.00
backlink,các trang đi backlink hiệu quả,,0,,0.00
backlink,các trang đăng video tạo backlink,,0,,0.00
backlink,các trang để tạo backlink,,0,,0.00
backlink,các trạng tạo backlink,,0,,0.00
backlink,các tên miền rác trỏ backlink về,,0,,0.00
backlink,các web cho backlink,,0,,0.00
backlink,các web cho gắn backlink chất lượng,,0,,0.00
backlink,các web gắn backlink,,0,,0.00
backlink,các web phân tích backlink đối thủ,,0,,0.00
backlink,các web tạo backlink miễn phí,,0,,0.00
backlink,các website backlink tốt,,0,,0.00
backlink,các website bất động sản đặt backlink tốt,,0,,0.00
backlink,các website có pr cao cho đặt backlink,,0,,0.00
backlink,các website trả backlinks cho website,,0,,0.00
backlink,các website đi backlink tốt,,0,,0.00
backlink,các đi backlink duong trung hieu,,0,,0.00
backlink,các điều kiện của backlink,,0,,0.00
backlink,cách auto backlink cho site,,0,,0.00
backlink,cách backlink bài viết trong facebook,,0,,0.00
backlink,cách backlink bâ t đô ng sa n,,0,,0.00
backlink,cách backlink bằng bing,,0,,0.00
backlink,cách backlink bằng ifttt,,0,,0.00
backlink,cách backlink trang web từ fb,,0,,0.00
backlink,cách backlink trên reddit,,0,,0.00
backlink,cách backlink trỏ về fanpage facebook,,0,,0.00
backlink,cách backlink từ trang gov,,0,,0.00
backlink,cách backlink video youtube duuy mkt,,0,,0.00
backlink,cách backlink vào youtube,,0,,0.00
backlink,cách backlink webiodir.com,,0,,0.00
backlink,cách bắn backlink,,0,,0.00
backlink,cách check backlink,,0,,0.00
backlink,cách check backlink xấu về web,,0,,0.00
backlink,cách chia sẻ backlink,,0,,0.00
backlink,cách chuyển backlink từ site cũ qua site khác,,0,,0.00
backlink,cách chèn backlink trong email,,0,,0.00
backlink,cách chèn backlink trên đối thủ,,0,,0.00
backlink,cách chèn backlink vào bài viết seo,,0,,0.00
backlink,cách chèn backlink vào web,,0,,0.00
backlink,cách chèn backlink vào ảnh,,0,,0.00
backlink,cách chèn backlinks,,0,,0.00
backlink,cách chạy backlink,,0,,0.00
backlink,cách chạy backlink cho website,,0,,0.00
backlink,cách chạy backlink la gi,,0,,0.00
backlink,cách chạy backlink trên facebook,,0,,0.00
backlink,cách chặn backlink sấu,,0,,0.00
backlink,cách chặn backlink xấu google,,0,,0.00
backlink,cách chặn soi backlink,,0,,0.00
backlink,cách có được backlink google,,0,,0.00
backlink,cách dat backlink,,0,,0.00
backlink,cách disable backlink xấu,,0,,0.00
backlink,cách gắn backlink trong website,,0,,0.00
backlink,cách gỡ backlink,,0,,0.00
backlink,cách gỡ backlink bằng webmaster tool,,0,,0.00
backlink,cách gỡ backlink bằng webmastertll,,0,,0.00
backlink,cách gỡ backlink đã bị xóa,,0,,0.00
backlink,cách gỡ bỏ backlink xấu,,0,,0.00
backlink,cách index backlink 2019,,0,,0.00
backlink,cách index backlink bang dich vu,,0,,0.00
backlink,cách index backlinks nhanh,,0,,0.00
backlink,cách index backlinks youtube nhanh,,0,,0.00
backlink,cách kiếm backlink,,0,,0.00
backlink,cách kiếm backlink chất lượng,,0,,0.00
backlink,cách kiếm backlink miễn phí chất lượng,,0,,0.00
backlink,cách kiếm backlink mạng xã hội,,0,,0.00
backlink,cách kiểm tra backlink bằng google search console,,0,,0.00
backlink,cách kiểm tra backlink của trang khác,,0,,0.00
backlink,cách kiểm tra backlink của website bang webmaster,,0,,0.00
backlink,cách kiểm tra backlink của youtube,,0,,0.00
backlink,cách kiểm tra backlink của đối thủ,,0,,0.00
backlink,cách kiểm tra backlink trang website,,0,,0.00
backlink,cách kiểm tra backlink trên google searchconsol,,0,,0.00
backlink,cách kiểm tra backlink về web,,0,,0.00
backlink,cách kiểm tra backlink xấu,,0,,0.00
backlink,cách kiểm tra backlink youtube,,0,,0.00
backlink,cách kiểm tra số lượng backlink,,0,,0.00
backlink,cách làm backlink hình ảnh,,0,,0.00
backlink,cách làm backlink để seo,,0,,0.00
backlink,cách làm backlink ảnh,,0,,0.00
backlink,cách lấy backlink amazon,,0,,0.00
backlink,cách lấy backlink báo,,0,,0.00
backlink,cách lấy backlink bằng trang pdf,,0,,0.00
backlink,cách lấy backlink cao,,0,,0.00
backlink,cách lấy backlink chất lượng về website,,0,,0.00
backlink,cách lấy backlink da cao,,0,,0.00
backlink,cách lấy backlink diễn đàn nước ngoài,,0,,0.00
backlink,cách lấy backlink dofolow từ facebook pr9,,0,,0.00
backlink,cách lấy backlink raovat.vnexpress.net,,0,,0.00
backlink,cách lấy backlink trên facebook,,0,,0.00
backlink,cách lấy backlink trên yahoo,,0,,0.00
backlink,cách lấy backlink từ audioboom.com,,0,,0.00
backlink,cách lấy backlink từ buffer,,0,,0.00
backlink,cách lấy backlink từ google map,,0,,0.00
backlink,cách lấy backlink từ google url,,0,,0.00
backlink,cách lấy backlink từ issuu,,0,,0.00
backlink,cách lấy backlink từ linkhay,,0,,0.00
backlink,cách lấy backlink từ printest,,0,,0.00
backlink,cách lấy backlink từ wikipedia,,0,,0.00
backlink,cách lấy backlink youtube,,0,,0.00
backlink,cách lấy backlink đối thủ qua ahref,,0,,0.00
backlink,cách mua backlink,,0,,0.00
backlink,cách ngăn backlink từ google disavow tool,,0,,0.00
backlink,cách ngăn backlink từ google disavow tool gtvseo,,0,,0.00
backlink,cách quản lý backlink,,0,,0.00
backlink,cách quản lý backlink với excel,,0,,0.00
backlink,cách search backlink,,0,,0.00
backlink,cách seo bằng backlink,,0,,0.00
backlink,cách submit backlink,,0,,0.00
backlink,cách sử dụng massping backlink,,0,,0.00
backlink,cách sử lý backlink bị remove,,0,,0.00
backlink,cách thức chạy backlink,,0,,0.00
backlink,cách trỏ backlink về website,,0,,0.00
backlink,cách trỏ backlink về webstie,,0,,0.00
backlink,cách trộm backlink của đối thủ,,0,,0.00
backlink,cách tìm backlink chất lượng,,0,,0.00
backlink,cách tìm backlink siêu chất lượng cho nhà nghèo,,0,,0.00
backlink,cách tìm kiếm backlink,,0,,0.00
backlink,cách tìm kiếm backlink chất lượng,,0,,0.00
backlink,cách tăng backlink,,0,,0.00
backlink,cách tăng backlink chất lườnngj,,0,,0.00
backlink,cách tăng backlink dofollow,,0,,0.00
backlink,cách tăng backlink nofollow,,0,,0.00
backlink,cách tăng backlink nofolow,,0,,0.00
backlink,cách tạo backlink bang blog comment,,0,,0.00
backlink,cách tạo backlink bền vững với ahrefs,,0,,0.00
backlink,cách tạo backlink cho fanpage,,0,,0.00
backlink,cách tạo backlink cho youtube,,0,,0.00
backlink,cách tạo backlink cho youtube 2016,,0,,0.00
backlink,cách tạo backlink dofollow,,0,,0.00
backlink,cách tạo backlink google chrome,,0,,0.00
backlink,cách tạo backlink miễn phí,,0,,0.00
backlink,cách tạo backlink thủ công,,0,,0.00
backlink,cách tạo backlink trên youtube,,0,,0.00
backlink,cách tạo backlink tu dong,,0,,0.00
backlink,cách tạo backlink tu forum,,0,,0.00
backlink,cách tạo backlink tu pinterest,,0,,0.00
backlink,cách tạo backlink tại kenh youtube,,0,,0.00
backlink,cách tạo backlink từ wikipedia,,0,,0.00
backlink,cách tạo backlink từ youtube,,0,,0.00
backlink,cách tạo backlink tự nhiên 2019,,0,,0.00
backlink,cách tạo backlinks youtube tự động,,0,,0.00
backlink,cách tạo một backlink,,0,,0.00
backlink,cách tạp backlinks bất động sản hiệu quả,,0,,0.00
backlink,cách viết backlink,,0,,0.00
backlink,cách viết bài đi backlink nhanh nhất,,0,,0.00
backlink,cách xem backlink của 1 webisite,,0,,0.00
backlink,cách xem backlink đối thủ,,0,,0.00
backlink,cách xem backlinks xấu trên ahref,,0,,0.00
backlink,cách xem backlinks xấu trên href,,0,,0.00
backlink,cách xem domain backlink,,0,,0.00
backlink,cách xem thủ công backlink,,0,,0.00
backlink,cách xoá backlink trỏ đến website,,0,,0.00
backlink,cách xây backlink gtv,,0,,0.00
backlink,cách xây dựng backlink 2019,,0,,0.00
backlink,cách xây dựng backlink chuyên nghiệp,,0,,0.00
backlink,cách xây dựng backlink nào bị google phạt nặng,,0,,0.00
backlink,cách xây dựng backlink nền,,0,,0.00
backlink,cách xây dựng blog vệ tinh đặt backlink,,0,,0.00
backlink,cách xây dựng hệ thống backlink,,0,,0.00
backlink,cách xây dựng website vệ tinh và đi backlink,,0,,0.00
backlink,cách xóa backlink,,0,,0.00
backlink,cách xóa backlink bị mất,,0,,0.00
backlink,cách xóa backlink xấu gtv seo,,0,,0.00
backlink,cách xóa các backlink sau khi copy,,0,,0.00
backlink,cách xóa các dữ liệu backlink cũ trên google,,0,,0.00
backlink,cách xử lý backlink bị remove,,0,,0.00
backlink,cách đi backlink bằng xenforo,,0,,0.00
backlink,cách đi backlink các web khó,,0,,0.00
backlink,cách đi backlink diễn đàn nhanh nhất,,0,,0.00
backlink,cách đi backlink dofollow từ youtube,,0,,0.00
backlink,cách đi backlink folow các web khó,,0,,0.00
backlink,cách đi backlink github,,0,,0.00
backlink,cách đi backlink hiệu quả gatiki,,0,,0.00
backlink,cách đi backlink là gì,,0,,0.00
backlink,cách đi backlink trên bitly,,0,,0.00
backlink,cách đi backlink trên forum nước ngoài,,0,,0.00
backlink,cách đi backlink trên linkedin,,0,,0.00
backlink,cách đi backlink trên nhiều site,,0,,0.00
backlink,cách đi backlink youtube 2018,,0,,0.00
backlink,cách đi backlink youtube hiệu quả,,0,,0.00
backlink,cách đặt backlink 2017,,0,,0.00
backlink,cách đặt backlink thông minh,,0,,0.00
backlink,cách đặt backlink trello,,0,,0.00
backlink,cách đặt backlink trên cpanel,,0,,0.00
backlink,cách đặt backlink trên các diễn đàn,,0,,0.00
backlink,cách đặt backlink trên forum cpanel,,0,,0.00
backlink,cách đặt backlink trên medium,,0,,0.00
backlink,cách đặt backlink trên reddit.com,,0,,0.00
backlink,cách đặt backlink trên trello,,0,,0.00
backlink,cách đặt backlink trên twitter,,0,,0.00
backlink,cách đặt backlink trên website bất kỳ,,0,,0.00
backlink,cách đặt backlink trên wordpress,,0,,0.00
backlink,cách đặt backlink trên youtube,,0,,0.00
backlink,cách đặt backlink tu youtube sang facebook,,0,,0.00
backlink,cách đặt backlink từ các dịch vụ của google,,0,,0.00
backlink,cáh tạo backlink,,0,,0.00
backlink,có cần do follow backlink,,0,,0.00
backlink,có cần đi backlink link youtube,,0,,0.00
backlink,có nhiều backlink từ một domain,,0,,0.00
backlink,có nhiều backlink từ một domain có tôi,,0,,0.00
backlink,có nhiều backlink từ một domain có tốt,,0,,0.00
backlink,có nên auto backlink,,0,,0.00
backlink,có nên backlink chéo,,0,,0.00
backlink,có nên dùng backlink redirect,,0,,0.00
backlink,có nên dùng bitly trong seo backlink,,0,,0.00
backlink,có nên mua backlink clickon,,0,,0.00
backlink,có nên mua backlink không,,0,,0.00
backlink,có nên mua traffic và backlink,,0,,0.00
backlink,có nên đi backlink không,,0,,0.00
backlink,có nên đi backlink video không,,0,,0.00
backlink,có nên đi backlink videos không,,0,,0.00
backlink,có nên đặt backlink dạng ẩn,,0,,0.00
backlink,có nên đặt backlink profile,,0,,0.00
backlink,có được phép lặp lại bài đi backlink k,,0,,0.00
backlink,cô ng đô ng backlink viê t nam,,0,,0.00
backlink,công cu xem trang có bao nhieu backlink,,0,,0.00
backlink,công cụ check backlink 2018,,0,,0.00
backlink,công cụ check backlink free,,0,,0.00
backlink,công cụ check backlink xau mien phi,,0,,0.00
backlink,công cụ check backlink đối thủ,,0,,0.00
backlink,công cụ check backlinks,,0,,0.00
backlink,công cụ chặn backlink xấu tới website,,0,,0.00
backlink,công cụ kiểm tra backlink của website,,0,,0.00
backlink,công cụ kiểm tra backlink free,,0,,0.00
backlink,công cụ kiểm tra backlink miễn phí,,0,,0.00
backlink,công cụ phân tích backlink đối thủ,,0,,0.00
backlink,công cụ ping backlink,,0,,0.00
backlink,công cụ tìm kiếm backlink gsa custom engines,,0,,0.00
backlink,công cụ đi backlink,,0,,0.00
backlink,công ty backlinks,,0,,0.00
backlink,công việc backlink là gì,,0,,0.00
backlink,công đồng backlink,,0,,0.00
backlink,cú pháp search tìm blog đặt backlink,,0,,0.00
backlink,cấu trúc đặt code đặt backlink,,0,,0.00
backlink,cần spin bao nhiêu bản để tạo backlink,,0,,0.00
backlink,cộng đồng backlink,,0,,0.00
backlink,da 90 backlinks,,0,,0.00
backlink,dailymotion backlink,,0,,0.00
backlink,dan sach backlink,,0,,0.00
backlink,dang ky va kiem backlink movabletype.org,,0,,0.00
backlink,danh sach backlink 2019 chat luong,,0,,0.00
backlink,danh sach cac backlink,,0,,0.00
backlink,danh sach cac trang web backlink,,0,,0.00
backlink,danh sach domain di backlink free,,0,,0.00
backlink,danh sach web submit backlink cho cong nghe thong tin,,0,,0.00
backlink,danh sach web tao backlink,,0,,0.00
backlink,danh sach web đi backlink 2017,,0,,0.00
backlink,danh sach website backlink 2018,,0,,0.00
backlink,danh sach website edu backlinks,,0,,0.00
backlink,danh sách backlink comment,,0,,0.00
backlink,danh sách backlink dofollow,,0,,0.00
backlink,danh sách backlink profile da cao,,0,,0.00
backlink,danh sách backlink raovat9s.com,,0,,0.00
backlink,danh sách cách diễn đàn backlink chất lượng cao,,0,,0.00
backlink,danh sách dien dan rao vat backlink,,0,,0.00
backlink,danh sách forum đặt backlink,,0,,0.00
backlink,danh sách mạng xã hội cho đặt backlink,,0,,0.00
backlink,danh sách web đặt backlink hieu qua,,0,,0.00
backlink,danh sách website backlink,,0,,0.00
backlink,danh sách website đi backlink dofollow du lịch,,0,,0.00
backlink,danh sách website đi link backlink video youtube,,0,,0.00
backlink,danh sách đi backlink chất lượng,,0,,0.00
backlink,dat backlink tren youtube,,0,,0.00
backlink,dat backlink tu dong,,0,,0.00
backlink,dat backlink twitter,,0,,0.00
backlink,dat backlink video fb,,0,,0.00
backlink,dat chu ki backlink,,0,,0.00
backlink,dat hang backlink tren upwork,,0,,0.00
backlink,daạt backlink vao facebook nhu the nao,,0,,0.00
backlink,ddos backlink,,0,,0.00
backlink,de backlink tu dong trong website có tác dụng j,,0,,0.00
backlink,dead backlink checker,,0,,0.00
backlink,deep backlink,,0,,0.00
backlink,deutsche backlinks,,0,,0.00
backlink,deutsche backlinks kaufen,,0,,0.00
backlink,devise backlink after login,,0,,0.00
backlink,di back link 1k backlink,,0,,0.00
backlink,di backlink,,0,,0.00
backlink,di backlink bang google drive,,0,,0.00
backlink,di backlink tren sba,,0,,0.00
backlink,di backlink video bang massping,,0,,0.00
backlink,di backlink video youtube bang tool gsa,,0,,0.00
backlink,di backlink youtube,,0,,0.00
backlink,diavow link co lam mat backlink,,0,,0.00
backlink,dich vu backlink sai gon,,0,,0.00
backlink,dich vu backlink tay tphcm,,0,,0.00
backlink,dich vu backlinks forum,,0,,0.00
backlink,dich vụ ban backlink chat luong,,0,,0.00
backlink,dich vụ làm backlink,,0,,0.00
backlink,dichh vụ backlink quốc tế,,0,,0.00
backlink,dien dan dat backlink,,0,,0.00
backlink,dien dan de di backlink,,0,,0.00
backlink,dien dan dich vu backlink,,0,,0.00
backlink,dien dang di backlink,,0,,0.00
backlink,diendanseo backlink com vn,,0,,0.00
backlink,dieễn đàn hay để đặt backlink chất lượng,,0,,0.00
backlink,diigo backlink,,0,,0.00
backlink,directory backlink la gif,,0,,0.00
backlink,disavow backlinks tool,,0,,0.14
backlink,disavowen backlinks,,0,,0.00
backlink,diy website backlink,,0,,0.00
backlink,diễn đàn backlink dofollow,,0,,0.00
backlink,diễn đàn backlink dofollow ở việt nam,,0,,0.00
backlink,diễn đàn cho phép đặt backlink,,0,,0.00
backlink,diễn đàn cho đặt backlink,,0,,0.00
backlink,diễn đàn chất lượng backlink,,0,,0.00
backlink,diễn đàn rao vặt đặt backlink,,0,,0.00
backlink,diễn đàn trao đổi backlink,,0,,0.00
backlink,diễn đàn đặt backlink,,0,,0.00
backlink,diễn đàn đặt backlink chất lượng cao,,0,,0.00
backlink,diịch vụ backlink,,0,,0.00
backlink,dmca có phải backlink chất lượng,,0,,0.00
backlink,do follow backlinks generator,,0,,0.00
backlink,do follow backlinks kaise banaye,,0,,0.00
backlink,do follow backlinks sites,,0,,0.00
backlink,do follow backlinks sites list,,0,,0.00
backlink,do you have backlink from fiverr,,0,,0.00
backlink,do you have backlink from fiverr gig site,,0,,0.00
backlink,document backlink,,0,,0.00
backlink,does web 2.0 backlinks work,,0,,0.00
backlink,dofollow backlink checker,,0,,0.00
backlink,dofollow backlink site list,,0,,0.00
backlink,dofollow backlink và noflow backlink,,0,,0.00
backlink,dofollow backlink youtube,,0,,0.00
backlink,dofollow backlinks 2020,,0,,0.00
backlink,dofollow backlinks generator and ping,,0,,0.00
backlink,dofollow gov backlinks,,0,,0.00
backlink,dofollow profile backlinks,,0,,0.00
backlink,dofollow vs nofollow backlinks,,0,,0.00
backlink,domain age yahoo indexed pages alexa backlinks,,0,,0.00
backlink,doğal backlink,,0,,0.00
backlink,doğal backlink nedir,,0,,0.00
backlink,duitse backlinks,,0,,0.00
backlink,dung gsa de tang backlink cho video,,0,,0.00
backlink,définition backlink,,0,,0.00
backlink,dò tìm backlink xấu,,0,,0.00
backlink,dùng addon đặt backlink,,0,,0.00
backlink,dùng phần mềm auto backlink có hại không,,0,,0.00
backlink,dđi backlink cho youtube,,0,,0.00
backlink,dđi backlink trên visual.ly,,0,,0.00
backlink,dđi backlink từ trang digg,,0,,0.00
backlink,dđưa backlink lên google search,,0,,0.00
backlink,dđẩy backlink,,0,,0.00
backlink,dđặt backlink,,0,,0.00
backlink,dđặt backlink bao nhiêu là đủ,,0,,0.00
backlink,dđặt backlink chất lượng,,0,,0.00
backlink,dđặt backlink free,,0,,0.00
backlink,dđặt backlink lên hỏi đáp yahoo,,0,,0.00
backlink,dđặt backlink miễn phí,,0,,0.00
backlink,dđặt backlink nofollow,,0,,0.00
backlink,dđặt backlink trong nội dung như thế nào,,0,,0.00
backlink,dđặt backlink trên paypal,,0,,0.00
backlink,dđặt backlink trên vozforums.com,,0,,0.00
backlink,dđặt backlink tại diễn đàn gov,,0,,0.00
backlink,dđặt backlink tại matrixgames.com,,0,,0.00
backlink,dđặt backlink tại zing.vn như thế nào,,0,,0.00
backlink,dđặt backlink vao ebay.com,,0,,0.00
backlink,dịch vụ backlink báo chất lượng,,0,,0.00
backlink,dịch vụ backlink báo nào chất lượng,,0,,0.00
backlink,dịch vụ backlink cafe,,0,,0.00
backlink,dịch vụ backlink caffe,,0,,0.00
backlink,dịch vụ backlink hiệu quả,,0,,0.00
backlink,dịch vụ backlink ngân hàng,,0,,0.00
backlink,dịch vụ backlink quốc tế,,0,,0.00
backlink,dịch vụ bắn backlink rác,,0,,0.00
backlink,dịch vụ index backlink,,0,,0.00
backlink,dịch vụ làm backlink,,0,,0.00
backlink,dịch vụ trao đổi backlink,,0,,0.00
backlink,dịch vụ xây dựng backlink,,0,,0.00
backlink,dịch vụ đi backlink tphcm,,0,,0.00
backlink,dịch vụ đặt backlink báo,,0,,0.00
backlink,dịch vụ đặt backlink chất lượng,,0,,0.00
backlink,dự án viết bao lâu thì đi backlink được,,0,,0.00
backlink,easy backlink builder,,0,,0.00
backlink,easy backlink for new blog,,0,,0.00
backlink,easy backlink for store,,0,,0.00
backlink,easy backlinks,,0,,0.00
backlink,easy earn backlink with ahref,,0,,0.00
backlink,ecommerce backlinks,,0,,0.00
backlink,ecommerce site to get backlink,,0,,0.00
backlink,edu and gov backlinks list,,0,,0.00
backlink,edu backlinks sell,,0,,0.00
backlink,edu gov backlink listesi,,0,,0.00
backlink,edu gov backlinks dofollow,,0,,0.00
backlink,edu sites for backlinks,,0,,0.00
backlink,en iyi backlink,,0,,0.00
backlink,en iyi backlink sitesi,,0,,0.00
backlink,estrategia backlinks,,0,,0.00
backlink,etsy backlinks,,0,,0.00
backlink,export backlink spyglass,,0,,0.00
backlink,external backlinks là gì,,0,,0.00
backlink,external link khác backlink,,0,,0.00
backlink,external link và internal link và backlink,,0,,0.00
backlink,facebook backlink generator,,0,,0.00
backlink,facebook backlinks seo,,0,,0.00
backlink,fast backlink index,,0,,0.00
backlink,ferramenta de backlinks,,0,,0.00
backlink,file share backlink,,0,,0.00
backlink,find all backlinks to my site,,0,,0.00
backlink,find backlink free,,0,,0.00
backlink,find backlink of website google,,0,,0.00
backlink,find backlink website,,0,,0.00
backlink,find backlinks competitors,,0,,0.00
backlink,find backlinks to a page,,0,,0.00
backlink,find backlinks to a page free,,0,,0.00
backlink,find backlinks to a site,,0,,0.00
backlink,find backlinks to my site,,0,,0.00
backlink,find backlinks to your site,,0,,0.00
backlink,find backlinks using scrapebox,,0,,0.00
backlink,find bad backlink,,0,,0.00
backlink,find blog comments backlink,,0,,0.00
backlink,find blog comments backlinks,,0,,0.00
backlink,find comment allow backlink,,0,,0.00
backlink,find competitors backlinks free,,0,,0.00
backlink,find forum backlink,,0,,0.00
backlink,find hidden backlink in source code,,0,,0.00
backlink,find hidden backlink in sourcecode,,0,,0.00
backlink,find my backlinks,,0,,0.00
backlink,find my website backlinks,,0,,0.00
backlink,find out website backlinks,,0,,0.00
backlink,find toxic backlinks,,0,,0.00
backlink,find youtube backlink to website,,0,,0.00
backlink,find youtube backlink website,,0,,0.00
backlink,fiverr profile backlink,,0,,0.00
backlink,fiverr woocommerce showcase backlink,,0,,0.00
backlink,flickr backlink,,0,,0.00
backlink,flipborad backlink,,0,,0.00
backlink,follow backlinks checker,,0,,0.00
backlink,footprint backlink google,,0,,0.00
backlink,foren backlinks kaufen,,0,,0.00
backlink,format dynamics backlink,,0,,0.00
backlink,forum backlink service,,0,,0.00
backlink,forum backlink spa,,0,,0.00
backlink,forum backlinks seo,,0,,0.00
backlink,forum for backlink,,0,,0.00
backlink,forum list for backlinks,,0,,0.00
backlink,forum profile backlinks,,0,,0.00
backlink,forum profile backlinks là gì,,0,,0.00
backlink,foursquare backlink,,0,,0.00
backlink,free 100 backlink,,0,,0.00
backlink,free 100 quality backlink,,0,,0.00
backlink,free 1000 backlinks,,0,,0.00
backlink,free 20 high quality backlink,,0,,0.00
backlink,free auto 20 high quality backlink,,0,,0.00
backlink,free backlink 2018,,0,,0.00
backlink,free backlink 30 days without credit card,,0,,0.00
backlink,free backlink audit tool,,0,,0.00
backlink,free backlink builder tool,,0,,0.00
backlink,free backlink checker ahrefs,,0,,0.00
backlink,free backlink checker seo tool,,0,,0.00
backlink,free backlink checker software,,0,,0.00
backlink,free backlink checker tools 2019,,0,,0.00
backlink,free backlink cretor,,0,,0.00
backlink,free backlink dofollow,,0,,0.00
backlink,free backlink generator 2018,,0,,0.00
backlink,free backlink generator dofollow,,0,,0.00
backlink,free backlink generator for website,,0,,0.00
backlink,free backlink generator software,,0,,0.00
backlink,free backlink generator tools,,0,,0.00
backlink,free backlink indexers,,0,,0.00
backlink,free backlink list 2018,,0,,0.00
backlink,free backlink maker online,,0,,0.00
backlink,free backlink monitor,,0,,0.00
backlink,free backlink platform,,0,,0.00
backlink,free backlink reddit,,0,,0.00
backlink,free backlink removal tool,,0,,0.00
backlink,free backlink report,,0,,0.00
backlink,free backlink research tool,,0,,0.00
backlink,free backlink seo 30 days without credit card,,0,,0.00
backlink,free backlink seo create 30 days without credit card,,0,,0.00
backlink,free backlink software,,0,,0.00
backlink,free backlink submission sites,,0,,0.00
backlink,free backlink submitter online,,0,,0.00
backlink,free backlink tooil,,0,,0.00
backlink,free backlink youtube,,0,,0.00
backlink,free backlink youtube building tools,,0,,0.00
backlink,free backlink youtube building tools 10 2016,,0,,0.00
backlink,free backlinks 2018,,0,,0.00
backlink,free backlinks 2019,,0,,0.00
backlink,free backlinks and ping,,0,,0.00
backlink,free backlinks api,,0,,0.00
backlink,free backlinks australia,,0,,0.00
backlink,free backlinks finder,,0,,0.00
backlink,free backlinks for my website,,0,,0.33
backlink,free backlinks for youtube videos,,0,,0.00
backlink,free backlinks generator 2018,,0,,0.00
backlink,free backlinks net,,0,,0.00
backlink,free backlinks pro,,0,,0.00
backlink,free backlinks search,,0,,0.00
backlink,free backlinks to my site,,0,,0.33
backlink,free backlinks tool youtube,,0,,0.00
backlink,free backlinks tool youtube videos,,0,,0.00
backlink,free backlinks uk,,0,,0.00
backlink,free backlinks youtube tool,,0,,0.00
backlink,free blog comment backlinks,,0,,0.00
backlink,free blog comment backlinks edu,,0,,0.00
backlink,free competitor backlink,,0,,0.00
backlink,free competitor backlink analysis,,0,,0.00
backlink,free competitor backlink checker,,0,,0.00
backlink,free dofollow backlink generator,,0,,0.00
backlink,free dofollow backlinks list,,0,,0.00
backlink,free ecommerce site backlink,,0,,0.00
backlink,free edu backlinks,,0,,0.07
backlink,free generator backlink,,0,,0.00
backlink,free good quality backlinks,,0,,0.00
backlink,free high pr backlinks,,0,,0.00
backlink,free high quality backlink generator,,0,,0.00
backlink,free mass backlinks,,0,,0.00
backlink,free online backlink indexer,,0,,0.00
backlink,free quality backlinks,,0,,0.00
backlink,free quality backlinks generator,,0,,0.00
backlink,free quality backlinks uk,,0,,0.00
backlink,free quality backlinks your site,,0,,0.00
backlink,free seo analysis backlink checker,,0,,0.00
backlink,free seo backlink checker tools,,0,,0.00
backlink,free seo backlink generator,,0,,0.00
backlink,free tool backlink checker,,0,,0.00
backlink,full backlink checker,,0,,0.00
backlink,få styr på backlinks,,0,,0.00
backlink,gbias đi backlink,,0,,0.00
backlink,generar backlinks,,0,,0.00
backlink,generar backlinks en tu web,,0,,0.00
backlink,generation backlink,,0,,0.00
backlink,gerador de backlinks gratis,,0,,0.00
backlink,german backlinks,,0,,0.00
backlink,get 100 backlink,,0,,0.00
backlink,get 100 free backlink,,0,,0.00
backlink,get backlink 2019,,0,,0.00
backlink,get backlink blog comment,,0,,0.00
backlink,get backlink for ecommerce site,,0,,0.00
backlink,get backlink from coursera,,0,,0.00
backlink,get backlink from crunchbase,,0,,0.00
backlink,get backlink from visually,,0,,0.00
backlink,get backlink indexed,,0,,0.00
backlink,get backlink of site,,0,,0.00
backlink,get backlink producthunt,,0,,0.00
backlink,get backlinks 2018,,0,,0.00
backlink,get backlinks 2019,,0,,0.00
backlink,get backlinks from edu sites,,0,,0.00
backlink,get backlinks from google,,0,,0.00
backlink,get backlinks indexed,,0,,0.00
backlink,get backlinks of website,,0,,0.00
backlink,get backlinks python,,0,,0.00
backlink,get backlinks without guest posting,,0,,0.00
backlink,get dofollow backlink behance,,0,,0.00
backlink,get dofollow backlink ecommerce site,,0,,0.00
backlink,get dofollow backlink redbubble,,0,,0.00
backlink,get dofollow backlink zazzle,,0,,0.00
backlink,get dofollow backlinks for website,,0,,0.00
backlink,get edu backlinks,,0,,0.00
backlink,get edu backlinks free,,0,,0.00
backlink,get free blog comment backlink,,0,,0.00
backlink,get free high da backlink to your ecommerce site,,0,,0.00
backlink,get free high quality backlinks,,0,,0.00
backlink,get google cloud backlink,,0,,0.00
backlink,get more backlinks,,0,,0.00
backlink,get site backlink,,0,,0.00
backlink,get wikipedia backlinks,,0,,0.00
backlink,giaá bán backlink,,0,,0.00
backlink,giaá trị của backlink,,0,,0.00
backlink,giá 10000 backlink,,0,,0.00
backlink,giá backlink,,0,,0.00
backlink,giá trị của backlink,,0,,0.00
backlink,giá đi backlink thue,,0,,0.00
backlink,giá đặt backlink trọn đời,,0,,0.00
backlink,giá đặt backlink web gov,,0,,0.00
backlink,giúp đỡ check backlink với ahref,,0,,0.00
backlink,giấy backlink,,0,,0.00
backlink,giết đối thủ bằng backlink bẩn,,0,,0.00
backlink,go bo backlink spam,,0,,0.00
backlink,goede backlinks,,0,,0.00
backlink,gohighbrow backlink,,0,,0.00
backlink,google analytics backlink report,,0,,0.00
backlink,google backlink 5 66,,0,,0.00
backlink,google backlink generator,,0,,0.00
backlink,google backlink là gì,,0,,0.00
backlink,google backlink penalty,,0,,0.00
backlink,google backlinks 156 000 có tốt,,0,,0.00
backlink,google backlinks là gì,,0,,0.00
backlink,google cách đặt backlink,,0,,0.00
backlink,google cập nhật backlink trong bao lâu,,0,,0.00
backlink,google disavow backlink,,0,,0.00
backlink,google phạt backlink như thế nào,,0,,0.00
backlink,google reset site backlink,,0,,0.00
backlink,google search backlinks,,0,,0.00
backlink,google search backlinks on a site,,0,,0.00
backlink,google search console show no backlink,,0,,0.00
backlink,google webmaster tool backlink,,0,,0.00
backlink,google webmaster tools check backlinks,,0,,0.00
backlink,got backlink with 301,,0,,0.00
backlink,gov backlink generator,,0,,0.00
backlink,gov.uk backlinks,,0,,0.00
backlink,govvn backlink,,0,,0.00
backlink,gsa auto backlink,,0,,0.00
backlink,gsa backlink là gì,,0,,0.00
backlink,gsa backlink tool,,0,,0.00
backlink,gsa seo backlinks,,0,,0.00
backlink,gsa ser backlinks,,0,,0.00
backlink,gsa tool backlink,,0,,0.00
backlink,gtv seo backlink,,0,,0.00
backlink,gtv sep đi backlink,,0,,0.00
backlink,gtv thay backlink trả về,,0,,0.00
backlink,guest post for backlink,,0,,0.00
backlink,gute backlinks,,0,,0.00
backlink,gute quelle kostenlose backlinks,,0,,0.00
backlink,gỡ bỏ backlinks xấu,,0,,0.00
backlink,gợi ý backlinks,,0,,0.00
backlink,hack website đặt backlink,,0,,0.00
backlink,hack để đặt backlink,,0,,0.00
backlink,hare backlink dr 78 do follow juicy link authority indexable,,0,,0.00
backlink,hatfield backlink agency,,0,,0.00
backlink,health trust follow backlink,,0,,0.00
backlink,heeft het zin backlinks te kopen,,0,,0.00
backlink,herramienta backlinks,,0,,0.00
backlink,hertford backlink agency,,0,,0.00
backlink,hertford backlink services,,0,,0.00
backlink,hertfordshire backlink agency,,0,,0.00
backlink,hertfordshire backlink building agency,,0,,0.00
backlink,hertfordshire backlink services,,0,,0.00
backlink,heệ thống liên kết trong seo backlink,,0,,0.00
backlink,hidden backlinks,,0,,0.00
backlink,high authority dofollow backlinks,,0,,0.00
backlink,high backlinks,,0,,0.00
backlink,high da dofollow backlinks,,0,,0.00
backlink,high da pa backlink,,0,,0.00
backlink,high pa backlinks,,0,,0.00
backlink,high pr backlinks 2018,,0,,0.00
backlink,high pr backlinks generator,,0,,0.00
backlink,high pr backlinks sites,,0,,0.00
backlink,high pr backlinks sites list,,0,,0.00
backlink,high pr dofollow backlinks,,0,,0.00
backlink,high pr homepage backlinks,,0,,0.00
backlink,high quality backlink 10000,,0,,0.00
backlink,high quality backlinks free 2018,,0,,0.00
backlink,high quality backlinks free 2019,,0,,0.00
backlink,high tf backlinks,,0,,0.00
backlink,high trustfollow backlink,,0,,0.00
backlink,hiểu và tạo dựng backlink chất lượng trong 2017,,0,,0.00
backlink,hiểu và tạo dựng backlink chất lượng trong 2018,,0,,0.00
backlink,ho c backlink,,0,,0.00
backlink,hochwertige backlinks,,0,,0.00
backlink,hochwertige backlinks kaufen,,0,,0.00
backlink,homepage backlinks,,0,,0.00
backlink,homepage backlinks setzen,,0,,0.00
backlink,homepage seo for ecommerce backlink,,0,,0.00
backlink,hos to dis backlink,,0,,0.00
backlink,hos to dis backlink ahref,,0,,0.00
backlink,how can i get backlink from my high pr site,,0,,0.00
backlink,how check backlink google,,0,,0.00
backlink,how check backlink website,,0,,0.00
backlink,how create auto backlink your youtube video,,0,,0.00
backlink,how do i get rid of backlinks,,0,,0.00
backlink,how do i remove backlinks from my website,,0,,0.00
backlink,how do seo backlinks work,,0,,0.00
backlink,how google crawl your backlinks,,0,,0.00
backlink,how long does it take to ahref craw your backlink,,0,,0.00
backlink,how long does it take to google crawl my backlink,,0,,0.00
backlink,how long does it take to show backlink,,0,,0.00
backlink,how long does it take to update backlink,,0,,0.00
backlink,how long to start build backlink,,0,,0.00
backlink,how many backlink for 1 url,,0,,0.00
backlink,how many backlinks do i have,,0,,0.00
backlink,how many backlinks do i need,,0,,0.00
backlink,how many backlinks do you need,,0,,0.00
backlink,how many backlinks is good,,0,,0.00
backlink,how many backlinks per month,,0,,0.00
backlink,how many profile backlink should i build,,0,,0.00
backlink,how much does one backlink cost in australia,,0,,0.00
backlink,how often does semrush update backlinks,,0,,0.00
backlink,how to anti bad backlink from competition,,0,,0.00
backlink,how to ask for backlink on wikipedia,,0,,0.00
backlink,how to ask for backlinks,,0,,0.00
backlink,how to buid building backlinks,,0,,0.00
backlink,how to build a lot of backlinks,,0,,0.00
backlink,how to build backlink and traffice,,0,,0.00
backlink,how to build backlink behance 2017,,0,,0.00
backlink,how to build backlinks 2017,,0,,0.00
backlink,how to build backlinks 2018,,0,,0.00
backlink,how to build backlinks and traffic,,0,,0.00
backlink,how to build backlinks for new website,,0,,0.00
backlink,how to build backlinks for website,,0,,0.00
backlink,how to build quality backlinks,,0,,0.00
backlink,how to build quality backlinks to your website,,0,,0.00
backlink,how to building backlinks,,0,,0.00
backlink,how to buy backlink from wikihow,,0,,0.00
backlink,how to check backlink quality of expired domain,,0,,0.00
backlink,how to check backlinks in google,,0,,0.00
backlink,how to check backlinks in google analytics 2016,,0,,0.00
backlink,how to check if expired domain still has backlink,,0,,0.00
backlink,how to check quality backlink with ahref,,0,,0.00
backlink,how to conduct a backlink audit,,0,,0.00
backlink,how to create backlinks for seo in hindi,,0,,0.00
backlink,how to create backlinks for youtube videos,,0,,0.00
backlink,how to create backlinks step by step,,0,,0.00
backlink,how to create web 2.0 backlinks,,0,,0.00
backlink,how to develop backlinks,,0,,0.00
backlink,how to disavow backlinks in ahrefs,,0,,0.00
backlink,how to do google index backlink,,0,,0.00
backlink,how to earn backlinks easy,,0,,0.00
backlink,how to filter forum backlink,,0,,0.00
backlink,how to find and remove backlink in source,,0,,0.00
backlink,how to find backlink of website,,0,,0.00
backlink,how to find best page by backlink using ahref,,0,,0.00
backlink,how to find competitors backlinks free,,0,,0.00
backlink,how to find expired domains with backlinks,,0,,0.00
backlink,how to find toxic backlinks,,0,,0.00
backlink,how to find website backlinks on google,,0,,0.00
backlink,how to force google crwal your backlink,,0,,0.00
backlink,how to get backlink avast,,0,,0.00
backlink,how to get backlink for ecommerce site,,0,,0.00
backlink,how to get backlink from alibaba aliexpress,,0,,0.00
backlink,how to get backlink from aliexpress,,0,,0.00
backlink,how to get backlink from amazon,,0,,0.00
backlink,how to get backlink from avast,,0,,0.00
backlink,how to get backlink from bitly,,0,,0.00
backlink,how to get backlink from format dynamics,,0,,0.00
backlink,how to get backlink from goo.gl,,0,,0.00
backlink,how to get backlink from lifehack,,0,,0.00
backlink,how to get backlink from reddit,,0,,0.00
backlink,how to get backlink from wikihow,,0,,0.00
backlink,how to get backlink from wikipedia,,0,,0.00
backlink,how to get backlink from woocommerce,,0,,0.00
backlink,how to get backlink from woocommerce showcase,,0,,0.00
backlink,how to get backlink from wordpress,,0,,0.00
backlink,how to get backlink twitchtv,,0,,0.00
backlink,how to get backlink webiodir.com,,0,,0.00
backlink,how to get backlinks 2017,,0,,0.00
backlink,how to get backlinks 2019,,0,,0.00
backlink,how to get backlinks 2020,,0,,0.00
backlink,how to get backlinks for blog,,0,,0.00
backlink,how to get backlinks from forbes,,0,,0.00
backlink,how to get backlinks from gov sites,,0,,0.00
backlink,how to get backlinks from quora,,0,,0.00
backlink,how to get backlinks reddit,,0,,0.00
backlink,how to get backlinks to my website,,0,,0.00
backlink,how to get backlinks with infographics,,0,,0.00
backlink,how to get dofollow backlink from blog sina,,0,,0.00
backlink,how to get dofollow backlink from facebook,,0,,0.00
backlink,how to get dofollow backlink from pinterest,,0,,0.00
backlink,how to get dofollow backlink from quora,,0,,0.00
backlink,how to get dofollow backlinks,,0,,0.00
backlink,how to get dofollow backlinks from pinterest,,0,,0.00
backlink,how to get edu backlinks,,0,,0.00
backlink,how to get free quality backlinks,,0,,0.00
backlink,how to get free revelant backlink,,0,,0.00
backlink,how to get gov backlinks,,0,,0.00
backlink,how to get high authority backlinks,,0,,0.00
backlink,how to get high quality backlinks,,0,,0.00
backlink,how to get referrer backlink,,0,,0.00
backlink,how to get rid of bad backlinks,,0,,0.00
backlink,how to get sina backlink,,0,,0.00
backlink,how to get unlimited content and quality backlinks for free,,0,,0.00
backlink,how to get woocommerce backlink,,0,,0.00
backlink,how to get woocommerce.com backlink,,0,,0.00
backlink,how to get yandex backlink,,0,,0.00
backlink,how to hide backlinks from competitors,,0,,0.00
backlink,how to identify bad backlinks,,0,,0.00
backlink,how to identify towxic backlinks,,0,,0.00
backlink,how to improve backlinks,,0,,0.00
backlink,how to improve backlinks in google,,0,,0.00
backlink,how to improve backlinks to website,,0,,0.00
backlink,how to improve website backlink for seo,,0,,0.00
backlink,how to increase backlinks for website,,0,,0.00
backlink,how to increase backlinks to my website,,0,,0.00
backlink,how to increase page rank without backlinks,,0,,0.00
backlink,how to index backlink google cloud,,0,,0.00
backlink,how to index backlinks 2018,,0,,0.00
backlink,how to index backlinks 2019,,0,,0.00
backlink,how to index backlinks fiverr.com,,0,,0.00
backlink,how to index backlinks in google,,0,,0.00
backlink,how to index backlinks in google 2018,,0,,0.00
backlink,how to index backlinks in google 2019,,0,,0.00
backlink,how to index backlinks seoclerks,,0,,0.00
backlink,how to index backlinks site youtube,,0,,0.00
backlink,how to index backlinks using social signal,,0,,0.00
backlink,how to make 301 backlink all to home page,,0,,0.00
backlink,how to make backlink index for my website,,0,,0.00
backlink,how to make quality backlinks,,0,,0.00
backlink,how to manage your backlinks,,0,,0.00
backlink,how to monitor backlinks,,0,,0.00
backlink,how to place a backlink on loadimpact.com,,0,,0.00
backlink,how to remove backlink forum,,0,,0.00
backlink,how to remove backlinks,,0,,0.00
backlink,how to remove backlinks from my website,,0,,0.00
backlink,how to remove backlinks from webmaster tools,,0,,0.00
backlink,how to remove bad backlinks from google,,0,,0.00
backlink,how to remove paid backlinks,,0,,0.00
backlink,how to remove spam backlinks,,0,,0.00
backlink,how to remove toxic backlinks,,0,,0.00
backlink,how to remove unwanted backlinks,,0,,0.00
backlink,how to see backlink in google console,,0,,0.00
backlink,how to see backlinks to my site,,0,,0.00
backlink,how to sell backlinks,,0,,0.00
backlink,how to submit woocommerce showcase for dofollow backlink,,0,,0.00
backlink,how to take down a website using bad backlinks,,0,,0.00
backlink,how to track backlinks,,0,,0.00
backlink,how to use backlink for seo,,0,,0.00
backlink,how to use backlinks audit,,0,,0.00
backlink,how to use backlinks audit semush,,0,,0.00
backlink,how yelp buil backlink,,0,,0.00
backlink,how yelp build backlink,,0,,0.00
backlink,href check backlink,,0,,0.00
backlink,http backlink.meu.vn threads cach-tri-nam-da-voi-chanh.37998.html,,0,,0.00
backlink,http backlinko.com build-awesome-backlinks,,0,,0.00
backlink,http batdongsanvietsing.com huong-dan-cach-seo-va-lay-backlink-tu-facebook html,,0,,0.00
backlink,http euvideos.com backlink,,0,,0.00
backlink,http masspings com youtube video backlink generator,,0,,0.00
backlink,http newstoday.vn trao-doi-textlink-backlink-bai-viet-website.html,,0,,0.00
backlink,https backlinko.com build-awesome-backlinks,,0,,0.00
backlink,https backlinko.com build-awesome-backlinks backlinko.com,,0,,0.00
backlink,https backlinko.com build-awesome-backlinks site backlinko.com,,0,,0.00
backlink,https ikutseo com blog ciri ciri backlink berkualitas html,,0,,0.00
backlink,https marketever.com how-to-get-backlinks-web-2-rank-site,,0,,0.00
backlink,https seotime.edu.vn anh-em-nghi-gi-ve-seo-khong-backlink.t2936 post-7979,,0,,0.00
backlink,https smallseotools com backlink checker,,0,,0.00
backlink,https tinnong24htoday.blogspot.com 2018 10 lap-chi-muc-backlink-thuong-nhoc.html,,0,,0.00
backlink,https vipergirls.to backlink,,0,,0.00
backlink,https www.ranksignals.com không kiểm tra được backlinks,,0,,0.00
backlink,huong dan backlink,,0,,0.00
backlink,huong dan backlink hieu qua,,0,,0.00
backlink,huong dan cach di backlink cho sie,,0,,0.00
backlink,huong dan cach di backlinks chat luong,,0,,0.00
backlink,huong dan di backlink,,0,,0.00
backlink,huong dan di backlink bang instantlinkindexer,,0,,0.00
backlink,huong dan di backlink tu dong cho youtube,,0,,0.00
backlink,huong dan loai bo backlink xau bang webmaster,,0,,0.00
backlink,huong dan su dung backlink power index,,0,,0.00
backlink,huong dan su dung scrabbox de dat backlink,,0,,0.00
backlink,huong dan su dung scrapbox de dat backlink,,0,,0.00
backlink,huong dan tìm diễn đàn để đi backlink bằng scrapebox,,0,,0.00
backlink,huong dan viet code thong kê backlink,,0,,0.00
backlink,huong dan xay dung backlink seo,,0,,0.00
backlink,huong dan xem nguon backlink dung ahrefs,,0,,0.00
backlink,huong dang tìm diễn đàn để đi backlink bằng scrabebox,,0,,0.00
backlink,huowng dan loc backlink bang mozz,,0,,0.00
backlink,huướng dẫn backlink trên,,0,,0.00
backlink,huướng dẫn backlink trên google,,0,,0.00
backlink,huướng dẫn backlink với web myvidster,,0,,0.00
backlink,hướng dấn đi backlink khi seo,,0,,0.00
backlink,hướng dần backlink phần mềm seo iclick,,0,,0.00
backlink,hướng dẫn backlink 9gag.tv,,0,,0.00
backlink,hướng dẫn backlink cho fanpage,,0,,0.00
backlink,hướng dẫn backlink instagram,,0,,0.00
backlink,hướng dẫn backlink web trên bài viết facebook,,0,,0.00
backlink,hướng dẫn backlink wordpress,,0,,0.00
backlink,hướng dẫn backlink wordpress 2018,,0,,0.00
backlink,hướng dẫn backlink youtube,,0,,0.00
backlink,hướng dẫn chèn backlink vao wiki,,0,,0.00
backlink,hướng dẫn chạy backlink,,0,,0.00
backlink,hướng dẫn chạy backlink free,,0,,0.00
backlink,hướng dẫn cách backlink,,0,,0.00
backlink,hướng dẫn cách đi backlink cho web,,0,,0.00
backlink,hướng dẫn cách đi backlink forum,,0,,0.00
backlink,hướng dẫn dặt backlink website pr cao,,0,,0.00
backlink,hướng dẫn gắn backlink youtube,,0,,0.00
backlink,hướng dẫn làm backlink,,0,,0.00
backlink,hướng dẫn lấy backlink about.me,,0,,0.00
backlink,hướng dẫn lấy backlink dofollow,,0,,0.00
backlink,hướng dẫn lấy backlink linkedin,,0,,0.00
backlink,hướng dẫn lấy backlink linkedin 2019,,0,,0.00
backlink,hướng dẫn lấy backlink từ blogspot,,0,,0.00
backlink,hướng dẫn lấy backlink từ facebook,,0,,0.00
backlink,hướng dẫn lấy backlink từ linkedin,,0,,0.00
backlink,hướng dẫn lấy backlink từ twitter,,0,,0.00
backlink,hướng dẫn mua backlink,,0,,0.00
backlink,hướng dẫn seo website đi backlink,,0,,0.00
backlink,hướng dẫn thêm backlink trên blogpot,,0,,0.00
backlink,hướng dẫn tìm kiếm backlink,,0,,0.00
backlink,hướng dẫn tạo 100 backlink,,0,,0.00
backlink,hướng dẫn tạo backlink cho website,,0,,0.00
backlink,hướng dẫn tạo backlink trên web,,0,,0.00
backlink,hướng dẫn tạo backlink tự động cho youtube,,0,,0.00
backlink,hướng dẫn tạo web backlink,,0,,0.00
backlink,hướng dẫn xem backlink về website bằng webmaster tool,,0,,0.00
backlink,hướng dẫn xoá backlink xấu bằng google webmaster tool,,0,,0.00
backlink,hướng dẫn xây dựng backlink,,0,,0.00
backlink,hướng dẫn xóa backlink xấu,,0,,0.00
backlink,hướng dẫn đi backlink cho người mới,,0,,0.00
backlink,hướng dẫn đi backlink cho người mới làm seo,,0,,0.00
backlink,hướng dẫn đi backlink seo bằng tool,,0,,0.00
backlink,hướng dẫn đi backlink seo wordpress,,0,,0.00
backlink,hướng dẫn đi backlink trên facebook,,0,,0.00
backlink,hướng dẫn đi backlink youtube,,0,,0.00
backlink,hướng dẫn đặt backlink alexa,,0,,0.00
backlink,hướng dẫn đặt backlink baidu.com,,0,,0.00
backlink,hướng dẫn đặt backlink dofollow,,0,,0.00
backlink,hướng dẫn đặt backlink hiệu quả,,0,,0.00
backlink,hướng dẫn đặt backlink trên 24h.com.vn,,0,,0.00
backlink,hướng dẫn đặt backlink trên blogpot,,0,,0.00
backlink,hướng dẫn đặt backlink trên coccoc,,0,,0.00
backlink,hướng dẫn đặt backlink trên dkn.tv,,0,,0.00
backlink,hướng dẫn đặt backlink trên lazada,,0,,0.00
backlink,hướng dẫn đặt backlink trên phimmoi,,0,,0.00
backlink,hướng dẫn đặt backlink trên taimienphi,,0,,0.00
backlink,hướng dẫn đặt backlink trên taimienphi.vn,,0,,0.00
backlink,hướng dẫn đặt backlink trên vtv,,0,,0.00
backlink,hướng dẫn đặt backlink trên zing,,0,,0.00
backlink,hướng dẫn đặt backlink tại adobe,,0,,0.00
backlink,hướng dẫn đặt backlink tại adobe.com,,0,,0.00
backlink,hướng dẫn đặt backlink youtube,,0,,0.00
backlink,hậu quả của backlink tự độn,,0,,0.00
backlink,hậu quả của backlink tự động,,0,,0.00
backlink,hệ thống backlink,,0,,0.00
backlink,hệ thống backlink từ social media,,0,,0.00
backlink,hệ thống liên kết trong seo backlink nhiều tầng,,0,,0.00
backlink,hệ thống website đi backlink,,0,,0.00
backlink,hỗ trợ ahref kiểm tra backlink,,0,,0.00
backlink,hỗ trợ backlinks,,0,,0.00
backlink,hỗ trợ tài khoản ahref kiểm tra backlink,,0,,0.00
backlink,hội click backlink,,0,,0.00
backlink,hợp tác báo đẩy backlink,,0,,0.00
backlink,iclick backlink,,0,,0.00
backlink,identify bad backlinks,,0,,0.00
backlink,if backlink lost effect your ranking,,0,,0.00
backlink,if the domain expired does backlink google still count,,0,,0.00
backlink,iftt tự động backlink,,0,,0.00
backlink,ifttt backlink commando,,0,,0.00
backlink,ifttt backlink commando elite,,0,,0.00
backlink,ifttt tạo backlink,,0,,0.00
backlink,iinspyder backlink monitor,,0,,0.00
backlink,iinspyder backlink monitor 4.1.5 cracked,,0,,0.00
backlink,image backlinks,,0,,0.00
backlink,imdb backlink,,0,,0.00
backlink,import backlink list into plugin backlink machine wp,,0,,0.00
backlink,importance of backlinks,,0,,0.00
backlink,importance of backlinks in seo,,0,,0.00
backlink,imtalk backlink generator,,0,,0.00
backlink,in backlink hay grayscale revit,,0,,0.00
backlink,increase backlink,,0,,0.00
backlink,increase google backlinks,,0,,0.00
backlink,incrementar backlinks,,0,,0.00
backlink,index backlink backlinko,,0,,0.00
backlink,index backlink fast,,0,,0.00
backlink,index backlink faster,,0,,0.00
backlink,index backlink nhanh,,0,,0.00
backlink,index backlink one hour,,0,,0.00
backlink,index backlink site vệ tinh,,0,,0.00
backlink,insert backlink to image,,0,,0.00
backlink,insert backlink to image tools,,0,,0.00
backlink,inspyder backlink monitor 5 cracked,,0,,0.00
backlink,inspyder backlink monitor cracked,,0,,0.00
backlink,instant backlink indexer,,0,,0.00
backlink,internal link and backlink,,0,,0.00
backlink,internationale backlinks,,0,,0.00
backlink,is backlink important for seo,,0,,0.00
backlink,is backlink important for seo 2019,,0,,0.00
backlink,is hotlinked images counted as backlinks,,0,,0.00
backlink,is the expired domain still have backlink,,0,,0.00
backlink,jasa backlink ac id,,0,,0.00
backlink,jasa backlink authority,,0,,0.00
backlink,jasa backlink berkualitas,,0,,0.00
backlink,jasa backlink edu dan gov,,0,,0.00
backlink,jasa backlink murah,,0,,0.00
backlink,jasa backlink murah berkualitas,,0,,0.00
backlink,jasa backlink natural,,0,,0.00
backlink,jasa backlink pbn,,0,,0.00
backlink,jasa backlink pbn murah,,0,,0.00
backlink,jasa backlink permanen,,0,,0.00
backlink,jasa backlink seo,,0,,0.00
backlink,jasa backlink terbaik,,0,,0.00
backlink,jasa bangun backlink,,0,,0.00
backlink,jasa membangun backlink,,0,,0.00
backlink,jual backlink pbn,,0,,0.00
backlink,kaliteli backlink nasıl alınır,,0,,0.00
backlink,ke hoach di backlink,,0,,0.00
backlink,keos backlinks,,0,,0.00
backlink,khi nào backlink về trên search console,,0,,0.00
backlink,khong co backlink co seo duocj khong,,0,,0.00
backlink,khong có backlink tu tweeter,,0,,0.00
backlink,khung giờ đi backlink diễn đàn,,0,,0.00
backlink,không lấy được backlink amazon,,0,,0.00
backlink,kieems backlink http www.baidu.com,,0,,0.00
backlink,kieems backlink indeed,,0,,0.00
backlink,kieems backlink live.com,,0,,0.00
backlink,kieems backlink yahoo,,0,,0.00
backlink,kiem backlink dofollow từ eventbrite.com,,0,,0.00
backlink,kiem tra backlink chết,,0,,0.00
backlink,kiem tra backlink cua trang web,,0,,0.00
backlink,kiem tra backlink trang we,,0,,0.00
backlink,kiem tra backlink trang web,,0,,0.00
backlink,kiem tra backlink trang web mien phi,,0,,0.00
backlink,kiem tra backlink video youtube,,0,,0.00
backlink,kiem tra backlink web,,0,,0.00
backlink,kiem tra backlink webmaster tool,,0,,0.00
backlink,kiem tra website co backlink,,0,,0.00
backlink,kieếm backlink từ webtreho,,0,,0.00
backlink,kieếm backlink từ webtretho,,0,,0.00
backlink,kieểm tra backlink của website,,0,,0.00
backlink,kieểm tra backlink miễn phí,,0,,0.00
backlink,kieểm tra số lượng backlink,,0,,0.00
backlink,kinh nghiem tao blog de lay backlink website,,0,,0.00
backlink,kinh nghiệm xây dựng backlink onlinebacklinks.info,,0,,0.00
backlink,kinh nghiệm đi backlink,,0,,0.00
backlink,kiếm backlink,,0,,0.00
backlink,kiếm backlink chất lượng,,0,,0.00
backlink,kiếm tiền bằng backlink,,0,,0.00
backlink,kiểm ta backlink,,0,,0.00
backlink,kiểm tra backlink bằng analytics,,0,,0.00
backlink,kiểm tra backlink cho web,,0,,0.00
backlink,kiểm tra backlink chính xác,,0,,0.00
backlink,kiểm tra backlink của tên miền,,0,,0.00
backlink,kiểm tra backlink online index,,0,,0.00
backlink,kiểm tra backlink ra ngoài,,0,,0.00
backlink,kiểm tra backlink trong google console,,0,,0.00
backlink,kiểm tra backlink trên kwfinder lại khác so với ahref,,0,,0.00
backlink,kiểm tra backlink trên website,,0,,0.00
backlink,kiểm tra backlink trả về,,0,,0.00
backlink,kiểm tra backlink trực tiếp,,0,,0.00
backlink,kiểm tra backlink trực tiếp thời gian thực,,0,,0.00
backlink,kiểm tra backlink video youtube,,0,,0.00
backlink,kiểm tra backlink wordpress,,0,,0.00
backlink,kiểm tra backlink youtube,,0,,0.00
backlink,kiểm tra backlinks,,0,,0.00
backlink,kiểm tra số lượng backlink bằng seoquake,,0,,0.00
backlink,kiểm tra số lượng backlink từ web,,0,,0.00
backlink,kiểm tra theme có backlink mã độc không,,0,,0.00
backlink,kiểm tra theme có đặt backlink không,,0,,0.00
backlink,kiểm tra trang bị chèn backlink wordpress,,0,,0.00
backlink,konkurrenters backlink profil,,0,,0.00
backlink,kostenlose backlinks,,0,,0.00
backlink,kwaliteit backlinks,,0,,0.00
backlink,kwaliteit backlinks kopen,,0,,0.00
backlink,kỹ thuật backlink,,0,,0.00
backlink,kỹ thuật backlink seo,,0,,0.00
backlink,kỹ thuật giấu backlink,,0,,0.00
backlink,kỹ thuật tạo backlink,,0,,0.00
backlink,lam sao de co backlink tu trang rut gon,,0,,0.00
backlink,lam sao de google cap nhat backlinks,,0,,0.00
backlink,lam the nao de lay backlink tu wikihow,,0,,0.00
backlink,lam the nao de loai bo backlink xau,,0,,0.00
backlink,lam theo nao de tao backlink tu dong,,0,,0.00
backlink,lao sao de tang toc do di backlink,,0,,0.00
backlink,lay backlink gov,,0,,0.00
backlink,lay backlink tu forum joomla,,0,,0.00
backlink,lay backlink từ bing,,0,,0.00
backlink,lay-backlink-tu-scoopit,,0,,0.00
backlink,laấy backlink dofollow từ vietnamnet,,0,,0.00
backlink,laấy backlink từ behance.net,,0,,0.00
backlink,laấy backlink từ codelobster.com,,0,,0.00
backlink,laấy backlink từ các trang mxk,,0,,0.00
backlink,laấy backlink từ google cloud,,0,,0.00
backlink,laấy backlink từ issuu.com,,0,,0.00
backlink,laấy backlink từ joomla.org,,0,,0.00
backlink,laấy backlink từ livedoor.jp,,0,,0.00
backlink,laấy backlink từ meetup.com,,0,,0.00
backlink,laấy backlink từ mozilla,,0,,0.00
backlink,laấy backlink từ pearltrees,,0,,0.00
backlink,laấy backlink từ pearltress,,0,,0.00
backlink,laấy backlink từ va.go,,0,,0.00
backlink,laấy backlink từ vimeo.com,,0,,0.00
backlink,lingkingz backlink,,0,,0.00
backlink,link chain backlink,,0,,0.00
backlink,link eintragen ohne backlink,,0,,0.00
backlink,link https www.semrush.com features backlinks,,0,,0.00
backlink,link sphinx backlink cracked,,0,,0.00
backlink,link trên facebook có được tính là backlink không,,0,,0.00
backlink,link video youtube trong web co phai la backlink khong,,0,,0.00
backlink,link đi backlink tốt,,0,,0.00
backlink,linkassistant quản lý hệ thống backlink,,0,,0.00
backlink,linkedin tạo backlink,,0,,0.00
backlink,linkless backlinks,,0,,0.00
backlink,lis website được backlink dofollow,,0,,0.00
backlink,list backlink 2018,,0,,0.00
backlink,list backlink dofollow 2019,,0,,0.00
backlink,list backlink gov,,0,,0.00
backlink,list backlink gov gsa,,0,,0.00
backlink,list backlink high pr,,0,,0.00
backlink,list backlink profile 2018,,0,,0.00
backlink,list backlink profile 2019,,0,,0.00
backlink,list backlink profile dofollow,,0,,0.00
backlink,list backlink vietnam,,0,,0.00
backlink,list danh sách backlink,,0,,0.00
backlink,list dofollow backlink,,0,,0.00
backlink,list ecommerce site for backlink,,0,,0.00
backlink,list forum vietnam đi backlink,,0,,0.00
backlink,list of backlinks to my site,,0,,0.00
backlink,list of edu sites for backlinks,,0,,0.00
backlink,list site pa for backlinks,,0,,0.00
backlink,list social backlink,,0,,0.00
backlink,list website backlinks 2.0,,0,,0.00
backlink,list website can backlinks,,0,,0.00
backlink,list website tot de di backlink,,0,,0.00
backlink,list website được backlink dofollow,,0,,0.00
backlink,liveleak backlink,,0,,0.00
backlink,liên kết như nào thì backlink về nhiều,,0,,0.00
backlink,loai bo backlink xau tren kenh youtube,,0,,0.00
backlink,loc backlink bang mozz,,0,,0.00
backlink,local seo backlink,,0,,0.00
backlink,lost backlink in ahref meaning,,0,,0.00
backlink,lost backlink still count,,0,,0.00
backlink,lrt backlink,,0,,0.00
backlink,làm backlink là gì,,0,,0.00
backlink,làm backlink trên mạng xã hội,,0,,0.00
backlink,làm càng nhiều backlink social bookmarking càng tốt,,0,,0.00
backlink,làm cách nào đi backlink diễn dàn nước ngoài,,0,,0.00
backlink,làm sao gan backlink,,0,,0.00
backlink,làm sao gan backlink trang nuoc ngoai,,0,,0.00
backlink,làm sao xem backlink cua trang đối tbur,,0,,0.00
backlink,làm sao đi backlink đến nhiều trang web nhanh,,0,,0.00
backlink,làm sao đặt backlinks tốt,,0,,0.00
backlink,làm sao để backlink vào hình gửi trong mail,,0,,0.00
backlink,làm sao để biết mình có bao nhiêu backlink,,0,,0.00
backlink,làm sao để biết web nào backlink doffolow,,0,,0.00
backlink,làm sao để có backlink chất lượng,,0,,0.00
backlink,làm sao để lấy backlink,,0,,0.00
backlink,làm sao để seomrush nhận back backlink,,0,,0.00
backlink,làm sao để đặt backlink trên website khác,,0,,0.00
backlink,làm thế nào để biết website đi backlink dofollow,,0,,0.00
backlink,làm thế nào để có backlink,,0,,0.00
backlink,lượng google backlinks nhiều có tốt cho website không,,0,,0.00
backlink,lượng google backlinks nhiều có tốt không,,0,,0.00
backlink,lấy backlink instagram,,0,,0.00
backlink,lấy backlink từ comment,,0,,0.00
backlink,lấy backlink từ facebook,,0,,0.00
backlink,lấy backlink từ google,,0,,0.00
backlink,lấy backlink từ onenote,,0,,0.00
backlink,lấy backlink từ pinterest,,0,,0.00
backlink,lấy backlink từ tumblr,,0,,0.00
backlink,lấy backlink từ va.go,,0,,0.00
backlink,lấy backlink từ youtube,,0,,0.00
backlink,lấy backlink từu linkin,,0,,0.00
backlink,lấy backlink youtube,,0,,0.00
backlink,majestic bulk backlink checker,,0,,0.00
backlink,majestic check backlinks,,0,,0.00
backlink,majestic external backlinks,,0,,0.00
backlink,majestic seo backlink checker,,0,,0.00
backlink,make backlink fo website,,0,,0.00
backlink,make backlink online free,,0,,0.00
backlink,make backlink static php,,0,,0.00
backlink,make backlink statis php,,0,,0.00
backlink,make backlinks for site,,0,,0.00
backlink,make effective backlink,,0,,0.00
backlink,maker backlink,,0,,0.00
backlink,manfaat backlink pada website,,0,,0.00
backlink,mange keep track backlink toool,,0,,0.00
backlink,manufacture site for backlink,,0,,0.00
backlink,marketing backlinks,,0,,0.00
backlink,marketing backlinks la gi,,0,,0.00
backlink,marketing blog online auto backlinks,,0,,0.00
backlink,mass backlink checker,,0,,0.00
backlink,mass backlink download,,0,,0.00
backlink,mass backlink submitter,,0,,0.00
backlink,mass backlink youtube,,0,,0.00
backlink,masspings com free backlink submitter,,0,,0.00
backlink,masspings free backlink,,0,,0.00
backlink,mat backlink,,0,,0.00
backlink,mega backlink indexer software,,0,,0.00
backlink,mehr backlinks,,0,,0.00
backlink,microblogging backlink,,0,,0.00
backlink,microsoft backlink,,0,,0.00
backlink,minhthanh.com backlinks,,0,,0.00
backlink,minhthanh.com backlinks check,,0,,0.00
backlink,mit google backlinks checken,,0,,0.00
backlink,mmo tool tạo backlink,,0,,0.00
backlink,mmo4me.net tool tạo backlink,,0,,0.00
backlink,money robot backlinks,,0,,0.00
backlink,monitor backlink free,,0,,0.00
backlink,monitor backlinks free,,0,,0.00
backlink,monster backlinks,,0,,0.00
backlink,mot pbn duoc tro ve bao nhieu backlink,,0,,0.00
backlink,moz backlink research,,0,,0.00
backlink,moz backlink search,,0,,0.00
backlink,moô hình xây dựng backlink,,0,,0.00
backlink,moột số trang cho đặt backlink dofollow,,0,,0.00
backlink,mua backlink 123,,0,,0.00
backlink,mua backlink an toàn cho website,,0,,0.00
backlink,mua backlink backlink123,,0,,0.00
backlink,mua backlink bat dong san,,0,,0.00
backlink,mua backlink bị google phạt,,0,,0.00
backlink,mua backlink cafe,,0,,0.00
backlink,mua backlink chat luong gia re,,0,,0.00
backlink,mua backlink chất lượng cực mạnh,,0,,0.00
backlink,mua backlink chất lượng forum,,0,,0.00
backlink,mua backlink cùng nội dung,,0,,0.00
backlink,mua backlink miễn phí ở đâu,,0,,0.00
backlink,mua backlink nuoc ngoai,,0,,0.00
backlink,mua backlink o linkhay,,0,,0.00
backlink,mua backlink seoclerk thời gian,,0,,0.00
backlink,mua backlink trang gov,,0,,0.00
backlink,mua backlink trang nươ c ngoa i,,0,,0.00
backlink,mua backlink trọn đời,,0,,0.00
backlink,mua backlink tại inksmanagement,,0,,0.00
backlink,mua backlink tại inksmanagement.com,,0,,0.00
backlink,mua backlink tại đà nẵng,,0,,0.00
backlink,mua backlink việt,,0,,0.00
backlink,mua backlink web báo chí lớn có tốt không,,0,,0.00
backlink,mua backlink xong cần làm gì,,0,,0.00
backlink,mua backlink youtube,,0,,0.00
backlink,music backlinks,,0,,0.00
backlink,muviza backlink,,0,,0.00
backlink,my backlink index how long does it take to google,,0,,0.00
backlink,mywot.com backlink,,0,,0.00
backlink,mô hình backlink hiệu quả,,0,,0.00
backlink,mô hình backlink hình tháp,,0,,0.00
backlink,mô hình xây dựng backlink,,0,,0.00
backlink,mô hình xây dựng backlink kim tự tháp,,0,,0.00
backlink,mất backlink trên webmater tool,,0,,0.00
backlink,mất tất cả backlink,,0,,0.00
backlink,mỗi bài post nên có bao nhiêu external backlink,,0,,0.00
backlink,mỗi ngày nên đi bao nhiêu backlink,,0,,0.00
backlink,một số trang tạo backlink tốt,,0,,0.00
backlink,mức độ liên kết backlink,,0,,0.00
backlink,naver backlink,,0,,0.00
backlink,nederlandse backlinks,,0,,0.00
backlink,neil patel backlink checker,,0,,0.00
backlink,neil patel backlinks,,0,,0.33
backlink,nen chay backlink tren cac trang web nao,,0,,0.00
backlink,nette backlink,,0,,0.00
backlink,nghiên cứu backlink,,0,,0.00
backlink,nghiên cứu backlinks,,0,,0.00
backlink,nguon backlink hop phap,,0,,0.00
backlink,nguon backlink viet nam,,0,,0.00
backlink,nguồn backlink,,0,,0.00
backlink,nguồn backlink chất lượng lấy từ đâu,,0,,0.00
backlink,nguồn backlink cực mạnh,,0,,0.00
backlink,nguồn backlink từ facebook,,0,,0.00
backlink,nhan build backlink,,0,,0.00
backlink,nhung mang xa hoi kiem backlink chất lượng,,0,,0.00
backlink,nhung trang cho dat backlink,,0,,0.00
backlink,nhung trang cho dat backlink co pr 10,,0,,0.00
backlink,nhung trang cho dat backlink hieu qua,,0,,0.00
backlink,nhung trang web cho dat backlink hay,,0,,0.00
backlink,nhung website dat backlink tot,,0,,0.00
backlink,nhung website dat backlink tot nhat,,0,,0.00
backlink,nhận build backlink,,0,,0.00
backlink,nhận đi backlink gsa,,0,,0.00
backlink,nhận đi backlink profile,,0,,0.00
backlink,những cách xây dựng backlink,,0,,0.00
backlink,những cách đi backlink,,0,,0.00
backlink,những diễn đàn backlink tốt nhất hiện nay,,0,,0.00
backlink,những diễn đàn có backlink dofollow ấn tượng,,0,,0.00
backlink,những forum tạo backlink dofollow,,0,,0.00
backlink,những mạng xã hội backlink chất lượng,,0,,0.00
backlink,những mạng xã hội cho đặt backlink,,0,,0.00
backlink,những nguồn backlink hiệu quả,,0,,0.00
backlink,những nơi đăng backlink,,0,,0.00
backlink,những trang cho phép gửi backlink,,0,,0.00
backlink,những trang tạo backlink,,0,,0.00
backlink,những trang web bất động sản miễn phí đặt backlink,,0,,0.00
backlink,những trang web bất động sản đặt backlink miễn phí,,0,,0.00
backlink,những trang web cho phép gửi backlink,,0,,0.00
backlink,những trang web gov cho đặt backlink,,0,,0.00
backlink,những trang web top việt nam cho đặt backlink,,0,,0.00
backlink,những trang web đặt backlink miễn phí,,0,,0.00
backlink,những trang web đặt backlink tốt,,0,,0.00
backlink,những tên miền backlink chất lượng,,0,,0.00
backlink,niche backlinks,,0,,0.00
backlink,no backlinks,,0,,0.00
backlink,no follow vào backlink,,0,,0.00
backlink,noi cho dat backlink mien phi,,0,,0.00
backlink,noơi kiếm backlink cho video,,0,,0.00
backlink,nên tạo backlink youtube tự động ko,,0,,0.00
backlink,nên đi backlink 2 tầng hay 1 tầng,,0,,0.00
backlink,nên đi backlink số lượng như thế nào,,0,,0.00
backlink,nên đi backlink trên forum hay site vệ tinh,,0,,0.00
backlink,nên đặt backlink ở những mạng xã hội nào,,0,,0.00
backlink,nơi chia sẻ backlink,,0,,0.00
backlink,nội dung backlink hiệu quả,,0,,0.00
backlink,o que são backlinks,,0,,0.00
backlink,o que é auditoria de backlinks,,0,,0.00
backlink,o que é backlink,,0,,0.00
backlink,okcoming.com đặt backlink xấu,,0,,0.00
backlink,on-page seo offpage seo về backlink là gì,,0,,0.00
backlink,one page website have backlink,,0,,0.00
backlink,online backlink checker tool,,0,,0.00
backlink,online free backlink maker,,0,,0.00
backlink,online seo backlink,,0,,0.00
backlink,open site explorer backlink checker,,0,,0.00
backlink,organic backlink generator,,0,,0.00
backlink,outils backlinks,,0,,0.00
backlink,overuse backlink from quora,,0,,0.00
backlink,pa da tf domain backlinks,,0,,0.00
backlink,paco de backlinks,,0,,0.00
backlink,pacote backlinks,,0,,0.00
backlink,paid backlinks,,0,,0.00
backlink,paper li backlink,,0,,0.00
backlink,pbn backlink service,,0,,0.00
backlink,pbn backlinks kaufen,,0,,0.00
backlink,pbn backlinks software,,0,,0.00
backlink,pbn blog post backlinks,,0,,0.00
backlink,penguin 4.0 backlinks,,0,,0.00
backlink,perfekter backlink,,0,,0.00
backlink,permanent homepage backlinks,,0,,0.00
backlink,phan mem backlink comment blog,,0,,0.00
backlink,phan mem check backlink tu dong,,0,,0.00
backlink,phan mem gui backlink,,0,,0.00
backlink,phan mem kiem tra backlink,,0,,0.00
backlink,phan mem submit backlink,,0,,0.00
backlink,phan mem tao backlink seo youtube,,0,,0.00
backlink,phan tich backlink,,0,,0.00
backlink,phan tich backlink tu google analytics,,0,,0.00
backlink,phaần mềm backlink,,0,,0.00
backlink,phaần mềm tạo backlink,,0,,0.00
backlink,phaần mềm đi backlink,,0,,0.00
backlink,php auto backlink script,,0,,0.00
backlink,phpinfo backlinks,,0,,0.00
backlink,phân bổ backlink,,0,,0.00
backlink,phân loại diễn đàn backlink,,0,,0.00
backlink,phân tích backlink videos đối thủ,,0,,0.00
backlink,phân tích backlink videosđối thủ,,0,,0.00
backlink,phân tích backlink đối thủ,,0,,0.00
backlink,phương pháp tìm backlink google,,0,,0.00
backlink,phương pháp xây dựng backlink,,0,,0.00
backlink,phương pháp đặt backlink,,0,,0.00
backlink,phạt các backlink,,0,,0.00
backlink,phần mềm backlink,,0,,0.00
backlink,phần mềm backlink beast full,,0,,0.00
backlink,phần mềm backlink gsa,,0,,0.00
backlink,phần mềm backlink mien phi,,0,,0.00
backlink,phần mềm chạy backlink,,0,,0.00
backlink,phần mềm kiểm tra backlink 2019,,0,,0.00
backlink,phần mềm quản lý backlink,,0,,0.00
backlink,phần mềm seo backlink miễn phí,,0,,0.00
backlink,phần mềm thống kê backlink,,0,,0.00
backlink,phần mềm tạo backlink dofollow 2016,,0,,0.00
backlink,phần mềm tạo backlink tốt nhất,,0,,0.00
backlink,phần mềm tạo backlink youtube,,0,,0.00
backlink,phần mềm xây dựng backlink,,0,,0.00
backlink,phần mềm đặt backlink,,0,,0.00
backlink,ping alexa backlink,,0,,0.00
backlink,ping backlink ahref,,0,,0.00
backlink,ping backlink free tool,,0,,0.00
backlink,ping backlink google,,0,,0.00
backlink,ping backlink la gi,,0,,0.00
backlink,ping backlink là gì,,0,,0.00
backlink,pink backlink,,0,,0.00
backlink,pink seo backlink,,0,,0.00
backlink,pinterest backlinks seo,,0,,0.00
backlink,place to buy backlink,,0,,0.00
backlink,plaftform video backlink,,0,,0.00
backlink,platform video backlink,,0,,0.00
backlink,plugin backlink wp,,0,,0.00
backlink,plugin backlink wp blackhatprotools,,0,,0.00
backlink,plugin chặn bot thu thập backlink,,0,,0.00
backlink,pluin xoá backlink,,0,,0.00
backlink,pnb backlink,,0,,0.00
backlink,podcast pages backlinks,,0,,0.00
backlink,podcast pages with dofollow backlinks,,0,,0.00
backlink,possible to find backlinks without paying for ahrefs reddit,,0,,0.00
backlink,powerful backlinks,,0,,0.00
backlink,pr 9 backlink website,,0,,0.00
backlink,prefix backlink checker,,0,,0.00
backlink,premium guest post backlinks,,0,,0.00
backlink,print on demand site for backlink,,0,,0.00
backlink,private blog network backlinks,,0,,0.00
backlink,private network backlinks,,0,,0.00
backlink,profil backlinks,,0,,0.00
backlink,profile backlink service,,0,,0.00
backlink,profile backlink site list 2018,,0,,0.00
backlink,profiles backlink worth or risk,,0,,0.00
backlink,psy backlink,,0,,0.00
backlink,purchase high quality backlinks,,0,,0.00
backlink,put backlink for k2,,0,,0.00
backlink,quality backlinks kaise bnaye,,0,,0.00
backlink,quality backlinks service,,0,,0.00
backlink,que backlink comprar,,0,,0.00
backlink,que backlinks tengo,,0,,0.00
backlink,que es un backlink y para que sirve,,0,,0.00
backlink,que son los backlinks,,0,,0.00
backlink,que son y para que sirven los backlinks,,0,,0.00
backlink,quick way to build backlink ecommerce site,,0,,0.00
backlink,quick-seo-pagerank-backlink,,0,,0.00
backlink,quy dịnh backlink của google,,0,,0.00
backlink,quy trinh build backlink authority sites,,0,,0.00
backlink,quy trình đi backlink,,0,,0.00
backlink,quy định số bài đăng để đặt backlink trên forum,,0,,0.00
backlink,quá trình quan trọng xây dưng backlink onlinebacklinks.info,,0,,0.00
backlink,quét backlink website,,0,,0.00
backlink,quét backlink đối thủ có lợi gì,,0,,0.00
backlink,quản lý backlink,,0,,0.00
backlink,quảng cáo backlink,,0,,0.00
backlink,quảng cáo fb có seo được backlink,,0,,0.00
backlink,quảng cáo hay mua backlink,,0,,0.00
backlink,rank sig backlink,,0,,0.00
backlink,rank website without backlinks,,0,,0.00
backlink,ranking without backlinks,,0,,0.00
backlink,real estate backlinks,,0,,0.00
backlink,reclaim backlink ahref,,0,,0.00
backlink,reclame backlink ahref,,0,,0.00
backlink,recursos gratuitos para obtener backlinks,,0,,0.00
backlink,redaktionelle backlinks agentur,,0,,0.00
backlink,reddit seo backlinks,,0,,0.00
backlink,redirect backlink là gì,,0,,0.00
backlink,redirect url lấy backlink,,0,,0.00
backlink,related backlink,,0,,0.00
backlink,remove backlink xau,,0,,0.00
backlink,remove bad backlinks reddit,,0,,0.00
backlink,remove malware backlink,,0,,0.00
backlink,remove toxic backlinks,,0,,0.00
backlink,report google backlink bẩn,,0,,0.00
backlink,reputation backlink,,0,,0.00
backlink,role backlink for url,,0,,0.00
backlink,role of backlink for url 2018,,0,,0.00
backlink,rose của backlink,,0,,0.00
backlink,saber backlinks,,0,,0.00
backlink,saber backlinks de una web,,0,,0.00
backlink,saigonews backlink,,0,,0.00
backlink,sao chép website để lấy backlink,,0,,0.00
backlink,sao dựa trên backlink,,0,,0.00
backlink,sape backlinks,,0,,0.00
backlink,scan backlink online,,0,,0.00
backlink,scan backlinks offline,,0,,0.00
backlink,scan site backlinks,,0,,0.00
backlink,scrapebox backlinks,,0,,0.00
backlink,search engine backlinks,,0,,0.00
backlink,search engine optimization backlinks,,0,,0.00
backlink,see site backlinks,,0,,0.00
backlink,seemrush backlink là gì,,0,,0.00
backlink,sell backlink news global,,0,,0.00
backlink,sell backlinks high da pa,,0,,0.00
backlink,semrush backlink audit tool,,0,,0.00
backlink,semrush backlink tool,,0,,0.00
backlink,semrush backlinks service,,0,,0.00
backlink,semrush subdomain backlinks,,0,,0.00
backlink,semrush subdomains backlink là gì,,0,,0.00
backlink,seo audit backlinks,,0,,0.00
backlink,seo backlink 2015,,0,,0.00
backlink,seo backlink analysis,,0,,0.00
backlink,seo backlink audit,,0,,0.00
backlink,seo backlink building software,,0,,0.00
backlink,seo backlink campaign,,0,,0.00
backlink,seo backlink chat luong,,0,,0.00
backlink,seo backlink checker tool free,,0,,0.00
backlink,seo backlink create,,0,,0.00
backlink,seo backlink generator,,0,,0.00
backlink,seo backlink report,,0,,0.00
backlink,seo backlink software free download,,0,,0.00
backlink,seo backlink tool free,,0,,0.00
backlink,seo backlink trên google documents,,0,,0.00
backlink,seo backlink trên webtretho,,0,,0.00
backlink,seo backlink video youtube,,0,,0.00
backlink,seo backlink xếp hạng trạng,,0,,0.00
backlink,seo backlink ảnh hưởng gì đến xếp hạng trạng,,0,,0.00
backlink,seo backlinks 2019,,0,,0.00
backlink,seo backlinks apk full,,0,,0.00
backlink,seo backlinks example,,0,,0.00
backlink,seo backlinks explained,,0,,0.00
backlink,seo backlinks for casinos,,0,,0.00
backlink,seo backlinks kaufen,,0,,0.00
backlink,seo backlinks meaning,,0,,0.00
backlink,seo backlinks pyramid,,0,,0.00
backlink,seo backlinks software free download,,0,,0.00
backlink,seo competitor backlinks,,0,,0.00
backlink,seo di backlink,,0,,0.00
backlink,seo dofollow backlinks,,0,,0.00
backlink,seo google drive backlink,,0,,0.00
backlink,seo import link backlink,,0,,0.00
backlink,seo khong backlink,,0,,0.00
backlink,seo offpage và backlink,,0,,0.00
backlink,seo pbn backlinks,,0,,0.00
backlink,seo pinterest backlinks,,0,,0.00
backlink,seo review tools backlink checker,,0,,0.00
backlink,seo sem backlinks,,0,,0.00
backlink,seo tool backlink checker,,0,,0.00
backlink,seo top youtube bằng backlink,,0,,0.00
backlink,seo trường phái backlink,,0,,0.00
backlink,seo unity backlinks,,0,,0.00
backlink,seo và backlink,,0,,0.00
backlink,seo web nen đặt backlink,,0,,0.00
backlink,seo web đi backlink có còn sử dụng,,0,,0.00
backlink,seo without backlinks,,0,,0.00
backlink,seo youtube backlinks,,0,,0.00
backlink,seo đi backlink có sao ko,,0,,0.00
backlink,seo đặt backlink,,0,,0.00
backlink,seofreetips net do follow authority backlink,,0,,0.00
backlink,seomoz backlink checker,,0,,0.00
backlink,seoonpage backlink,,0,,0.00
backlink,seoprofiler backlink checker,,0,,0.00
backlink,seoprofiler backlinks,,0,,0.00
backlink,seoquake backlinks,,0,,0.00
backlink,seotuts update share backlink dr,,0,,0.00
backlink,ser backlink,,0,,0.00
backlink,serpbook backlinks,,0,,0.00
backlink,share backlink dofollow,,0,,0.00
backlink,share backlink dofollow edu,,0,,0.00
backlink,share backlink dr,,0,,0.00
backlink,share backlink dr 89 do follow link authority indexable,,0,,0.00
backlink,share backlink ngon,,0,,0.00
backlink,share backlink nuc ngai,,0,,0.00
backlink,share backlink nuoc ngoai,,0,,0.00
backlink,share backlink site,,0,,0.00
backlink,share high da di backlink,,0,,0.00
backlink,share list backlink gov gsa,,0,,0.00
backlink,share list site backlink,,0,,0.00
backlink,share website cho đặt backlink doffolow,,0,,0.00
backlink,share website nuc ngai cho đặt backlink doffolow,,0,,0.00
backlink,share website nuoc ngoai cho đặt backlink dofollow,,0,,0.00
backlink,should i build nofollow backlink,,0,,0.00
backlink,should i delete spam backlink,,0,,0.00
backlink,show backlink,,0,,0.00
backlink,sinnvolle backlinks,,0,,0.00
backlink,site backlink analysis,,0,,0.00
backlink,site backlink google,,0,,0.00
backlink,site backlink sorgulama,,0,,0.00
backlink,site blackhatworld.com site backlink youtube,,0,,0.00
backlink,site blackhatworld.com site backlink youtune,,0,,0.00
backlink,site centralland.com.vn inurl backlink,,0,,0.00
backlink,site diendanseo.backlink.com.vn,,0,,0.00
backlink,site explorer backlink checker,,0,,0.00
backlink,site forum.idichvuseo.com các diễn đàn cho đặt backlink,,0,,0.00
backlink,site http backlink.meu.vn,,0,,0.00
backlink,site http rseo.vn project backlink,,0,,0.00
backlink,site https backlinko.com build-awesome-backlinks backlinko.com,,0,,0.00
backlink,site ink-assistant.com backlink check,,0,,0.00
backlink,site link-assistant.com backlink check,,0,,0.00
backlink,site seobenvung.com đặt backlink,,0,,0.00
backlink,site vệ tinh pr cao để đi backlink,,0,,0.00
backlink,site đi backlink,,0,,0.00
backlink,site-wide backlinks,,0,,0.00
backlink,sitios brasil donde conseguir backlinks,,0,,0.00
backlink,skip google backlink,,0,,0.00
backlink,small seo backlink checker,,0,,0.00
backlink,small seo tool backlink,,0,,0.00
backlink,small seo tools backlink maker,,0,,0.00
backlink,small seo tools free backlinks,,0,,0.00
backlink,smallseotool backlink,,0,,0.00
backlink,smallseotool backlink generator,,0,,0.00
backlink,smallseotools backlinks,,0,,0.00
backlink,smallseotools com backlink maker,,0,,0.00
backlink,so sánh backlink traffic,,0,,0.00
backlink,social bookmark backlink pownpoint template,,0,,0.00
backlink,social bookmark backlink pptx,,0,,0.00
backlink,social bookmark backlink template,,0,,0.00
backlink,social bookmarking backlinks,,0,,0.00
backlink,social bookmarks high quality backlinks rss and ping,,0,,0.00
backlink,social dofollow backlinks,,0,,0.00
backlink,social media backlinks seo,,0,,0.00
backlink,social media for backlinks,,0,,0.00
backlink,social_backlinks_v2.2.12,,0,,0.00
backlink,source backlinks,,0,,0.00
backlink,spam backlink là gì,,0,,0.00
backlink,spam backlink pw,,0,,0.00
backlink,spam backlink youtube,,0,,0.00
backlink,spammy backlinks negative seo,,0,,0.00
backlink,spamrats huong dan xoa backlink,,0,,0.00
backlink,speed link backlink index,,0,,0.00
backlink,spin trong backlink là gì,,0,,0.00
backlink,spy backlinks,,0,,0.00
backlink,spy competitor backlink,,0,,0.00
backlink,star link backlink,,0,,0.00
backlink,starke backlinks,,0,,0.00
backlink,stevenage backlink agency,,0,,0.00
backlink,su dung iclick dùng backlink,,0,,0.00
backlink,su dung imgur.com dat backlink,,0,,0.00
backlink,subdomain backlinks là gì,,0,,0.00
backlink,submit backlink hàng loạt,,0,,0.00
backlink,submit backlink là gì,,0,,0.00
backlink,submit backlink để làm gì,,0,,0.00
backlink,submit backlinks để làm gì,,0,,0.00
backlink,submit url backlink,,0,,0.00
backlink,submit url for backlinks,,0,,0.00
backlink,submit url free backlink,,0,,0.00
backlink,swat backlink checker,,0,,0.00
backlink,săn tìm backlink với google alerts,,0,,0.00
backlink,sơ đồ backlink cho kênh youtube,,0,,0.00
backlink,sơ đồ đi link backlink,,0,,0.00
backlink,số lượng backlink,,0,,0.00
backlink,sử dụng thẻ rel trong backlink,,0,,0.00
backlink,tai sao can xay dung backlinks,,0,,0.00
backlink,tai sao webmaster tool khoong nhan backlink,,0,,0.00
backlink,tao backlink bằng google cloud,,0,,0.00
backlink,tao backlink chat luong mien phi,,0,,0.00
backlink,tao backlink cho trang web,,0,,0.00
backlink,tao backlink hang loat,,0,,0.00
backlink,tao backlink tren pinterest,,0,,0.00
backlink,tao backlink tren wikipedia,,0,,0.00
backlink,tao backlink tu dong cho web,,0,,0.00
backlink,tao backlink tu dong mien phi,,0,,0.00
backlink,tao backlink tu dong tu website,,0,,0.00
backlink,tao backlink tu dong voi 1 cu lick,,0,,0.00
backlink,tao backlink website hang loat,,0,,0.00
backlink,tao backlink youtube,,0,,0.00
backlink,tao backlink youtube tony trieu,,0,,0.00
backlink,tao blog làm backlink,,0,,0.00
backlink,tao he thong backlink mien phi youtube,,0,,0.00
backlink,tao5 backlink cho youtube,,0,,0.00
backlink,taoọ backlink miễn phí,,0,,0.00
backlink,taại sao phải có backlink,,0,,0.00
backlink,taạo backlink chất lượng youtube,,0,,0.00
backlink,tekzoom tool tạo backlink,,0,,0.00
backlink,thach pham backlink,,0,,0.00
backlink,the best bilding backlink seo 2017,,0,,0.00
backlink,the best building backlink seo 2017,,0,,0.00
backlink,the common backlinks tool,,0,,0.00
backlink,the nao goi la backlink,,0,,0.00
backlink,theo dõi backlink,,0,,0.00
backlink,thewpclub hack hidden backlink,,0,,0.00
backlink,theế nào là một backlink chất lượng,,0,,0.00
backlink,thiết kế backlinks,,0,,0.00
backlink,thong ke backlink,,0,,0.00
backlink,through our incredible 380+ high authority seo backlinks for 17,,0,,0.00
backlink,thu thuat di backlink,,0,,0.00
backlink,thu thuat keo backlink 2016 ve web,,0,,0.00
backlink,thu thuat keo backlink ve website 2016,,0,,0.00
backlink,thu thuat seo backlink 2016,,0,,0.00
backlink,thu thuat seo backlink 2016 ve web,,0,,0.00
backlink,thue backlink,,0,,0.00
backlink,thuê 1k backlink,,0,,0.00
backlink,thuê link 1k backlink,,0,,0.00
backlink,thuê người đi backlink,,0,,0.00
backlink,thuê text backlink,,0,,0.00
backlink,thuê đặt backlink,,0,,0.00
backlink,thuê đặt backlink uy tín,,0,,0.00
backlink,thuê đặt backlinks gov,,0,,0.00
backlink,thuật ngữ backlink là gì,,0,,0.00
backlink,thuủ tướng vũ đức đam backlink,,0,,0.00
backlink,tháp seo backlink,,0,,0.00
backlink,thêm backlink cho web,,0,,0.00
backlink,thêm backlink youtube lên iclick,,0,,0.00
backlink,thêm thuộc tính nofollow cho backlink,,0,,0.00
backlink,thông báo backlink cho website,,0,,0.00
backlink,thông báo khi có backlink cho website,,0,,0.00
backlink,thế nào là 1 backlink tốt,,0,,0.00
backlink,thời gian bot google check backlink,,0,,0.00
backlink,thời gian trong tools index backlink,,0,,0.00
backlink,thực hành backlink,,0,,0.00
backlink,tiered backlink service,,0,,0.00
backlink,tim backlink lien quan,,0,,0.00
backlink,tim backlink xau bang ahrefs,,0,,0.00
backlink,tim kiem backlink chat luong 2018,,0,,0.00
backlink,tim-kiem-backlink-edu-vn-tren-google,,0,,0.00
backlink,tiêu chuẩn mua backlink,,0,,0.00
backlink,tiêu chí chọn backlink,,0,,0.00
backlink,tiêu đê h2 che n backlinks đươ c ko,,0,,0.00
backlink,tong hip cac trang backlink hieu qua,,0,,0.00
backlink,tong hop 5000 backlinks,,0,,0.00
backlink,tong hop cac website backlink web,,0,,0.00
backlink,tong hop dien dan dang backlink tot nhat 2017,,0,,0.00
backlink,tool backlink checker,,0,,0.00
backlink,tool backlink dien dan 2.0,,0,,0.00
backlink,tool backlink pro,,0,,0.00
backlink,tool backlink vietnam,,0,,0.00
backlink,tool backlink viê t nam,,0,,0.00
backlink,tool backlink việt nam,,0,,0.00
backlink,tool backlink youtube,,0,,0.00
backlink,tool backlinks youtube,,0,,0.00
backlink,tool build backlink,,0,,0.00
backlink,tool bơm backlink,,0,,0.00
backlink,tool bắn backlink chất lượng,,0,,0.00
backlink,tool bắn backlink tốt nhất,,0,,0.00
backlink,tool cha y backlink,,0,,0.00
backlink,tool check backlink doi thu,,0,,0.00
backlink,tool chạy backlink tot nhat,,0,,0.00
backlink,tool dùng crawl backlink của site,,0,,0.00
backlink,tool kiem tra backlink,,0,,0.00
backlink,tool nghiên cứu backlink free,,0,,0.00
backlink,tool phân tích backlink,,0,,0.00
backlink,tool search backlink xấu,,0,,0.00
backlink,tool spam backlink,,0,,0.00
backlink,tool submit backlink hàng loạt,,0,,0.00
backlink,tool tạo backlink cho youtube,,0,,0.00
backlink,tool tạo backlink online,,0,,0.00
backlink,tool tạo backlink reddit 9gang,,0,,0.00
backlink,tool tạo backlink tu dong,,0,,0.00
backlink,tool tạo backlink tự động,,0,,0.00
backlink,tool tự động tạo backlink cho youtube,,0,,0.00
backlink,tool tự động đi backlink,,0,,0.00
backlink,tool đi backlink tự động,,0,,0.00
backlink,top 10 backlink chat luong,,0,,0.00
backlink,top 10 diễn đàn đi backlink tốt nhất,,0,,0.00
backlink,top 100 backlinks sites,,0,,0.00
backlink,top 5 kiểm tra backlink,,0,,0.00
backlink,top backlinks 2018,,0,,0.00
backlink,top cac website backlink doflow,,0,,0.00
backlink,top cac website backlink dofollow,,0,,0.00
backlink,top cac website được backlink dofollow,,0,,0.00
backlink,top forum backlink tốt nhất,,0,,0.00
backlink,top forum get backlink in singapore,,0,,0.00
backlink,top trang cho backlink,,0,,0.00
backlink,top website to backlink youtube,,0,,0.00
backlink,total backlinks là gì,,0,,0.00
backlink,toxische backlinks,,0,,0.00
backlink,tra doi mua ban backlink,,0,,0.00
backlink,traffic khác backlink,,0,,0.00
backlink,traffic và backlink cái nào quan trọng hơn,,0,,0.00
backlink,trang backlink,,0,,0.00
backlink,trang backlink bâ t dong san,,0,,0.00
backlink,trang backlink hiệu quả,,0,,0.00
backlink,trang backlink hiệu quả autu,,0,,0.00
backlink,trang backlink video,,0,,0.00
backlink,trang backlink video youtube,,0,,0.00
backlink,trang backlink youtube,,0,,0.00
backlink,trang backlinks,,0,,0.00
backlink,trang cài đặt backlink,,0,,0.00
backlink,trang có da pa cao cho lấy backlink,,0,,0.00
backlink,trang phân tích backlink,,0,,0.00
backlink,trang tao backlink,,0,,0.00
backlink,trang tao backlink cho youtobe,,0,,0.00
backlink,trang tạo backlinks,,0,,0.00
backlink,trang web cùng hosting liên kết backlink,,0,,0.00
backlink,trang web kiểm tra backlink,,0,,0.00
backlink,trang web mới lập không hiển thị backlink,,0,,0.00
backlink,trang web ping backlink,,0,,0.00
backlink,trang web ping backlink miễn phí,,0,,0.00
backlink,trang web rao vặt backlink tốt,,0,,0.00
backlink,trang web tạo backlink,,0,,0.00
backlink,trang web tạo backlink cho youtube online,,0,,0.00
backlink,trang web tạo backlink online,,0,,0.00
backlink,trang web để đi backlink youtube,,0,,0.00
backlink,trang đặt backlink gov edu,,0,,0.00
backlink,trao đổi backlink là gì,,0,,0.00
backlink,trao đổi backlink miễn phí,,0,,0.00
backlink,trao đổi backlink với website có pr cao,,0,,0.00
backlink,trao đổi textlink backlink bài viết,,0,,0.00
backlink,trao đổi textlink backlink bài viết website,,0,,0.00
backlink,trao đổi traffic backlink,,0,,0.00
backlink,trao đổi traffic cho website và trao đổi backlink,,0,,0.00
backlink,trustfollow backlink,,0,,0.00
backlink,truy tìm backlink youtube,,0,,0.00
backlink,trình rải backlink,,0,,0.00
backlink,trỏ backlink từ google plus,,0,,0.00
backlink,trỏ backlink từ linkedin,,0,,0.00
backlink,ttff tự động backlink,,0,,0.00
backlink,tu choi backlinks,,0,,0.00
backlink,tu dong di backlink,,0,,0.00
backlink,tu dong tao backlink anchor,,0,,0.00
backlink,tube backlink commando,,0,,0.00
backlink,tumblr backlinks,,0,,0.00
backlink,tuừ chối backlink nhận lại backlink,,0,,0.00
backlink,tuự động tạo backlink,,0,,0.00
backlink,twitter backlink,,0,,0.00
backlink,tác dụng của backlink,,0,,0.00
backlink,técnicas efectivas para conseguir backlinks,,0,,0.00
backlink,tìm backlink,,0,,0.00
backlink,tìm backlink google search,,0,,0.00
backlink,tìm backlink đối thủ,,0,,0.00
backlink,tìm các backlink chất lượng của website,,0,,0.00
backlink,tìm các backlink chất lượng của website bằng ahref,,0,,0.00
backlink,tìm forum đi backlink dofollow,,0,,0.00
backlink,tìm hiểu về backlink cho người mới,,0,,0.00
backlink,tìm kiếm backlink chất lượng,,0,,0.00
backlink,tìm người làm backlink,,0,,0.00
backlink,tìm những backlink chất lượng gtv seo,,0,,0.00
backlink,tính số lượng backlink,,0,,0.00
backlink,tăng backlink cho website,,0,,0.00
backlink,tăng backlink traffic website,,0,,0.00
backlink,tăng backlink world search engines,,0,,0.00
backlink,tăng traffic cho website và trao đổi backlink,,0,,0.00
backlink,tăng tốc backlink đổ về,,0,,0.00
backlink,tại sao không có backlink vẫn lên top,,0,,0.00
backlink,tại sao trang web mới kiểm tra không có backlink,,0,,0.00
backlink,tại sao web không có backlink,,0,,0.00
backlink,tạo backlink cho fanpage,,0,,0.00
backlink,tạo backlink cho fanpage de lam gi,,0,,0.00
backlink,tạo backlink cho video youtube,,0,,0.00
backlink,tạo backlink cho web hiện một kiểu link một kiểu,,0,,0.00
backlink,tạo backlink cho web sai khác,,0,,0.00
backlink,tạo backlink cho website bằng ahref,,0,,0.00
backlink,tạo backlink cho website khác,,0,,0.00
backlink,tạo backlink cho website wordpress,,0,,0.00
backlink,tạo backlink chuyển hướng google,,0,,0.00
backlink,tạo backlink chất lượng,,0,,0.00
backlink,tạo backlink chất lượng cho youtube,,0,,0.00
backlink,tạo backlink chất lượng youtube,,0,,0.00
backlink,tạo backlink dien dan,,0,,0.00
backlink,tạo backlink dien dan 400,,0,,0.00
backlink,tạo backlink dofollow,,0,,0.00
backlink,tạo backlink goo.gl,,0,,0.00
backlink,tạo backlink google plus,,0,,0.00
backlink,tạo backlink là gì,,0,,0.00
backlink,tạo backlink miễn phí,,0,,0.00
backlink,tạo backlink miễn phí trên 9gag,,0,,0.00
backlink,tạo backlink nhanh,,0,,0.00
backlink,tạo backlink như thế nào,,0,,0.00
backlink,tạo backlink trong wordpress,,0,,0.00
backlink,tạo backlink trên facebook,,0,,0.00
backlink,tạo backlink trên https www.yahoo.co.jp,,0,,0.00
backlink,tạo backlink tại sao kiểm tra không có,,0,,0.00
backlink,tạo backlink từ 100 mạng xã hội,,0,,0.00
backlink,tạo backlink từ bài viết trên facebook,,0,,0.00
backlink,tạo backlink từ google,,0,,0.00
backlink,tạo backlink từ wikipedia,,0,,0.00
backlink,tạo backlink tự động cho youtube,,0,,0.00
backlink,tạo backlink tự độngcho website,,0,,0.00
backlink,tạo backlink va o nhiê u web vê tinh,,0,,0.00
backlink,tạo backlink vào nhiều web vệ tinh,,0,,0.00
backlink,tạo backlink với archive.org,,0,,0.00
backlink,tạo backlink website với youtube,,0,,0.00
backlink,tạo backlink xấu,,0,,0.00
backlink,tạo backlink youtube la gi,,0,,0.00
backlink,tạo backlinks bất động sản,,0,,0.00
backlink,tạo backlinks dofollow cho youtube tự động,,0,,0.00
backlink,tạo backlinks dofollow tự động,,0,,0.00
backlink,tạo hàng ngàn redirect backlink chỉ vài cú click,,0,,0.00
backlink,tạo nút ấn backlink trong email,,0,,0.00
backlink,tầm ảnh hưởng của backlink đến thứ hạng từ kháo,,0,,0.00
backlink,tỉ lệ các loại backlink,,0,,0.00
backlink,tỉ lệ các loại backlink gtv,,0,,0.00
backlink,tối ưu backlinks,,0,,0.00
backlink,tối ưu hóa backlink,,0,,0.00
backlink,tối ưu hóa backlinks,,0,,0.00
backlink,tổng hợp backlink 2018,,0,,0.00
backlink,tổng hợp các diễn đàn backlink chất lượng cao,,0,,0.00
backlink,tổng hợp diễn đàm backlink seo mũ đen,,0,,0.00
backlink,tổng hợp diễn đàn backlink,,0,,0.00
backlink,tổng hợp diễn đàn backlink seo mũ đen,,0,,0.00
backlink,tổng hợp forum backlink,,0,,0.00
backlink,tổng hợp forum backlink seo mũ đen,,0,,0.00
backlink,tổng quan về backlinks,,0,,0.00
backlink,từ chối backlink google discover,,0,,0.00
backlink,từ khóa đi backlink,,0,,0.00
backlink,từ khóa để đi backlink youtube,,0,,0.00
backlink,tự động tạo backlink,,0,,0.00
backlink,unnatural backlinks,,0,,0.00
backlink,url shortener backlink,,0,,0.00
backlink,using scrabox to create backlink,,0,,0.00
backlink,vai trò backlink,,0,,0.00
backlink,vai trò backlinks,,0,,0.00
backlink,vai trò của backlink,,0,,0.00
backlink,validate backlink,,0,,0.00
backlink,ver backlinks,,0,,0.00
backlink,ver backlinks de mi web,,0,,0.00
backlink,ver backlinks de una pagina,,0,,0.00
backlink,ver backlinks de una web,,0,,0.00
backlink,ver los backlinks de una web,,0,,0.00
backlink,verificar backlinks,,0,,0.00
backlink,verifier ses backlinks,,0,,0.00
backlink,vfp backlink,,0,,0.00
backlink,vi du blog backlink cho my pham tot nhat,,0,,0.00
backlink,vi du blog backlink tot nhat,,0,,0.00
backlink,viele backlinks,,0,,0.00
backlink,vietnam backlink generator,,0,,0.00
backlink,view backlink chéo lẫn nhau,,0,,0.00
backlink,view backlinks,,0,,0.00
backlink,view backlinks to my site,,0,,0.00
backlink,view websites backlinks,,0,,0.00
backlink,viral backlink,,0,,0.00
backlink,viê t backlink cho ba i,,0,,0.00
backlink,viết backlink linkedin,,0,,0.00
backlink,viết backlink trên linkedin,,0,,0.00
backlink,viết backlink trên linkein,,0,,0.00
backlink,viết bài backlink,,0,,0.00
backlink,viết bài backlinks,,0,,0.00
backlink,viết bài trên diễn đàn để tạo backlink,,0,,0.00
backlink,vox.com đặt backlink trong profile,,0,,0.00
backlink,vì sao backlink gắn vào web mà không về,,0,,0.00
backlink,ví dụ thực tế đặt backlink,,0,,0.00
backlink,was sind backlinks,,0,,0.00
backlink,wat is een backlink,,0,,0.00
backlink,watch backlink tool,,0,,0.00
backlink,watching backlink,,0,,0.00
backlink,way backlink erro,,0,,0.00
backlink,ways to build backlinks,,0,,0.00
backlink,ways to gain backlinks,,0,,0.00
backlink,ways to get backlinks,,0,,0.00
backlink,web 2.0 backlinks list,,0,,0.00
backlink,web 2.0 blogs for backlinks,,0,,0.00
backlink,web 2.0 profile backlinks,,0,,0.00
backlink,web 20 backlinks,,0,,0.00
backlink,web backlink dofollow,,0,,0.00
backlink,web backlink free,,0,,0.00
backlink,web backlink tốt trong ngành in ấn,,0,,0.00
backlink,web backlink youtube,,0,,0.00
backlink,web có backlink,,0,,0.00
backlink,web mới lập không có backlink,,0,,0.00
backlink,web phân tích backlink miễn phí,,0,,0.00
backlink,web sex backlink,,0,,0.00
backlink,web site cần bao nhiêu backlink,,0,,0.00
backlink,web site dat backlink,,0,,0.00
backlink,web tạo 2000 backlink,,0,,0.00
backlink,webkatalog ohne backlink,,0,,0.00
backlink,webmaster remove backlinks,,0,,0.00
backlink,webseite eintragen ohne backlink,,0,,0.00
backlink,website auto backlink,,0,,0.00
backlink,website backlink analysis,,0,,0.00
backlink,website backlink submitter,,0,,0.00
backlink,website check backlink free,,0,,0.00
backlink,website check backlink đối thủ,,0,,0.00
backlink,website chia se backlink,,0,,0.00
backlink,website dat backlink,,0,,0.00
backlink,website education for backlinks dofollow,,0,,0.00
backlink,website index backlink,,0,,0.00
backlink,website index backlink google,,0,,0.00
backlink,website index backlink site vệ tinh,,0,,0.00
backlink,website ranking backlinks,,0,,0.00
backlink,website tao anchor backlink,,0,,0.00
backlink,website tao anchor backlink tu dong,,0,,0.00
backlink,website to get backlinks for side dating,,0,,0.00
backlink,website tạo backlink,,0,,0.00
backlink,website đi backlink,,0,,0.00
backlink,website đặt backlink hiệu quả,,0,,0.00
backlink,website để backlink,,0,,0.00
backlink,welwyn garden city backlink agency,,0,,0.00
backlink,what are external backlinks,,0,,0.00
backlink,what backlinks to my site,,0,,0.00
backlink,what is a quality backlink,,0,,0.00
backlink,what is backlinks checker,,0,,0.00
backlink,what is curated backlinks,,0,,0.00
backlink,what is edu backlinks,,0,,0.00
backlink,what is pbn backlinks,,0,,0.00
backlink,what is pr9 backlinks,,0,,0.00
backlink,what is relevant backlink,,0,,0.00
backlink,what is sitewide backlinks,,0,,0.00
backlink,what is the best backlinks types,,0,,0.00
backlink,what type backlinks are best,,0,,0.00
backlink,what's a backlink,,0,,0.00
backlink,when to start building backlink,,0,,0.00
backlink,where to buy backlinks,,0,,0.00
backlink,where to buy expired domain with good backlink,,0,,0.00
backlink,white hat backlinks,,0,,0.00
backlink,white label backlinks,,0,,0.00
backlink,why are backlinks important in seo,,0,,0.00
backlink,why backlinks are important,,0,,0.00
backlink,why should i connect google analytics to backlink audit,,0,,0.00
backlink,wie backlinks generieren,,0,,0.00
backlink,wie bekommt man backlinks,,0,,0.00
backlink,wie wichtig sind backlinks,,0,,0.00
backlink,wiki backlinks list,,0,,0.00
backlink,wiki backlinks means,,0,,0.00
backlink,wiki backlinks review,,0,,0.00
backlink,wiki backlinks software,,0,,0.00
backlink,wiki sites list for backlink,,0,,0.00
backlink,wikipedia backlink service,,0,,0.00
backlink,wikipedia backlinks seo,,0,,0.00
backlink,woocommerce dofollow backlink,,0,,0.00
backlink,wordpess auto comment bot advanced backlink tool,,0,,0.00
backlink,wordpress auto comment bot advanced backlink tool,,0,,0.00
backlink,wordpress backlinks anchor text,,0,,0.00
backlink,wp backlink machine 2.0 review,,0,,0.00
backlink,wp backlink machine v2 0 review,,0,,0.00
backlink,www.backlink-builder,,0,,0.00
backlink,xay dung backlink,,0,,0.00
backlink,xay dung backlink bang scrapebox,,0,,0.00
backlink,xay dung backlink bang senuke tng,,0,,0.00
backlink,xay dung backlink bang ultimate demon,,0,,0.00
backlink,xay dung backlink là gì,,0,,0.00
backlink,xaây dựng backlink vệ tinh,,0,,0.00
backlink,xem backlink blogspot,,0,,0.00
backlink,xem backlink bằng majestic,,0,,0.00
backlink,xem backlink của 1 trang web,,0,,0.00
backlink,xem backlink doi thu,,0,,0.00
backlink,xem backlink từ web khác về web mình,,0,,0.00
backlink,xem backlink web,,0,,0.00
backlink,xem các web chứa backlink của mình,,0,,0.00
backlink,xem tổng backlink bằng ahref,,0,,0.00
backlink,xem tổng backlink bằng ahref 2016,,0,,0.00
backlink,xem web bị backlink google,,0,,0.00
backlink,xem web đi backlink,,0,,0.00
backlink,xem website đặt backlink ở đâu,,0,,0.00
backlink,xin backlink,,0,,0.00
backlink,xin backlink bên site edu.vn,,0,,0.00
backlink,xoa backlink xau tren kenh youtube,,0,,0.00
backlink,xoá backlink trang website,,0,,0.00
backlink,xuất backlink spyglass,,0,,0.00
backlink,xuất backlink séppyglas,,0,,0.00
backlink,xây backlink,,0,,0.00
backlink,xây duựng backlink cho youtube,,0,,0.00
backlink,xây dựng backlink 2018,,0,,0.00
backlink,xây dựng backlink azaseo,,0,,0.00
backlink,xây dựng backlink cho webside,,0,,0.00
backlink,xây dựng backlink cho website hiệu quả,,0,,0.00
backlink,xây dựng backlink cho website hiệu quả từ diễn đàn,,0,,0.00
backlink,xây dựng backlink diễn đàn hiệu quả backlinkland.info,,0,,0.00
backlink,xây dựng backlink gsa,,0,,0.00
backlink,xây dựng backlink newbie,,0,,0.00
backlink,xây dựng backlink theo thuật toán mới,,0,,0.00
backlink,xây dựng backlink theo thuật toán mới 2016,,0,,0.00
backlink,xây dựng backlink tier 2 la gi,,0,,0.00
backlink,xây dựng backlink trên www.goo.ne.jp luuanh.com,,0,,0.00
backlink,xây dựng backlink từ facebook,,0,,0.00
backlink,xây dựng backlink tự động,,0,,0.00
backlink,xây dựng backlink vdeo youtube,,0,,0.00
backlink,xây dựng backlink youtube,,0,,0.00
backlink,xây dựng backlinks,,0,,0.00
backlink,xây dựng hệ thống backlinks,,0,,0.00
backlink,xóa backlink xấu,,0,,0.00
backlink,xóa backlink xấu trong host,,0,,0.00
backlink,xóa hết backlink,,0,,0.00
backlink,yahoo indexed pages domain age alexa backlinks,,0,,0.00
backlink,youtube and private backlink,,0,,0.00
backlink,youtube backlink builder,,0,,0.00
backlink,youtube backlink checker,,0,,0.00
backlink,youtube backlink free submit,,0,,0.00
backlink,youtube embed backlinks tool,,0,,0.00
backlink,youtube not allow dofollow backlink,,0,,0.00
backlink,youtube seo backlink,,0,,0.00
backlink,youtube video backlink generator,,0,,0.00
backlink,yummy template blogspot full no backlink,,0,,0.00
backlink,yêu cầu backlink,,0,,0.00
backlink,yý tường về nội dung backlink seo,,0,,0.00
backlink,zero backlink experiment,,0,,0.00
backlink,ücretsiz backlink,,0,,0.00
backlink,đi backlink 2020,,0,,0.00
backlink,đi backlink an toàn,,0,,0.00
backlink,đi backlink cho fanpage 2018,,0,,0.00
backlink,đi backlink cho trang mình muốn,,0,,0.00
backlink,đi backlink cho video,,0,,0.00
backlink,đi backlink cho website là gì,,0,,0.00
backlink,đi backlink cho ứng dụng,,0,,0.00
backlink,đi backlink co câ n trô n nô i dung,,0,,0.00
backlink,đi backlink diễn đàn khung giờ nào,,0,,0.00
backlink,đi backlink diễn đàn khung giờ nào 2018,,0,,0.00
backlink,đi backlink edu,,0,,0.00
backlink,đi backlink forum an toàn,,0,,0.00
backlink,đi backlink hộ,,0,,0.00
backlink,đi backlink là seo onpage,,0,,0.00
backlink,đi backlink là seo onpage hay off page,,0,,0.00
backlink,đi backlink lĩnh vực kinh doanh,,0,,0.00
backlink,đi backlink pinterest,,0,,0.00
backlink,đi backlink trên báo tuổi trẻ,,0,,0.00
backlink,đi backlink trên diễn đàn,,0,,0.00
backlink,đi backlink trên teespring.com,,0,,0.00
backlink,đi backlink turkcebilgi.org,,0,,0.00
backlink,đi backlink tự động,,0,,0.00
backlink,đi backlink xe limousine,,0,,0.00
backlink,đi backlink youtube,,0,,0.00
backlink,đi backlink youtube chat luong,,0,,0.00
backlink,đi backlink youtube tự động,,0,,0.00
backlink,đi backlink ở đâu,,0,,0.00
backlink,đo backlink,,0,,0.00
backlink,đánh giá backlink,,0,,0.00
backlink,đánh giá backlink báo,,0,,0.00
backlink,đăng bài tự động trên diễn đàn backlink,,0,,0.00
backlink,đăng lên blogspot để index backlink,,0,,0.00
backlink,đặt backlink bất động sản,,0,,0.00
backlink,đặt backlink chất lượng,,0,,0.00
backlink,đặt backlink du lịch,,0,,0.00
backlink,đặt backlink footer,,0,,0.00
backlink,đặt backlink google,,0,,0.00
backlink,đặt backlink hieu quả,,0,,0.00
backlink,đặt backlink kasperky,,0,,0.00
backlink,đặt backlink medium,,0,,0.00
backlink,đặt backlink no follow,,0,,0.00
backlink,đặt backlink nofollow,,0,,0.00
backlink,đặt backlink pinterest gtvseo,,0,,0.00
backlink,đặt backlink pinterst gtv seo,,0,,0.00
backlink,đặt backlink site vệ tinh bài chính bị mất top,,0,,0.00
backlink,đặt backlink trong nội dung như thế nào,,0,,0.00
backlink,đặt backlink trên diggo,,0,,0.00
backlink,đặt backlink trên ebay,,0,,0.00
backlink,đặt backlink trên https www.goo.ne.jp,,0,,0.00
backlink,đặt backlink trên https www.goo.ne.jp luuanh.com,,0,,0.00
backlink,đặt backlink trên instagram,,0,,0.00
backlink,đặt backlink trên reddit,,0,,0.00
backlink,đặt backlink trên slideshare,,0,,0.00
backlink,đặt backlink trên tumblr,,0,,0.00
backlink,đặt backlink trên twitter,,0,,0.00
backlink,đặt backlink trên yahoo,,0,,0.00
backlink,đặt backlink tumblr,,0,,0.00
backlink,đặt backlink tại reic,,0,,0.00
backlink,đặt backlink từ fifox,,0,,0.00
backlink,đặt backlink từ reddit,,0,,0.00
backlink,đặt backlink việt nam giá,,0,,0.00
backlink,đặt backlink website pagerank bằng 10 hoặc 9,,0,,0.00
backlink,đặt các backlink,,0,,0.00
backlink,để xây dựng vài ngàn backlink 2.0 trong 1 ngày,,0,,0.00
backlink,định nghĩa backlink,,0,,0.00
backlink,đối thủ đặt backlink trên trang web của tôi,,0,,0.00
backlink,บริการ backlink,,0,,0.00
backlink,รับ ทำ backlink,,0,,0.00
backlink,รับทำ backlink คุณภาพ,,0,,0.00
backlink,รับสร้าง backlink คุณภาพ,,0,,0.00
backlink,สร้าง backlink คุณภาพ,,0,,0.00
backlink,หา backlink คุณภาพ,,0,,0.00
guest-post,guest post,Informational,320,18,0.24
guest-post,dịch vụ guest post,Informational,210,19,0.08
guest-post,guest post là gì,Informational,210,15,0.06
guest-post,mua guest post,Informational,50,16,0.28
guest-post,buy guest posts,Commercial,30,42,1.00
guest-post,guest blog post,Informational,30,15,0.14
guest-post,guest post forbes,Transactional,30,42,0.43
guest-post,guest post la gi,Informational,30,15,0.04
guest-post,guest post outreach template,Informational,30,30,0.00
guest-post,guest post service,Commercial,30,12,0.53
guest-post,how to write a guest post,Informational,30,30,0.50
guest-post,how to write a guest post pitch,Informational,30,35,0.33
guest-post,how to write guest post,Informational,30,15,0.50
guest-post,seo guest post,Informational,30,16,0.38
guest-post,what is guest posting,,30,,0.48
guest-post,bán guest post,,20,,0.45
guest-post,forbes guest post,,20,,0.43
guest-post,free guest posting sites,,20,,0.33
guest-post,guest post australia,,20,,0.86
guest-post,guest post backlinks,,20,,0.80
guest-post,guest post guidelines,,20,,0.33
guest-post,guest post submission,,20,,0.14
guest-post,guest post websites,,20,,0.79
guest-post,guest posting là gì,,20,,0.10
guest-post,guest posting sites,,20,,0.79
guest-post,mua bán guest post,,20,,0.46
guest-post,submit a guest post,,20,,0.14
guest-post,travel guest post,,20,,0.29
guest-post,benefits of guest posting,,10,,0.14
guest-post,fashion guest post,,10,,0.00
guest-post,write for us guest post,,10,,0.14
guest-post,accepting guest posts,,0,,0.00
guest-post,adweek guest post,,0,,0.00
guest-post,am i allowed to sell guest posts,,0,,0.00
guest-post,authority guest posting service,,0,,0.00
guest-post,best guest blog posting sites in india,,0,,0.00
guest-post,best guest posting agency,,0,,0.00
guest-post,best guest posting service,,0,,0.00
guest-post,blogs that accept guest posts,,0,,0.00
guest-post,buy guest blog posts,,0,,0.00
guest-post,buy guest post trust,,0,,0.00
guest-post,buy quality guest posts,,0,,0.00
guest-post,bán guest post giá rẻ,,0,,0.00
guest-post,bán tài khoản guest post,,0,,0.00
guest-post,camping accepting guest posts,,0,,0.00
guest-post,camping guest post,,0,,0.00
guest-post,camping guest post by,,0,,0.00
guest-post,camping guest post courtesy of,,0,,0.00
guest-post,camping guest post guidelines,,0,,0.00
guest-post,camping guest post opportunities,,0,,0.00
guest-post,camping guest posting,,0,,0.00
guest-post,camping guest posting guidelines,,0,,0.00
guest-post,camping guest posts wanted,,0,,0.00
guest-post,camping inurl guest-post,,0,,0.00
guest-post,camping looking for guest posts,,0,,0.00
guest-post,camping submit a guest post,,0,,0.00
guest-post,camping submit guest post,,0,,0.00
guest-post,camping this is a guest post by,,0,,0.00
guest-post,cannabis guest posts,,0,,0.00
guest-post,cars guest post guidelines,,0,,0.00
guest-post,cars submit a guest post,,0,,0.00
guest-post,cars suggest a guest post,,0,,0.00
guest-post,cheap guest posting service,,0,,0.00
guest-post,chia sẻ site guest post,,0,,0.00
guest-post,chickpeas recipe guest post,,0,,0.00
guest-post,con dao post office guest house bà rịa vũng tàu,,0,,0.00
guest-post,contract for guest posting,,0,,0.00
guest-post,cách gửi email guest post hay,,0,,0.00
guest-post,cách link trần trong bài guest post,,0,,0.00
guest-post,cách triển khai guest post,,0,,0.00
guest-post,cách tìm guest post,,0,,0.00
guest-post,da10 guest posts,,0,,0.00
guest-post,da20 guest posts,,0,,0.00
guest-post,da30 guest posts,,0,,0.00
guest-post,digital marketing guest post,,0,,0.00
guest-post,digital marketing submit a guest post,,0,,0.00
guest-post,du lịch đà nẵng guest post,,0,,0.00
guest-post,dịch vụ guest post thị trường nước ngoài,,0,,0.00
guest-post,dịch vụ guest post tiếng anh,,0,,0.00
guest-post,easyblog post as guest,,0,,0.00
guest-post,email template guest posting,,0,,0.00
guest-post,entrepreneur guest post,,0,,0.00
guest-post,finance blogs that accept guest posts,,0,,0.00
guest-post,finance guest post,,0,,0.00
guest-post,finance guest post write for us,,0,,0.00
guest-post,find a guest post page online,,0,,0.00
guest-post,find blogs for guest posting,,0,,0.00
guest-post,find guest post opportunities,,0,,0.00
guest-post,find sites that accept guest posts,,0,,0.00
guest-post,fishing guest post,,0,,0.00
guest-post,fitness blog guest post,,0,,0.00
guest-post,fitness guest post,,0,,0.00
guest-post,fiver forum guest posting,,0,,0.00
guest-post,flowers submit a guest post,,0,,0.00
guest-post,food blog guest post,,0,,0.00
guest-post,food guest post,,0,,0.00
guest-post,free guest blog posting sites,,0,,0.00
guest-post,free guest blog posting sites in delhi,,0,,0.00
guest-post,free guest blog posting sites in india,,0,,0.00
guest-post,free guest post,,0,,0.00
guest-post,free guest post service,,0,,0.00
guest-post,free guest post travel website,,0,,0.00
guest-post,free guest posting service,,0,,0.00
guest-post,free guest posting websites,,0,,0.00
guest-post,get backlinks without guest posting,,0,,0.00
guest-post,giá guest post,,0,,0.00
guest-post,giáo dục accepting guest posts,,0,,0.00
guest-post,guest blog post pitch,,0,,0.00
guest-post,guest blog posting in india,,0,,0.00
guest-post,guest blog posting requirements,,0,,0.00
guest-post,guest blog posting service,,0,,0.00
guest-post,guest post 2020,,0,,0.00
guest-post,guest post beauty list,,0,,0.00
guest-post,guest post blogging service,,0,,0.00
guest-post,guest post boxes midlands,,0,,0.00
guest-post,guest post by,,0,,0.00
guest-post,guest post club,,0,,0.00
guest-post,guest post cùng chủ đề là sao,,0,,0.00
guest-post,guest post digital marketing blog,,0,,0.00
guest-post,guest post dịch vụ,,0,,0.00
guest-post,guest post email template,,0,,0.00
guest-post,guest post entrepreneur,,0,,0.00
guest-post,guest post fiverr new,,0,,0.00
guest-post,guest post footprints,,0,,0.00
guest-post,guest post for backlink,,0,,0.00
guest-post,guest post free health,,0,,0.00
guest-post,guest post google penalty,,0,,0.00
guest-post,guest post hq,,0,,0.00
guest-post,guest post hunter,,0,,0.00
guest-post,guest post hunter tool,,0,,0.00
guest-post,guest post is post talking your site,,0,,0.00
guest-post,guest post no accept link promote service,,0,,0.00
guest-post,guest post on da 72 traffic 633k,,0,,0.00
guest-post,guest post on my blog,,0,,0.00
guest-post,guest post on residencestyle.com,,0,,0.00
guest-post,guest post opportunities,,0,,0.00
guest-post,guest post outreach,,0,,0.00
guest-post,guest post outreach service,,0,,0.00
guest-post,guest post pitch,,0,,0.00
guest-post,guest post pitch email,,0,,0.00
guest-post,guest post search operators,,0,,0.00
guest-post,guest post search queries,,0,,0.00
guest-post,guest post seo dinh,,0,,0.00
guest-post,guest post sevices,,0,,0.00
guest-post,guest post spam,,0,,0.00
guest-post,guest post sport blogger,,0,,0.00
guest-post,guest post thế nào hiệu quả,,0,,0.00
guest-post,guest post tool,,0,,0.00
guest-post,guest post tran ngoc thuy,,0,,0.00
guest-post,guest post uy tin,,0,,0.00
guest-post,guest post viet nam,,0,,0.00
guest-post,guest post writing service,,0,,0.00
guest-post,guest post xuất phát từ,,0,,0.00
guest-post,guest post ở việt nam,,0,,0.00
guest-post,guest posting agency,,0,,0.00
guest-post,guest posting blogs list,,0,,0.00
guest-post,guest posting footprints,,0,,0.00
guest-post,guest posting for business,,0,,0.00
guest-post,guest posting packages,,0,,0.00
guest-post,guest posting pitch email,,0,,0.00
guest-post,guest posting service provider,,0,,0.00
guest-post,guest posting service uk,,0,,0.00
guest-post,guest posting service usa,,0,,0.00
guest-post,guest posting sites 2018,,0,,0.00
guest-post,guest posting sites australia,,0,,0.00
guest-post,guest posting sites list,,0,,0.00
guest-post,guest posting sport blog,,0,,0.00
guest-post,guest posting tourism australia,,0,,0.00
guest-post,guest posting tutorial,,0,,0.00
guest-post,guest posting vector,,0,,0.00
guest-post,guest posts pbn,,0,,0.00
guest-post,guest posts sport service,,0,,0.00
guest-post,guest relation fiche de poste,,0,,0.00
guest-post,guest speaker promotion post,,0,,0.00
guest-post,guest-postings.com is pbn,,0,,0.00
guest-post,gói guest post,,0,,0.00
guest-post,hail-king-julien-guest-post-king-madagascar,,0,,0.00
guest-post,health accepting guest posts,,0,,0.00
guest-post,health add guest post,,0,,0.00
guest-post,health and fitness guest posts,,0,,0.00
guest-post,health blog guest post,,0,,0.00
guest-post,health blogs that accept guest posts,,0,,0.00
guest-post,health guest post,,0,,0.00
guest-post,health guest post guidelines,,0,,0.00
guest-post,health write for us guest post,,0,,0.00
guest-post,healthcare blogs guest post,,0,,0.00
guest-post,hemp guest post,,0,,0.00
guest-post,high da guest post,,0,,0.00
guest-post,high da guest posting websites,,0,,0.00
guest-post,high quality guest post,,0,,0.00
guest-post,home improvement blogs that accept guest posts,,0,,0.00
guest-post,home improvement guest post,,0,,0.86
guest-post,home improvement guest post write for us,,0,,0.00
guest-post,home improvement submit guest post,,0,,0.00
guest-post,home submit a guest post,,0,,0.00
guest-post,how to allow guest post to my site,,0,,0.00
guest-post,how to ask for guest post permission,,0,,0.00
guest-post,how to do guest posting,,0,,0.00
guest-post,how to do guest posting in seo,,0,,0.00
guest-post,how to find blogs that accept guest posts,,0,,0.00
guest-post,how to find blogs to guest post on,,0,,0.00
guest-post,how to find guest post opportunities,,0,,0.00
guest-post,how to find guest posting sites,,0,,0.00
guest-post,how to guest post on blogs,,0,,0.00
guest-post,how to guest post on influencers blogs,,0,,0.00
guest-post,how to guest posting in wordpress,,0,,0.00
guest-post,how to request guest post,,0,,0.00
guest-post,how to submit multiple of guest blog post,,0,,0.00
guest-post,how to write a good guest post,,0,,0.00
guest-post,how to write a great guest post,,0,,0.00
guest-post,how to write a guest blog post,,0,,0.00
guest-post,how to write a guest post for seo,,0,,0.00
guest-post,https boldblindbeauty.com 2017 11 15 guest-post-angie-roberts,,0,,0.00
guest-post,https boldblindbeauty.com 2017 11 22 guest-post-angie-roberts-2,,0,,0.00
guest-post,https gtvseo.com guest-post-seo-gsa-ranker,,0,,0.00
guest-post,https www.advancedwebranking.com blog 150-sites-to-guest-post,,0,,0.00
guest-post,https www.triphobo.com guest post,,0,,0.00
guest-post,huffington post guest contributor,,0,,0.00
guest-post,huffington post guest post,,0,,0.00
guest-post,hướng dẫn làm guest post,,0,,0.00
guest-post,i will do guest post in da40 technology blog,,0,,0.00
guest-post,india travel guest post,,0,,0.00
guest-post,instant approval guest posting sites,,0,,0.00
guest-post,instant approval guest posting sites list,,0,,0.00
guest-post,instant approval guest posting sites list 2018,,0,,0.00
guest-post,insurance guest post,,0,,0.00
guest-post,is guest post good,,0,,0.00
guest-post,is guest posting effective,,0,,0.00
guest-post,is guest posting good,,0,,0.00
guest-post,is guest posting websites,,0,,0.00
guest-post,ktajainaquarius gmail.com write guest post,,0,,0.00
guest-post,lamnguyenz.com guest post,,0,,0.00
guest-post,learn english guest post by,,0,,0.00
guest-post,list of 1059 niche blogs that accept guest posting,,0,,0.00
guest-post,logistics guest post,,0,,0.00
guest-post,làm sao để có guest post chất lượng,,0,,0.00
guest-post,marketing blog guest post,,0,,0.00
guest-post,marketing blogs that accept guest posts,,0,,0.00
guest-post,marketing submit a guest post,,0,,0.00
guest-post,mental health blogs that accept guest posts,,0,,0.00
guest-post,motorcycle add guest post,,0,,0.00
guest-post,motorcycle blogs that accept guest posts,,0,,0.00
guest-post,motorcycle inurl guest post,,0,,0.00
guest-post,motorcycle inurl guest posts,,0,,0.00
guest-post,motorcycle submit a guest post,,0,,0.00
guest-post,motorcycle the following guest post,,0,,0.00
guest-post,motorcycle this guest post is from,,0,,0.00
guest-post,motorcycle this guest post was written,,0,,0.00
guest-post,mua guest post uy tín,,0,,0.00
guest-post,non paid guest post,,0,,0.00
guest-post,nên sư du ng guest post trong seo,,0,,0.00
guest-post,order article guest post,,0,,0.00
guest-post,outreach guest post,,0,,0.00
guest-post,outsource guest posting,,0,,0.00
guest-post,parceria guest post,,0,,0.00
guest-post,pet blog guest post,,0,,0.00
guest-post,pet care blog guest post,,0,,0.00
guest-post,post guest user clearpass to authentication,,0,,0.00
guest-post,post stay guest survey,,0,,0.00
guest-post,premium guest post backlinks,,0,,0.00
guest-post,premium guest posting,,0,,0.00
guest-post,quality guest posts,,0,,0.00
guest-post,real estate guest post,,0,,0.00
guest-post,real guest post,,0,,0.00
guest-post,reseller guest posts,,0,,0.00
guest-post,salvia guest post,,0,,0.00
guest-post,search engine journal guest post,,0,,0.00
guest-post,semrush guest post,,0,,0.00
guest-post,seo guest posting service,,0,,0.00
guest-post,share site guest post,,0,,0.00
guest-post,should i accept affiliate links on a guest post,,0,,0.00
guest-post,shout me loud guest post,,0,,0.00
guest-post,site factretriever.com guest post,,0,,0.00
guest-post,sites that accept guest posts,,0,,0.00
guest-post,small business blogs that accept guest posts,,0,,0.00
guest-post,social media guest post,,0,,0.00
guest-post,social media guest posts,,0,,0.00
guest-post,standout guest posting,,0,,0.00
guest-post,student accepting guest posts,,0,,0.00
guest-post,submit free ico guest post,,0,,0.00
guest-post,submit guest post business,,0,,0.00
guest-post,submit guest post education,,0,,0.00
guest-post,submit guest post health,,0,,0.00
guest-post,tech blog guest post,,0,,0.00
guest-post,tech blogs that accept guest post,,0,,0.00
guest-post,tech blogs that accept guest posts,,0,,0.00
guest-post,technology blogs that accept guest posts,,0,,0.00
guest-post,technology guest posting sites,,0,,0.00
guest-post,technology submit guest post,,0,,0.00
guest-post,technology write for us guest post,,0,,0.00
guest-post,term search for guest post,,0,,0.00
guest-post,thuê guest post,,0,,0.00
guest-post,thực hiện outreach guest post,,0,,0.00
guest-post,toeic guest post by,,0,,0.00
guest-post,tool guest post pro,,0,,0.00
guest-post,trao đổi guest post,,0,,0.00
guest-post,travel blog guest post,,0,,0.00
guest-post,tvshow accepting guest posts,,0,,0.00
guest-post,tìm guest post,,0,,0.00
guest-post,tải guest post hunter,,0,,0.00
guest-post,ultimate member guest post,,0,,0.00
guest-post,ultimate member guest post author,,0,,0.00
guest-post,umbrella guest post,,0,,0.00
guest-post,web design accepting guest posts,,0,,0.00
guest-post,web design guest post,,0,,0.00
guest-post,web design submit guest post,,0,,0.00
guest-post,web-design-blogs-accept-guest-posts,,0,,0.00
guest-post,website designing guest post,,0,,0.00
guest-post,weight loss guest post,,0,,0.00
guest-post,what is guest post placement,,0,,0.00
guest-post,what is guest posting in seo,,0,,0.00
guest-post,what is guest posting service,,0,,0.00
guest-post,what is guest posting wiki,,0,,0.00
guest-post,what to do after a guest post is published,,0,,0.00
guest-post,what to say in a guest post pitch,,0,,0.00
guest-post,where to buy guest post,,0,,0.00
guest-post,where to guest post,,0,,0.00
guest-post,which furniture home site for guest post,,0,,0.00
guest-post,white label guest posts,,0,,0.00
guest-post,woodworking guest post by,,0,,0.00
guest-post,woodworking guest post written by,,0,,0.00
guest-post,woodworking my guest posts,,0,,0.00
guest-post,woodworking places i've guest posted,,0,,0.00
guest-post,woodworking submit a guest post,,0,,0.00
guest-post,woodworking submit guest post,,0,,0.00
guest-post,woodworking the following guest post,,0,,0.00
guest-post,woodworking this is a guest post by,,0,,0.00
guest-post,wordpress allow guests to post,,0,,0.00
guest-post,write email ask for guest post permission,,0,,0.00
guest-post,www.guest-postings.com is pbn,,0,,0.00
guest-post,xin guest post,,0,,0.00
guest-post,ô dù guest post,,0,,0.00
guest-post,đặt vé máy bay guest post,,0,,0.00
mua-textlink,mua textlink,Informational,2900,17,0.01
mua-textlink,mua textlink chất lượng,,10,,0.00
mua-textlink,cần mua textlink bài viết,,0,,0.00
mua-textlink,mua textlink edu,,0,,0.00
mua-textlink,mua textlink gia re,,0,,0.00
mua-textlink,mua textlink gov lớn,,0,,0.00
pr,pr,Informational,12100,20,0.33
pr,pr là gì,Informational,8100,19,0.33
pr,pr la gì trên facebook,Informational,1300,21,0.00
pr,pr interval,Informational,880,24,0.14
pr,pr là viết tắt của từ gì,Informational,720,16,0.33
pr,pr úc là gì,Informational,590,7,0.01
pr,s pr,Informational,480,17,0.33
pr,pr quảng cáo,Informational,390,14,0.02
pr,pr viết tắt của từ gì,Informational,390,13,0.33
pr,pr meaning,Informational,260,50,0.33
pr,pr sản phẩm,Informational,260,16,0.01
pr,tissot pr 100,Informational,260,12,1.00
pr,tuyển dụng pr,Commercial,260,16,0.19
pr,adobe pr,"Informational, Transactional",210,54,0.25
pr,china pr,Informational,210,60,0.33
pr,er pr her2 ki67 là gì,Informational,210,13,0.33
pr,pr là ngành gì,Informational,210,15,0.33
pr,pr là viết tắt của,Informational,210,16,0.01
pr,pr nghĩa là gì,Informational,210,16,0.33
pr,pr việt nam,Navigational,210,19,0.33
pr,sex pr,Informational,210,21,0.00
pr,canada pr,Informational,170,64,0.13
pr,javhd pr,Commercial,170,9,0.33
pr,jolla pr,Informational,170,28,0.06
pr,ngành pr,Informational,170,16,0.01
pr,pr 595,Informational,170,27,0.02
pr,pr intern,Informational,170,21,0.33
pr,pr là gì trong marketing,Informational,170,16,0.01
pr,pr là gì trên facebook,Informational,170,11,0.33
pr,pr là j,Informational,170,16,0.33
pr,pr là làm gì,Informational,170,13,0.01
pr,instagram pr,"Navigational, Transactional",140,33,0.33
pr,plan pr,Informational,140,11,0.03
pr,pr download,"Informational, Transactional",140,33,0.54
pr,pr stands for,Informational,140,34,0.33
pr,xiaomi k20 pr,Informational,140,58,0.80
pr,agency pr,Commercial,110,12,0.18
pr,app pr,Informational,110,35,0.05
pr,apply pr,Informational,110,64,0.02
pr,australia pr,Navigational,110,39,0.07
pr,bài pr,Informational,110,12,0.02
pr,khoảng pr,Informational,110,20,0.33
pr,ngành pr là gì,Informational,110,12,0.33
pr,pr 596,Informational,110,24,0.07
pr,pr agency,Commercial,110,11,0.09
pr,pr application,Informational,110,43,0.15
pr,pr articles,Informational,110,15,0.01
pr,pr bpm là gì,Informational,110,24,0.33
pr,pr internships,Informational,110,21,0.08
pr,pr là,Informational,110,16,0.33
pr,pr manager,Informational,110,17,0.33
pr,pr phim,Informational,110,16,0.00
pr,pr vietnam,Navigational,110,21,0.02
pr,pr_connect_reset_error,Informational,110,22,0.07
pr,spo2 pr là gì,Informational,110,22,0.01
pr,tuyển pr,Commercial,110,16,0.10
pr,vietnam pr,Informational,110,14,0.01
pr,việc làm pr,Commercial,110,16,0.18
pr,vn pr,Informational,110,15,0.01
pr,what is pr,Informational,110,31,0.33
pr,curitiba pr,Informational,90,29,0.33
pr,dịch vụ viết bài pr,Informational,90,5,0.33
pr,logo pr,Informational,90,27,0.00
pr,pr 591,Informational,90,28,0.02
pr,pr 597,Informational,90,28,0.33
pr,pr director,Informational,90,16,0.33
pr,pr po là gì,Informational,90,16,0.33
pr,pr viết tắt,Informational,90,16,0.33
pr,redmi 5 pr,Informational,90,17,0.99
pr,các chiến dịch pr thành công ở việt nam,Informational,70,7,0.02
pr,các từ có âm pr,Informational,70,11,0.33
pr,download pr,Commercial,70,31,0.66
pr,make pr em sunscreen,"Informational, Transactional",70,14,0.94
pr,nghệ thuật pr bản thân,Informational,70,13,0.99
pr,pr sản phẩm là gì,Informational,70,14,0.00
pr,pr_end_of_file_error,Informational,70,27,0.33
pr,atletico pr,Informational,50,26,0.00
pr,film pr,Informational,50,12,0.02
pr,phim sex pr,Informational,50,22,0.33
pr,pr canada là gì,Informational,50,18,0.01
pr,pr là viết tắt của chữ gì,Informational,50,14,0.33
pr,pr specialist,Informational,50,16,0.33
pr,pr tracker,Informational,50,41,0.01
pr,pr viết tắt trên facebook là gì,Informational,50,11,0.00
pr,vai trò của pr,Informational,50,9,0.33
pr,bxh pr,Informational,40,69,0.33
pr,báo giá pr vnexpress,Informational,40,6,0.31
pr,chiến dịch pr,Informational,40,10,0.01
pr,chuyên viên pr,Informational,40,12,0.33
pr,chỉ số pr,Informational,40,26,0.01
pr,crisis communication in pr,Informational,40,28,0.33
pr,các chiến dịch pr của dove,Informational,40,12,0.33
pr,cách phát âm pr,Informational,40,0,0.33
pr,giá pr,Informational,40,17,0.33
pr,học pr ra trường làm gì,Informational,40,12,0.33
pr,hội chứng pr ngắn có nguy hiểm không,Informational,40,20,0.00
pr,khái niệm pr,Informational,40,16,0.33
pr,lợi ích của pr,Informational,40,8,0.33
pr,ma pr,Informational,40,41,0.21
pr,nhân viên pr làm gì,Informational,40,12,0.01
pr,phần mềm pr,Informational,40,28,0.15
pr,pr account executive,Informational,40,13,0.33
pr,pr china,"Informational, Transactional",40,50,0.33
pr,pr elite,Navigational,40,20,0.33
pr,pr home,"Navigational, Transactional",40,22,0.33
pr,pr là gì trong mua hàng,Informational,40,27,0.00
pr,pr nội bộ là gì,Informational,40,,0.33
pr,pr press,Informational,40,91,0.33
pr,pr son,Informational,40,24,0.33
pr,pr stunt,Informational,40,23,0.33
pr,quảng cáo pr sản phẩm,Informational,40,9,0.16
pr,tai pr,Commercial,40,34,0.43
pr,traditional pr,Informational,40,24,0.33
pr,tải pr,Navigational,40,28,0.36
pr,what is a pr bond,Informational,40,,0.33
pr,7 bước hoạch định chiến lược pr,,30,,0.33
pr,apply for canada pr,Informational,30,56,0.33
pr,australia pr pathways,Informational,30,31,0.57
pr,australia pr visa,Informational,30,45,0.13
pr,best pr,Informational,30,26,0.02
pr,best pr campaigns,Informational,30,24,0.14
pr,book pr,Informational,30,8,0.16
pr,brand pr,Informational,30,12,0.33
pr,bài pr doanh nghiệp,Informational,30,7,0.33
pr,bài pr mẫu,Informational,30,6,0.04
pr,bài pr sản phẩm mới,Informational,30,5,0.29
pr,bài pr thương hiệu,Informational,30,9,0.33
pr,bàn phím lightning pr 8900z,Informational,30,6,1.00
pr,báo giá bài pr vnexpress,,30,,0.06
pr,báo giá đăng bài pr trên kenh14,,30,,0.33
pr,báo pr,,30,,0.16
pr,bộ 3 nồi inox sharp pr hecs1,,30,,0.93
pr,canada pr requirements,,30,,0.22
pr,chiến dịch pr của coca cola,Informational,30,10,0.01
pr,chiến dịch pr của dove,Informational,30,,0.33
pr,chiến dịch pr của grab,,30,,0.33
pr,chiến dịch pr của heineken,Informational,30,12,0.33
pr,chiến dịch pr của pepsi,Informational,30,9,0.33
pr,chiến dịch pr của viettel,Informational,30,9,0.33
pr,chiến dịch pr thành công,Informational,30,6,0.02
pr,chỉnh màu pr,,30,,0.33
pr,chức năng pr,Informational,30,9,0.33
pr,community relations in pr,,30,,0.33
pr,component in y pb pr,Informational,30,,0.64
pr,corporate pr,Informational,30,12,0.33
pr,crm pr,Navigational,30,31,0.33
pr,các bước xin pr canada,Informational,30,2,0.14
pr,các công ty pr hàng đầu việt nam,,30,,0.14
pr,các hoạt động của pr,Informational,30,10,0.33
pr,các từ tiếng anh có âm pr,Informational,30,9,0.33
pr,cách pr bản thân,Informational,30,10,0.32
pr,cách pr bản thân bằng tiếng nhật,,30,,0.14
pr,cách tính điểm pr canada,,30,,0.24
pr,cách viết bài pr,Informational,30,8,0.02
pr,cách viết bài pr cho sản phẩm,,30,,0.36
pr,cách viết bài pr sản phẩm,,30,,0.14
pr,cách viết jiko pr,Informational,30,5,0.33
pr,cách xuất file pr,,30,,0.33
pr,công thức viết bài pr,Informational,30,9,0.33
pr,công việc của nhân viên pr,Informational,30,14,0.33
pr,cấu trúc bài pr,Informational,30,8,0.03
pr,dark pr,Informational,30,13,0.33
pr,deadlift pr,Informational,30,26,0.33
pr,difference between pr and advertising,,30,,0.02
pr,diphereline pr 11.25 mg,Informational,30,10,0.33
pr,dt swiss pr 1600 spline,Informational,30,19,0.00
pr,dịch vụ pr báo chí,Informational,30,10,0.51
pr,er pr là gì,,30,,0.33
pr,finland pr,Informational,30,26,0.11
pr,fly pr,Informational,30,26,0.07
pr,food industry pr,Informational,30,10,0.33
pr,food pr,,30,,0.33
pr,fresh pr,Informational,30,23,0.33
pr,github pr template,"Informational, Navigational",30,41,0.33
pr,giày pr,,30,,1.00
pr,global pr,Informational,30,50,0.33
pr,gold pr,Navigational,30,34,0.02
pr,golden pr,Informational,30,13,0.02
pr,google pr checker,Informational,30,48,0.33
pr,green pr,,30,,0.33
pr,havas pr,,30,,0.33
pr,heineken pr,,30,,0.33
pr,high pr backlinks,Informational,30,19,0.00
pr,history of pr,Informational,30,26,0.33
pr,hospitality pr,Informational,30,9,0.00
pr,how to get pr in ireland,Informational,30,12,0.33
pr,hoạch định chiến lược pr,Informational,30,16,0.33
pr,hướng dẫn sử dụng pr,,30,,0.33
pr,inbound pr,Informational,30,13,0.33
pr,insta pr,,30,,0.33
pr,introduction to pr,Informational,30,23,0.29
pr,ireland pr,Informational,30,29,0.33
pr,japan pr,,30,,0.01
pr,juniper pr,,30,,0.33
pr,khác nhau giữa pr và marketing,Informational,30,9,0.33
pr,khóa học pr,Informational,30,8,0.16
pr,kế hoạch pr của vinamilk,Commercial,30,13,0.33
pr,kỹ năng pr,,30,,0.06
pr,kỹ năng viết bài pr,,30,,0.33
pr,lab pr,"Informational, Transactional",30,13,0.33
pr,làm pr là gì,Informational,30,10,0.01
pr,lập kế hoạch pr cho sản phẩm mới,Informational,30,9,0.04
pr,lợi ích của pr đối với doanh nghiệp,,30,,0.33
pr,maintain pr status canada,Informational,30,16,0.33
pr,malaysia pr,,30,,0.07
pr,milo pr,Informational,30,13,0.33
pr,mô hình race trong pr,Informational,30,16,0.33
pr,nabakem pr 50a,Informational,30,2,0.49
pr,nghệ thuật pr,Informational,30,16,1.00
pr,nhân viên pr,Informational,30,16,0.33
pr,nhân viên pr là gì,Informational,30,15,0.01
pr,pa và pr là gì,,30,,0.33
pr,pencils trong pr,,30,,0.33
pr,personal pr,Informational,30,,0.33
pr,po pr là gì,Informational,30,11,0.33
pr,poland pr,Informational,30,17,0.33
pr,poster pr,,30,,0.33
pr,pr 01,,30,,0.13
pr,pr 09,Informational,30,17,0.33
pr,pr 102,,30,,0.01
pr,pr 186,Informational,30,9,0.33
pr,pr 2018,"Informational, Transactional",30,17,0.33
pr,pr 2020,Informational,30,5,0.31
pr,pr 24 baton,Informational,30,16,0.33
pr,pr 592,Informational,30,28,0.01
pr,pr 951,Informational,30,11,0.33
pr,pr abbreviation,Informational,30,37,0.33
pr,pr adobe download,"Informational, Transactional",30,38,0.57
pr,pr agency thailand,Commercial,30,16,0.00
pr,pr agency ở việt nam,Informational,30,9,0.10
pr,pr and advertising,,30,,0.04
pr,pr and digital marketing,Informational,30,10,0.33
pr,pr and po,Informational,30,12,0.01
pr,pr angle,Informational,30,20,0.01
pr,pr assistant,Informational,30,17,0.33
pr,pr ban than,,30,,0.33
pr,pr books,Informational,30,16,0.30
pr,pr bản thân,,30,,0.05
pr,pr bản thân là gì,Informational,30,9,0.33
pr,pr campaign,Informational,30,24,0.05
pr,pr campaign examples,Informational,30,24,0.33
pr,pr card,Informational,30,33,0.01
pr,pr careers,Informational,30,33,0.57
pr,pr case studies,Informational,30,15,0.33
pr,pr cc 2018,Informational,30,10,0.14
pr,pr channels,Informational,30,22,0.33
pr,pr coaching,"Informational, Navigational",30,16,0.33
pr,pr companies london,Commercial,30,47,0.14
pr,pr conferences,Commercial,30,28,0.33
pr,pr cover letter,,30,,0.33
pr,pr crack 2020,Commercial,30,4,0.33
pr,pr crisis,,30,,0.33
pr,pr crisis management examples,,30,,0.14
pr,pr cy ru,Informational,30,17,0.33
pr,pr có nghĩa là gì,,30,,0.33
pr,pr có thể thay thế cho quảng cáo không,Informational,30,9,0.33
pr,pr cộng đồng,Informational,30,13,0.33
pr,pr cộng đồng là gì,Informational,30,12,0.33
pr,pr daily,Navigational,30,46,0.33
pr,pr dashboard,Informational,30,11,0.33
pr,pr doanh nghiệp,Informational,30,7,0.33
pr,pr executive,Informational,30,15,0.33
pr,pr executive job description,Informational,30,14,0.33
pr,pr format,Informational,30,21,0.01
pr,pr future,Informational,30,19,0.33
pr,pr game,,30,,0.33
pr,pr girl,Informational,30,26,0.00
pr,pr girls 1998,Informational,30,18,0.00
pr,pr hang,Informational,30,13,0.33
pr,pr intern duties,Informational,30,,0.33
pr,pr intern job description,Informational,30,13,0.33
pr,pr karaoke là gì,Informational,30,18,0.33
pr,pr khác gì marketing,,30,,0.03
pr,pr khác với quảng cáo như thế nào,Informational,30,13,0.05
pr,pr l,,30,,0.33
pr,pr leader,Informational,30,14,0.33
pr,pr list,,30,,0.33
pr,pr là cái gì,,30,,0.33
pr,pr là công việc gì,Informational,30,13,0.01
pr,pr là gì trong bar,Informational,30,19,0.33
pr,pr là gì trong kinh tế vi mô,Informational,30,13,0.33
pr,pr là gì trên messenger,Informational,30,11,0.33
pr,pr là hãng hàng không nào,Informational,30,21,0.33
pr,pr là j trên facebook,,30,,0.33
pr,pr là viết tắt,Informational,30,14,0.33
pr,pr là viết tắt của từ gì trên facebook,Informational,30,11,0.33
pr,pr lý luận và ứng dụng,Informational,30,7,0.05
pr,pr manager job description,Informational,30,19,0.07
pr,pr marketing,Informational,30,15,0.05
pr,pr marketing intern,Informational,30,16,0.33
pr,pr marketing là gì,,30,,0.07
pr,pr materials,"Informational, Navigational",30,23,0.33
pr,pr measurement,,30,,0.33
pr,pr media,,30,,0.33
pr,pr metrics,Informational,30,15,0.33
pr,pr mobile,,30,,0.33
pr,pr number,Informational,30,22,0.33
pr,pr nội bộ,Informational,30,11,0.33
pr,pr online,Informational,30,13,0.33
pr,pr opportunities,Informational,30,15,0.33
pr,pr package,,30,,0.33
pr,pr pathways,Informational,30,23,0.33
pr,pr person,Informational,30,25,0.33
pr,pr practitioner,Informational,30,27,0.33
pr,pr press release example,,30,,0.33
pr,pr products,Informational,30,21,0.33
pr,pr project,Informational,30,16,0.33
pr,pr purchase requisition,,30,,0.33
pr,pr quan hệ công chúng,Informational,30,14,0.33
pr,pr quảng cáo là gì,Informational,30,11,0.33
pr,pr render,Informational,30,11,0.33
pr,pr report,,30,,0.01
pr,pr running,"Informational, Navigational",30,30,0.33
pr,pr segment vs pr interval,Informational,30,34,0.33
pr,pr ship azur lane,Informational,30,13,0.33
pr,pr shop,Informational,30,14,0.00
pr,pr software development,,30,,0.33
pr,pr solutions,Informational,30,33,0.05
pr,pr strategy examples,Informational,30,20,0.33
pr,pr strategy template,Informational,30,18,0.07
pr,pr supervisor,Informational,30,16,0.33
pr,pr table in sap,Informational,30,27,0.10
pr,pr template,,30,,0.33
pr,pr test stata,,30,,0.33
pr,pr tiến tới là gì,,30,,0.03
pr,pr tiếng anh là gì,Informational,30,14,0.33
pr,pr trong gym là gì,Informational,30,27,0.33
pr,pr trong tiếng anh là gì,,30,,0.33
pr,pr trên báo,,30,,0.29
pr,pr trên báo chí,Informational,30,3,0.50
pr,pr trực tuyến là gì,Informational,30,9,0.33
pr,pr turbo,"Informational, Transactional",30,45,0.00
pr,pr u,Informational,30,14,0.33
pr,pr value là gì,Informational,30,11,0.33
pr,pr viết tắt của gì,,30,,0.33
pr,pr viết tắt là gì,,30,,0.33
pr,pr vs marketing,Informational,30,14,0.01
pr,pr và marketing khác nhau thế nào,Informational,30,10,0.29
pr,pr wiki,,30,,0.33
pr,pr đối ngoại là gì,Informational,30,12,0.33
pr,pr ở úc là gì,,30,,0.04
pr,pr ứng dụng,Informational,30,12,0.33
pr,pr 社 我 是 你 可爱 的 小 猫,Informational,30,18,0.33
pr,procedure for canada pr,Informational,30,44,0.14
pr,propaganda pr,"Informational, Transactional",30,,0.33
pr,ps ai pr,Informational,30,23,0.08
pr,public pr,,30,,0.33
pr,quảng cáo pr,Informational,30,,0.02
pr,quảng cáo pr là gì,Informational,30,12,0.33
pr,quảng cáo và pr,Informational,30,11,0.03
pr,quảng cáo và pr khác nhau như thế nào,Informational,30,8,0.01
pr,renew pr card canada,Informational,30,,0.33
pr,sales pr,Informational,30,12,0.33
pr,sap pr table,Informational,30,22,0.33
pr,sf pr,Informational,30,7,0.33
pr,singapore pr card,,30,,0.01
pr,so sánh pr và báo chí,,30,,0.33
pr,spotify pr,"Navigational, Transactional",30,31,0.12
pr,sro pr,Informational,30,18,0.33
pr,sách nghệ thuật pr bản thân,Informational,30,15,0.78
pr,sử dụng pr,Informational,30,14,0.33
pr,sự khác nhau giữa pr và quảng cáo,,30,,0.33
pr,tech pr,Informational,30,22,0.00
pr,technology and pr,Informational,30,11,0.33
pr,television pr,,30,,0.33
pr,the new rules of marketing and pr,Informational,30,24,0.66
pr,think pr,Informational,30,29,0.27
pr,thẻ pr ở singapore,Informational,30,3,0.33
pr,tissot 1853 pr 100,Informational,30,18,1.00
pr,tissot pr 100 lady,Informational,30,4,1.00
pr,tissot pr 100 quartz,Informational,30,8,1.00
pr,tissot pr 516 gl,,30,,0.93
pr,top pr agencies,,30,,0.33
pr,top pr companies,,30,,0.33
pr,truyền thông pr,,30,,0.01
pr,tuyển nhân viên pr tại tphcm,Commercial,30,18,0.29
pr,tải adobe pr,"Informational, Transactional",30,35,0.24
pr,viết bài pr là gì,,30,,0.05
pr,việc làm ngành pr,,30,,0.71
pr,vé pr là gì trên facebook,,30,,0.33
pr,what does pr mean,,30,,0.33
pr,what is a pr firm,,30,,0.33
pr,what is a pr team,,30,,0.33
pr,what is pr in running,,30,,0.00
pr,xin pr úc,,30,,0.27
pr,ý nghĩa của từ pr,,30,,0.03
pr,điều kiện xin pr ở úc,,30,,0.31
pr,đèn protex pr 005l,,30,,0.43
pr,đăng bài pr,,30,,0.21
pr,ảnh pr,,30,,0.33
pr,ứng dụng pr,Informational,30,22,0.21
pr,短所 自己 pr,,30,,0.33
pr,自己 pr 例,,30,,0.23
pr,自己 pr 長所,,30,,0.32
pr,10 pr,,20,,0.33
pr,100 ý tưởng pr tuyệt hay,,20,,1.00
pr,100 ý tưởng pr tuyệt hay pdf,,20,,0.64
pr,5 pr,,20,,0.33
pr,62 chiến dịch pr xuất sắc,,20,,0.33
pr,adidas pr,,20,,0.40
pr,adobe pr 2018,,20,,0.07
pr,ae vs pr,,20,,0.33
pr,ai pr,,20,,0.05
pr,angels pr,,20,,0.00
pr,apply for australian pr,,20,,0.14
pr,apply pr singapore,,20,,0.48
pr,australia pr calculator,,20,,0.21
pr,australia pr points,,20,,0.29
pr,australia pr points calculator,,20,,0.21
pr,australia pr requirements,,20,,0.24
pr,auto pr,,20,,0.01
pr,banco popular pr,,20,,0.00
pr,bang pr,,20,,0.33
pr,barbie pr,,20,,0.47
pr,bench pr,,20,,0.00
pr,best pr firms,,20,,0.33
pr,biggest pr agencies,,20,,0.14
pr,black pr,,20,,0.33
pr,bnp danmark pr indbygger,,20,,0.00
pr,book bài pr,,20,,0.14
pr,book báo pr,,20,,0.53
pr,booking pr,,20,,0.38
pr,booking pr là gì,,20,,0.01
pr,brother pr 670e,,20,,0.50
pr,bài báo pr,,20,,0.33
pr,bài mẫu pr bản thân bằng tiếng nhật,,20,,0.04
pr,bài pr cho doanh nghiệp,,20,,0.33
pr,bài pr hay,,20,,0.04
pr,bài pr là gì,,20,,0.01
pr,bài pr theo công thức pas,,20,,0.33
pr,bài viết pr,,20,,0.03
pr,bài viết pr spa,,20,,0.33
pr,bài viết pr sản phẩm,,20,,0.04
pr,bài viết pr về du lịch,,20,,0.33
pr,bài viết pr về sản phẩm,,20,,0.05
pr,bàn phím lightning pr 8900s,,20,,0.64
pr,bàn phím lightning pr 8900x,,20,,1.00
pr,báo giá bài pr,,20,,0.45
pr,báo giá bài pr 24h,,20,,0.00
pr,báo giá bài pr cafef,,20,,0.03
pr,báo giá bài pr kenh14,,20,,0.00
pr,báo giá bài pr trên vnexpress,,20,,0.07
pr,báo giá bài pr vietnamnet,,20,,0.33
pr,báo giá pr vietnamnet,,20,,0.50
pr,báo giá viết bài pr,,20,,0.71
pr,bản chất của pr,,20,,0.33
pr,bản kế hoạch pr,,20,,0.07
pr,bộ phận pr,,20,,0.33
pr,bộ phận pr là gì,,20,,0.33
pr,cable pr,,20,,0.00
pr,cafe pr,,20,,0.14
pr,canada pr calculator,,20,,0.29
pr,canada pr eligibility,,20,,0.00
pr,canada pr fees,,20,,0.33
pr,canada pr points,,20,,0.33
pr,canada pr sponsorship,,20,,0.00
pr,canada pr visa,,20,,0.10
pr,canon pr,,20,,1.00
pr,case pr,,20,,0.33
pr,chi phí pr,,20,,0.33
pr,chi phí viết bài pr,,20,,0.43
pr,chi so pr,,20,,0.01
pr,china pr là gì,,20,,0.33
pr,chiêu trò pr là gì,,20,,0.33
pr,chiến dịch pr của biti's hunter,,20,,0.01
pr,chiến dịch pr của lifebuoy,,20,,0.33
pr,chiến dịch pr của omo,,20,,0.33
pr,chiến dịch pr của tiki,,20,,0.33
pr,chiến dịch pr của vinamilk,,20,,0.02
pr,chiến dịch pr của điện máy xanh,,20,,0.02
pr,chiến dịch pr là gì,,20,,0.33
pr,chiến lược pr,,20,,0.33
pr,chiến lược pr của coca cola,,20,,0.33
pr,chiến lược pr của vinamilk,,20,,0.33
pr,chiến thuật pr,,20,,0.33
pr,chiến thuật pr là gì,,20,,0.33
pr,chockfast orange pr 610 tcf,,20,,0.33
pr,chuyên viên pr tiếng anh là gì,,20,,0.33
pr,chương trình pr,,20,,0.33
pr,chỉ số spo2 pr,,20,,0.33
pr,chỉnh sửa video pr,,20,,0.57
pr,chức năng của pr,,20,,0.33
pr,chứng minh công thức s pr,,20,,0.33
pr,chứng minh s pr,,20,,0.33
pr,co to pr,,20,,0.00
pr,colors pr,,20,,0.06
pr,consumer pr,,20,,0.00
pr,content pr là gì,,20,,0.33
pr,cr pr,,20,,0.33
pr,create pr,,20,,0.33
pr,crypto pr,,20,,0.29
pr,crypto pr agency,,20,,0.00
pr,cyprus pr,,20,,0.22
pr,cài đặt pr,,20,,0.50
pr,các bài pr mẫu,,20,,0.33
pr,các bước lập kế hoạch pr,,20,,0.33
pr,các chiến dịch pr,,20,,0.33
pr,các công cụ của pr,,20,,0.33
pr,các công cụ pr,,20,,0.33
pr,các dạng bài pr,,20,,0.33
pr,các hoạt động pr,,20,,0.33
pr,các hình thức pr,,20,,0.02
pr,các hình thức pr online,,20,,0.33
pr,các hình thức pr phổ biến,,20,,0.33
pr,các mô hình pr,,20,,0.33
pr,các từ tiếng anh có âm br và pr,,20,,0.33
pr,các vị trí trong ngành pr,,20,,0.00
pr,cách pr,,20,,0.33
pr,cách pr kem body,,20,,0.33
pr,cách pr một sản phẩm,,20,,0.33
pr,cách pr quán ăn,,20,,0.00
pr,cách pr sản phẩm,,20,,0.02
pr,cách tính điểm pr úc,,20,,0.21
pr,cách tải pr,,20,,0.41
pr,cách viết bài pr cho doanh nghiệp,,20,,0.29
pr,cách viết bài pr trên facebook,,20,,0.33
pr,câu chuyện pr,,20,,0.33
pr,công ty pr,,20,,0.13
pr,công việc của pr,,20,,0.20
pr,công việc pr,,20,,0.02
pr,cộng tác viên pr,,20,,0.33
pr,data driven pr,,20,,0.33
pr,define pr,,20,,0.01
pr,delete pr sap,,20,,0.00
pr,difference between pr and marketing,,20,,0.33
pr,digital pr,,20,,0.09
pr,display pr sap,,20,,0.00
pr,doctor pr,,20,,0.33
pr,dodge pr,,20,,0.33
pr,dubai pr,,20,,0.86
pr,durex pr,,20,,0.43
pr,dx pr ninja storm,,20,,0.00
pr,dx pr wild force,,20,,0.33
pr,dịch vụ pr,,20,,0.06
pr,e pr,,20,,0.33
pr,earned media pr,,20,,0.33
pr,edelman pr,,20,,0.33
pr,edit video pr,,20,,0.42
pr,editorial pr,,20,,0.11
pr,effect pr,,20,,0.21
pr,eligibility for australia pr,,20,,0.00
pr,elite pr school,,20,,0.00
pr,embassy of pr china,,20,,0.33
pr,entertainment pr,,20,,0.33
pr,environmental pr,,20,,0.33
pr,er pr her2,,20,,0.33
pr,er pr her2 ki67,,20,,0.33
pr,event marketing pr,,20,,0.33
pr,experiential pr,,20,,0.33
pr,f11 pr,,20,,0.10
pr,fashion pr,,20,,0.33
pr,financial pr,,20,,0.33
pr,financial pr firms,,20,,0.33
pr,firefox pr_connect_reset_error,,20,,0.33
pr,football pr,,20,,0.33
pr,free pr,,20,,0.00
pr,freelance pr,,20,,0.03
pr,freelance pr jobs,,20,,0.02
pr,functions of pr,,20,,0.03
pr,getting pr in canada,,20,,0.33
pr,girl pr,,20,,0.00
pr,giày cầu lông promax pr 17009,,20,,0.33
pr,giá bài pr,,20,,0.05
pr,giá đăng bài pr,,20,,0.07
pr,giáo trình pr,,20,,0.33
pr,global pr agencies,,20,,0.00
pr,global pr firms,,20,,0.00
pr,go pr,,20,,0.67
pr,good pr,,20,,0.33
pr,google pr,,20,,0.05
pr,groupe pr international,,20,,0.33
pr,guaynabo pr,,20,,0.33
pr,health pr,,20,,0.33
pr,hitachi pr 38e,,20,,1.00
pr,how can i apply for pr in canada,,20,,0.64
pr,how to apply for australian pr,,20,,0.33
pr,how to apply for canada pr,,20,,0.43
pr,how to apply pr in singapore,,20,,0.50
pr,how to become singapore pr,,20,,0.34
pr,how to get pr in canada,,20,,0.11
pr,how to get pr in finland,,20,,0.29
pr,how to get pr in new zealand,,20,,0.33
pr,how to get pr in singapore,,20,,0.34
pr,how to pr,,20,,0.33
pr,how to pr yourself,,20,,0.33
pr,how to renew pr card,,20,,0.00
pr,hoạch định chiến lược pr của vinamilk,,20,,0.33
pr,hoạt động pr của vinamilk,,20,,0.33
pr,hãng hàng không pr,,20,,0.01
pr,hãng pr,,20,,0.02
pr,hình thức pr,,20,,0.33
pr,hình ảnh pr,,20,,0.33
pr,hóa chất tẩy sơn nabakem pr 50a,,20,,0.55
pr,học pr,,20,,0.02
pr,học pr marketing,,20,,1.00
pr,học pr ra làm gì,,20,,0.03
pr,hội chứng pr ngắn,,20,,0.33
pr,i love pr,,20,,0.33
pr,i pr,,20,,0.33
pr,ic pr,,20,,1.00
pr,icon pr,,20,,0.33
pr,in house pr,,20,,0.33
pr,influencer pr,,20,,0.33
pr,influential pr,,20,,0.00
pr,internal pr,,20,,0.33
pr,international pr,,20,,1.00
pr,intro pr,,20,,0.00
pr,intro to pr,,20,,0.29
pr,invest pr,,20,,0.00
pr,is pr a part of marketing,,20,,0.00
pr,isla verde pr,,20,,0.33
pr,issues management pr,,20,,0.33
pr,j7 pr,,20,,0.44
pr,jav hd pr,,20,,0.00
pr,java pr,,20,,0.00
pr,jbl pr,,20,,0.33
pr,juniper pr search,,20,,0.33
pr,kas pr kids,,20,,0.00
pr,khoa pr văn lang,,20,,0.33
pr,khoảng pr trên ecg,,20,,0.33
pr,khác nhau giữa quảng cáo và pr,,20,,0.33
pr,khóa học pr marketing,,20,,0.00
pr,kol pr,,20,,0.33
pr,korea pr,,20,,0.33
pr,korean pr,,20,,0.33
pr,kế hoạch pr,,20,,0.33
pr,kế hoạch pr của coca cola,,20,,0.33
pr,kế hoạch pr mẫu,,20,,0.33
pr,kỹ năng của người làm pr,,20,,0.00
pr,largest pr agencies,,20,,0.14
pr,liberty pr,,20,,0.33
pr,lightning pr 8900s,,20,,0.33
pr,litigation pr,,20,,0.00
pr,loa peavey pr 15,,20,,0.53
pr,lobbying in pr,,20,,0.33
pr,london pr,,20,,0.33
pr,làm pr là làm gì,,20,,0.03
pr,lý thuyết pr,,20,,0.33
pr,lập kế hoạch pr,,20,,0.04
pr,lớp pr,,20,,0.33
pr,mail pr,,20,,0.33
pr,malta pr,,20,,0.54
pr,management pr,,20,,0.00
pr,marketing and pr internships,,20,,0.33
pr,marketing pr là gì,,20,,0.33
pr,marketing và pr khác nhau như thế nào,,20,,0.33
pr,max pr,,20,,0.00
pr,media pr,,20,,0.00
pr,media relations in pr,,20,,0.33
pr,model pr,,20,,0.33
pr,music pr,,20,,0.33
pr,my pr,,20,,0.33
pr,mô tả công việc nhân viên pr,,20,,0.33
pr,mẫu bài viết pr sự kiện,,20,,0.33
pr,mẫu kế hoạch pr,,20,,0.33
pr,mẫu pr bản thân,,20,,0.33
pr,mối quan hệ giữa pr và truyền thông,,20,,0.33
pr,mục tiêu của pr,,20,,0.33
pr,mục tiêu pr của vinamilk,,20,,0.33
pr,netflix pr,,20,,0.00
pr,netherlands pr,,20,,0.07
pr,new zealand pr,,20,,0.06
pr,new zealand pr points,,20,,0.33
pr,new zealand pr points calculator,,20,,0.14
pr,nghe thuat pr ban than,,20,,0.33
pr,nghề pr là gì,,20,,0.33
pr,nghệ thuật pr bản thân ebook,,20,,0.33
pr,nghệ thuật pr bản thân pdf,,20,,0.53
pr,nguyên tố pr,,20,,0.33
pr,ngành pr học trường nào,,20,,0.33
pr,ngành pr marketing,,20,,0.14
pr,ngành pr tổ chức sự kiện,,20,,0.00
pr,ngành pr đại học văn lang,,20,,0.33
pr,ngành truyền thông pr,,20,,0.00
pr,nhiệm vụ của pr,,20,,0.33
pr,nhân viên pr marketing,,20,,0.00
pr,nhân viên pr truyền thông,,20,,0.33
pr,nhược điểm của pr,,20,,0.33
pr,nhận pr là gì,,20,,0.33
pr,những bài pr hay,,20,,0.33
pr,những bài viết pr sản phẩm hay,,20,,0.14
pr,những mẫu bài pr hay,,20,,0.33
pr,những từ có âm pr,,20,,0.33
pr,nike pr,,20,,0.43
pr,nisca pr c201,,20,,0.33
pr,no pr,,20,,0.33
pr,nss error pr_end_of_file_error,,20,,0.00
pr,ogilvy pr,,20,,0.06
pr,onkyo pr 155,,20,,0.17
pr,onkyo pr 155sp,,20,,0.48
pr,onkyo pr 155spx,,20,,0.54
pr,online pr,,20,,0.04
pr,online pr là gì,,20,,0.33
pr,pa pr,,20,,0.33
pr,parking pr,,20,,0.33
pr,petrie pr,,20,,0.33
pr,phong cách pr chuyên nghiệp,,20,,0.35
pr,phá vỡ bí ẩn pr,,20,,0.33
pr,phá vỡ bí ẩn pr pdf,,20,,0.33
pr,phân biệt pr và marketing,,20,,0.33
pr,phòng pr,,20,,0.33
pr,phần mềm chỉnh sửa video pr,,20,,0.29
pr,phần mềm pr chỉnh sửa video,,20,,0.43
pr,phần mềm pr là gì,,20,,0.33
pr,pitch pr,,20,,0.33
pr,ponce pr,,20,,0.00
pr,portugal pr card,,20,,0.00
pr,pp pr,,20,,0.33
pr,pr & branding,,20,,0.00
pr,pr & events,,20,,0.02
pr,pr & marketing,,20,,0.10
pr,pr 100 chronograph,,20,,0.71
pr,pr 101α,,20,,0.00
pr,pr 2.0,,20,,0.00
pr,pr 23ry,,20,,0.00
pr,pr 4116,,20,,0.28
pr,pr 5225,,20,,0.07
pr,pr 592 flight status,,20,,0.12
pr,pr 596 flight status,,20,,0.10
pr,pr 800,,20,,0.33
pr,pr academy,,20,,0.33
pr,pr activities,,20,,0.33
pr,pr ad,,20,,0.04
pr,pr admin,,20,,0.00
pr,pr adobe crack,,20,,0.79
pr,pr advertising,,20,,0.04
pr,pr advertorial,,20,,0.02
pr,pr ae,,20,,0.33
pr,pr agencies in bangalore,,20,,0.00
pr,pr agency dubai,,20,,0.00
pr,pr agency london,,20,,0.14
pr,pr agency là gì,,20,,0.33
pr,pr agency meaning,,20,,0.33
pr,pr agency singapore,,20,,1.00
pr,pr agency vietnam,,20,,0.41
pr,pr airline code,,20,,0.14
pr,pr and communications,,20,,0.05
pr,pr and communications internships,,20,,0.33
pr,pr and corporate communications,,20,,0.00
pr,pr and marketing,,20,,0.10
pr,pr and marketing jobs,,20,,0.36
pr,pr and media,,20,,0.33
pr,pr and reputation management,,20,,0.33
pr,pr and seo,,20,,0.00
pr,pr angel,,20,,0.00
pr,pr angle là gì,,20,,0.33
pr,pr articles examples,,20,,0.21
pr,pr asia awards,,20,,0.00
pr,pr associates,,20,,0.33
pr,pr awards asia,,20,,0.33
pr,pr b2b,,20,,0.33
pr,pr backlinks,,20,,0.14
pr,pr bao gồm những gì,,20,,0.33
pr,pr bar là làm gì,,20,,0.33
pr,pr bia,,20,,0.33
pr,pr bimvietnam,,20,,0.33
pr,pr blogger,,20,,0.33
pr,pr blogs,,20,,0.33
pr,pr booking là gì,,20,,0.33
pr,pr bpm,,20,,0.04
pr,pr br,,20,,0.33
pr,pr brief,,20,,0.00
pr,pr business,,20,,0.11
pr,pr báo,,20,,0.40
pr,pr báo chí,,20,,0.24
pr,pr báo chí là gì,,20,,0.33
pr,pr bản thân bằng tiếng nhật,,20,,0.00
pr,pr bản thân khi phỏng vấn,,20,,0.18
pr,pr bản thân trong cv,,20,,0.02
pr,pr bản thân trong cv tiếng nhật,,20,,0.33
pr,pr bất động sản,,20,,0.33
pr,pr cam,,20,,0.33
pr,pr canada đi được những nước nào,,20,,0.06
pr,pr card renewal,,20,,0.33
pr,pr cargo tracking,,20,,0.02
pr,pr cc,,20,,0.33
pr,pr china là gì,,20,,0.33
pr,pr china vs china,,20,,0.00
pr,pr cho sản phẩm,,20,,0.33
pr,pr cho sản phẩm mới,,20,,0.33
pr,pr cho trung tâm tiếng anh,,20,,0.33
pr,pr chỉnh sửa video,,20,,0.34
pr,pr club,,20,,0.00
pr,pr com,,20,,0.33
pr,pr communication,,20,,0.01
pr,pr companies australia,,20,,0.86
pr,pr companies in bangalore,,20,,0.00
pr,pr company,,20,,0.36
pr,pr content,,20,,0.06
pr,pr cosmetics,,20,,0.33
pr,pr country,,20,,0.01
pr,pr courses,,20,,0.00
pr,pr courses in australia,,20,,1.00
pr,pr courses online,,20,,0.89
pr,pr cr,,20,,0.33
pr,pr crisis example,,20,,0.33
pr,pr crisis examples,,20,,0.33
pr,pr crisis management,,20,,0.13
pr,pr curve vs roc curve,,20,,0.00
pr,pr cv,,20,,0.33
pr,pr cy,,20,,0.02
pr,pr cá nhân,,20,,0.33
pr,pr có phải là quảng cáo,,20,,0.33
pr,pr của vinamilk,,20,,0.33
pr,pr definition,,20,,0.01
pr,pr department,,20,,0.33
pr,pr digital,,20,,0.11
pr,pr dino thunder,,20,,0.33
pr,pr director salary,,20,,0.33
pr,pr disaster,,20,,0.33
pr,pr distribution,,20,,0.24
pr,pr division,,20,,0.33
pr,pr domain,,20,,0.00
pr,pr download crack,,20,,0.86
pr,pr download free,,20,,0.48
pr,pr editor,,20,,0.36
pr,pr electronic,,20,,0.00
pr,pr electronics,,20,,0.00
pr,pr ethics,,20,,0.33
pr,pr event marketing,,20,,0.33
pr,pr executive là gì,,20,,0.01
pr,pr executive salary,,20,,0.33
pr,pr expenses,,20,,0.33
pr,pr expert,,20,,0.33
pr,pr f51n1,,20,,0.50
pr,pr facebook,,20,,0.33
pr,pr facebook là gì,,20,,0.33
pr,pr facebook nghĩa là gì,,20,,0.33
pr,pr fb là gì,,20,,0.33
pr,pr film,,20,,0.33
pr,pr fire,,20,,0.04
pr,pr firm,,20,,0.05
pr,pr firms australia,,20,,0.86
pr,pr firms london,,20,,0.14
pr,pr flag,,20,,0.00
pr,pr food,,20,,0.33
pr,pr for tech,,20,,0.33
pr,pr full crack,,20,,0.34
pr,pr groudon,,20,,0.03
pr,pr group,,20,,0.33
pr,pr gtd,,20,,0.33
pr,pr hcmute,,20,,0.33
pr,pr icon,,20,,0.33
pr,pr icon png,,20,,0.33
pr,pr impressions,,20,,0.04
pr,pr in gym,,20,,0.05
pr,pr in house là gì,,20,,0.33
pr,pr insights,,20,,0.33
pr,pr institute of australia,,20,,0.00
pr,pr internal communications,,20,,0.33
pr,pr interval là gì,,20,,0.33
pr,pr interview,,20,,0.00
pr,pr interview questions,,20,,0.33
pr,pr island,,20,,0.00
pr,pr job description,,20,,0.33
pr,pr jobs in australia,,20,,0.33
pr,pr jobs london,,20,,0.00
pr,pr journal,,20,,0.33
pr,pr karaoke,,20,,0.01
pr,pr khác marketing và quảng cáo như thế nào,,20,,0.33
pr,pr kpis,,20,,0.14
pr,pr la viet tat cua tu gi,,20,,0.00
pr,pr labs,,20,,0.00
pr,pr launch,,20,,0.07
pr,pr link,,20,,0.33
pr,pr logo,,20,,0.00
pr,pr logo design,,20,,0.00
pr,pr logo png,,20,,0.33
pr,pr là chất gì,,20,,0.33
pr,pr là gì trong facebook,,20,,0.33
pr,pr là gì trong kinh doanh,,20,,0.01
pr,pr là gì vậy,,20,,0.33
pr,pr là nghề gì,,20,,0.33
pr,pr là phần mềm gì,,20,,0.33
pr,pr là sao,,20,,0.33
pr,pr là đơn vị gì,,20,,0.33
pr,pr magazine,,20,,0.33
pr,pr major,,20,,0.33
pr,pr man,,20,,0.33
pr,pr manager là gì,,20,,0.33
pr,pr marketing internships,,20,,0.33
pr,pr marketing plan,,20,,0.33
pr,pr meaning in business,,20,,0.33
pr,pr meaning in marketing,,20,,0.33
pr,pr medical,,20,,0.33
pr,pr mod,,20,,0.33
pr,pr monitoring,,20,,0.07
pr,pr my,,20,,0.33
pr,pr news,,20,,0.06
pr,pr newswire logo,,20,,0.07
pr,pr newswire pricing,,20,,0.81
pr,pr newswire vietnam,,20,,0.30
pr,pr nghĩa tiếng việt là gì,,20,,0.33
pr,pr ngắn,,20,,0.33
pr,pr nhà hàng,,20,,0.00
pr,pr ninja storm,,20,,0.00
pr,pr no,,20,,0.33
pr,pr number means,,20,,0.00
pr,pr number of water,,20,,0.33
pr,pr nội bộ của fpt,,20,,0.33
pr,pr nội bộ của viettel,,20,,0.33
pr,pr nội bộ và pr cộng đồng,,20,,0.33
pr,pr offline,,20,,0.01
pr,pr offline là gì,,20,,0.33
pr,pr outreach,,20,,0.57
pr,pr package meaning,,20,,0.33
pr,pr patong residence,,20,,0.29
pr,pr pay,,20,,0.33
pr,pr pdf,,20,,0.01
pr,pr people,,20,,0.33
pr,pr photo,,20,,0.33
pr,pr photoshop,,20,,0.40
pr,pr phần mềm,,20,,0.17
pr,pr plan,,20,,0.06
pr,pr plan example,,20,,0.16
pr,pr plan mẫu,,20,,0.33
pr,pr plan sample,,20,,0.16
pr,pr plan template,,20,,0.02
pr,pr png,,20,,0.33
pr,pr po,,20,,0.01
pr,pr points,,20,,0.00
pr,pr poker,,20,,0.00
pr,pr porn,,20,,0.33
pr,pr post,,20,,0.07
pr,pr poster,,20,,0.33
pr,pr press release,,20,,0.76
pr,pr print,,20,,0.00
pr,pr pro,,20,,0.19
pr,pr problem,,20,,0.33
pr,pr processing time,,20,,0.33
pr,pr productions,,20,,0.33
pr,pr professional,,20,,0.19
pr,pr program,,20,,0.00
pr,pr proposal,,20,,0.14
pr,pr proposal sample,,20,,0.00
pr,pr proposal template,,20,,0.00
pr,pr public relations,,20,,0.00
pr,pr publicity,,20,,0.03
pr,pr purposes,,20,,0.33
pr,pr quotes,,20,,0.14
pr,pr quán bar,,20,,0.33
pr,pr quán bar là gì,,20,,0.33
pr,pr r300nc,,20,,0.12
pr,pr r300np,,20,,0.16
pr,pr rank,,20,,0.00
pr,pr recruitment,,20,,0.33
pr,pr relationship,,20,,0.00
pr,pr report template,,20,,0.33
pr,pr representative,,20,,0.33
pr,pr research,,20,,0.02
pr,pr room,,20,,0.33
pr,pr salary,,20,,0.33
pr,pr sample,,20,,0.33
pr,pr school,,20,,0.00
pr,pr search,,20,,0.04
pr,pr search juniper,,20,,0.33
pr,pr services,,20,,0.33
pr,pr ship,,20,,0.33
pr,pr ships azur lane,,20,,0.33
pr,pr singapore là gì,,20,,0.06
pr,pr sites,,20,,0.00
pr,pr social,,20,,0.33
pr,pr software,,20,,0.33
pr,pr solar,,20,,0.33
pr,pr specialist job description,,20,,0.00
pr,pr spin,,20,,0.00
pr,pr sr,,20,,0.33
pr,pr st,,20,,0.33
pr,pr stakeholders,,20,,0.05
pr,pr stands for in business,,20,,0.33
pr,pr stands for in marketing,,20,,0.33
pr,pr status,,20,,0.33
pr,pr status check,,20,,0.33
pr,pr story,,20,,0.00
pr,pr strategies and tactics,,20,,0.05
pr,pr strategist,,20,,0.06
pr,pr strategy,,20,,0.06
pr,pr sách,,20,,0.11
pr,pr sản phẩm mới,,20,,0.02
pr,pr tech,,20,,0.33
pr,pr techniques,,20,,0.33
pr,pr test,,20,,0.00
pr,pr testimonials,,20,,0.33
pr,pr theories,,20,,0.33
pr,pr thương hiệu,,20,,0.01
pr,pr thương hiệu là gì,,20,,0.33
pr,pr tiếng anh la gì,,20,,0.33
pr,pr training,,20,,0.01
pr,pr transition,,20,,0.14
pr,pr trend,,20,,0.33
pr,pr trends,,20,,0.33
pr,pr trong chính phủ,,20,,0.00
pr,pr trong chạy bộ,,20,,0.33
pr,pr trong doanh nghiệp,,20,,0.33
pr,pr trong facebook là gì,,20,,0.00
pr,pr trong giáo dục,,20,,0.33
pr,pr trong kế toán là gì,,20,,0.33
pr,pr trong marketing,,20,,0.33
pr,pr trong marketing là gì,,20,,0.01
pr,pr trong mua hàng là gì,,20,,0.33
pr,pr trong y học là gì,,20,,0.33
pr,pr truyền thông,,20,,0.33
pr,pr trá hình,,20,,0.33
pr,pr trá hình là gì,,20,,0.33
pr,pr trên facebook,,20,,0.33
pr,pr tutorial,,20,,0.33
pr,pr tổ chức sự kiện,,20,,0.33
pr,pr từ chưa biết đến chuyên gia,,20,,0.33
pr,pr usa,,20,,0.04
pr,pr vac plus,,20,,0.33
pr,pr value,,20,,0.33
pr,pr vector,,20,,0.33
pr,pr video,,20,,0.19
pr,pr video editor,,20,,0.57
pr,pr viet,,20,,0.33
pr,pr viet nam,,20,,0.00
pr,pr viet tat,,20,,0.33
pr,pr viet tat chu gi,,20,,0.33
pr,pr viking font,,20,,0.33
pr,pr viết tắt chữ gì,,20,,0.33
pr,pr viết tắt của chữ gì,,20,,0.33
pr,pr viết tắt là j,,20,,0.33
pr,pr việt,,20,,0.03
pr,pr vs advertising,,20,,0.33
pr,pr và marketing,,20,,0.33
pr,pr và po là gì,,20,,0.33
pr,pr và quảng cáo,,20,,0.01
pr,pr và tổ chức sự kiện,,20,,0.33
pr,pr websites,,20,,0.07
pr,pr week,,20,,0.33
pr,pr wikipedia,,20,,0.33
pr,pr wire,,20,,0.43
pr,pr words,,20,,0.33
pr,pr work,,20,,0.33
pr,pr writing,,20,,0.33
pr,pr yourself,,20,,0.33
pr,pr úc,,20,,0.04
pr,pr đối nội,,20,,0.33
pr,pr это,,20,,0.33
pr,pr とは,,20,,0.33
pr,pr 意味,,20,,0.33
pr,pr 破解 版,,20,,0.33
pr,pr 社,,20,,0.33
pr,pr 뜻,,20,,0.33
pr,pr_connect_reset_error firefox,,20,,0.33
pr,publics in pr,,20,,0.33
pr,purple pr,,20,,0.33
pr,purpose of pr,,20,,0.33
pr,pyramid model of pr research,,20,,0.33
pr,quy trình pr,,20,,0.02
pr,quảng cáo thoái vị pr lên ngôi,,20,,0.33
pr,raise pr meaning,,20,,0.33
pr,real estate pr firms,,20,,0.33
pr,red pr,,20,,0.00
pr,release pr sap,,20,,0.00
pr,render pr,,20,,0.33
pr,restaurant pr,,20,,0.00
pr,samsung pr,,20,,0.33
pr,san juan pr,,20,,0.00
pr,san juan pr 00918,,20,,0.33
pr,santos atletico pr,,20,,0.33
pr,self pr,,20,,0.33
pr,senior pr,,20,,0.00
pr,senior pr executive,,20,,0.33
pr,senior pr manager,,20,,0.33
pr,seo pr,,20,,0.10
pr,sg pr,,20,,0.00
pr,sheraton pr,,20,,0.33
pr,singapore pr application,,20,,0.33
pr,singapore pr renewal,,20,,0.33
pr,singapore pr requirements,,20,,0.44
pr,singapore pr status,,20,,0.05
pr,singapore pr status check,,20,,0.00
pr,slide pr,,20,,0.00
pr,smart pr,,20,,0.33
pr,so sánh pr và marketing,,20,,0.33
pr,so sánh quảng cáo và pr,,20,,0.04
pr,social media pr,,20,,0.04
pr,social pr,,20,,0.33
pr,son pr,,20,,0.05
pr,spo2 pr,,20,,0.25
pr,sports pr,,20,,0.33
pr,successful pr campaigns,,20,,0.71
pr,sustainability pr,,20,,0.00
pr,sách pr,,20,,0.63
pr,sách pr lý luận và ứng dụng,,20,,0.10
pr,sách về pr,,20,,0.88
pr,sáng tạo chiến dịch pr hiệu quả,,20,,0.05
pr,sự khác biệt giữa quảng cáo và pr,,20,,0.33
pr,sự khác nhau giữa marketing và pr,,20,,0.33
pr,sự khác nhau giữa pr và marketing,,20,,0.33
pr,sự khác nhau giữa quảng cáo và pr,,20,,0.33
pr,table pr sap,,20,,0.33
pr,tech the pr,,20,,0.33
pr,technology pr,,20,,0.33
pr,technology pr agency,,20,,0.08
pr,template pr,,20,,0.29
pr,the new rules of marketing and pr pdf,,20,,0.12
pr,the role played by the pr company in securing,,20,,0.33
pr,the social pr,,20,,0.33
pr,this is pr the realities of public relations,,20,,0.33
pr,thought leadership pr,,20,,0.33
pr,thuê viết bài pr,,20,,0.29
pr,thuật ngữ pr,,20,,0.33
pr,thần thoại pr,,20,,0.33
pr,thẻ pr canada,,20,,0.03
pr,thực trạng pr ở việt nam,,20,,0.33
pr,thực tập sinh pr,,20,,0.57
pr,tissot pr 100 automatic,,20,,1.00
pr,tissot pr 100 chronograph,,20,,1.00
pr,tissot pr 100 dual time,,20,,1.00
pr,tissot pr 100 powermatic,,20,,1.00
pr,tissot pr 100 sport chic,,20,,1.00
pr,tissot pr 100 titanium,,20,,1.00
pr,tissot pr 200,,20,,0.96
pr,top pr firms,,20,,0.33
pr,toyota pr,,20,,0.33
pr,train pr,,20,,0.33
pr,tuyển dụng chuyên viên pr,,20,,0.32
pr,tuyển dụng nhân viên pr,,20,,0.21
pr,tuyển dụng nhân viên pr truyền thông,,20,,0.33
pr,tuyển dụng pr executive,,20,,0.11
pr,tuyển dụng pr marketing,,20,,0.11
pr,tuyển dụng pr ngân hàng,,20,,0.33
pr,tuyển nhân viên pr,,20,,0.26
pr,tuyển pr karaoke tphcm,,20,,0.13
pr,tuyển pr marketing,,20,,0.33
pr,tuyển pr nhà hàng,,20,,0.14
pr,tuyển pr phòng trà,,20,,0.33
pr,tuyển thực tập sinh pr,,20,,0.33
pr,twitter pr,,20,,0.33
pr,typing pr,,20,,0.00
pr,tính điểm pr úc,,20,,0.00
pr,tôi pr cho pr,,20,,0.06
pr,tôi pr cho pr pdf,,20,,0.33
pr,tải phần mềm pr,,20,,1.00
pr,tải pr crack,,20,,0.86
pr,tải pr full crack,,20,,0.29
pr,tải pr miễn phí,,20,,0.67
pr,tổ chức sự kiện pr nội bộ,,20,,0.33
pr,uae pr,,20,,0.07
pr,uk pr,,20,,0.33
pr,under pr,,20,,0.33
pr,vai trò của pr nội bộ,,20,,0.33
pr,vai trò của pr đối với doanh nghiệp,,20,,0.33
pr,video pr,,20,,0.33
pr,viet bai pr,,20,,0.06
pr,vietnam bnp pr indbygger,,20,,0.33
pr,visa 482 to pr,,20,,0.07
pr,viết bài pr,,20,,0.06
pr,viết bài pr báo chí,,20,,0.33
pr,viết bài pr cho doanh nghiệp,,20,,0.40
pr,viết bài pr cho sản phẩm,,20,,0.00
pr,viết bài pr chuẩn seo,,20,,0.33
pr,viết bài pr sản phẩm,,20,,0.06
pr,viết bài pr theo công thức 3s,,20,,0.33
pr,viết báo pr,,20,,0.57
pr,viết tắt của pr,,20,,0.33
pr,viết tắt của từ pr,,20,,0.33
pr,viết tắt pr,,20,,0.33
pr,viết tắt pr là gì,,20,,0.33
pr,vé pr là gì,,20,,0.33
pr,ví dụ pr,,20,,0.33
pr,ví dụ về hoạch định chiến lược pr,,20,,0.33
pr,ví dụ về pr,,20,,0.01
pr,ví dụ về pr nội bộ,,20,,0.33
pr,ví dụ về pr sản phẩm,,20,,0.33
pr,ví dụ về pr và marketing,,20,,0.33
pr,ví dụ về pr và quảng cáo,,20,,0.33
pr,ví dụ về sự khác nhau giữa pr và marketing,,20,,0.33
pr,wavac pr x2,,20,,0.33
pr,wd pr 4100,,20,,0.43
pr,website pr,,20,,0.00
pr,what are pr packages,,20,,0.33
pr,what do pr specialists do,,20,,0.33
pr,what does a pr do,,20,,0.04
pr,what does a pr firm do,,20,,0.33
pr,what does a pr specialist do,,20,,0.33
pr,what does pr mean in business,,20,,0.00
pr,what does pr stand for,,20,,0.33
pr,what is a pr agency,,20,,0.33
pr,what is a pr package,,20,,0.33
pr,what is a pr relationship,,20,,0.33
pr,what is pr in marketing,,20,,0.05
pr,what is pr package,,20,,0.33
pr,what is pr stand for,,20,,0.33
pr,whats a pr,,20,,0.33
pr,win pr,,20,,0.29
pr,wine pr agencies,,20,,0.00
pr,wip pr,,20,,0.00
pr,xiaomi note 8 pr,,20,,0.70
pr,xin pr,,20,,0.33
pr,xin pr canada,,20,,0.17
pr,xin vé pr là gì,,20,,0.33
pr,xử lý khủng hoảng trong pr,,20,,0.00
pr,zara pr,,20,,0.00
pr,âm br và pr,,20,,0.33
pr,điều kiện xin pr canada,,20,,0.24
pr,điều kiện xin pr ở canada,,20,,0.33
pr,điều kiện xin pr ở singapore,,20,,0.25
pr,đào tạo pr,,20,,0.33
pr,đèn bàn protex chống cận thị pr 005l,,20,,1.00
pr,đơn vị pr là gì,,20,,0.33
pr,đơn vị tính pr là gì,,20,,0.33
pr,đặc điểm của pr,,20,,0.01
pr,đặt backlink pr cao,,20,,0.00
pr,đối tượng của pr,,20,,0.33
pr,履歴 書 自己 pr,,20,,0.86
pr,新加坡 pr,,20,,0.29
pr,株式 会社 pr times,,20,,0.00
pr,職務 経歴 書 の 自己 pr,,20,,0.33
pr,職務 経歴 書 自己 pr,,20,,0.33
pr,自己 pr,,20,,0.33
pr,自己 pr 例文,,20,,0.02
pr,自己 pr 例文 転職,,20,,0.33
pr,自己 pr 書き方,,20,,0.00
pr,自己 pr 留学生,,20,,0.02
pr,自己 pr 英語,,20,,0.33
pr,自己 pr 面接,,20,,0.33
pr,1 pr,,10,,0.33
pr,360 pr boston,,10,,0.33
pr,482 visa to pr,,10,,0.33
pr,adm pr,,10,,0.33
pr,advocacy pr,,10,,0.33
pr,aguadilla pr 00603,,10,,0.00
pr,an pr,,10,,0.01
pr,anti pr,,10,,0.33
pr,apply for new zealand pr,,10,,0.00
pr,art pr,,10,,0.00
pr,as pr,,10,,0.00
pr,atletico pr fc,,10,,0.00
pr,atomic pr agency,,10,,0.00
pr,aus pr,,10,,0.00
pr,australia pr score calculator,,10,,0.00
pr,azur lane pr,,10,,0.33
pr,b2b pr,,10,,0.00
pr,benefits of pr,,10,,0.00
pr,best pr agencies,,10,,0.33
pr,best pr companies,,10,,0.00
pr,biggest pr firms in the world,,10,,0.33
pr,booking bài pr,,10,,0.14
pr,boutique pr agency,,10,,0.71
pr,boutique pr companies,,10,,0.71
pr,bài pr về nhà hàng,,10,,0.00
pr,bài viết pr khách sạn,,10,,0.07
pr,bài viết pr mẫu,,10,,0.02
pr,báo giá pr,,10,,0.33
pr,báo giá đăng bài pr trên kênh 14,,10,,0.00
pr,báo giá đăng bài pr trên vnexpress,,10,,0.25
pr,bản kế hoạch pr cho sản phẩm,,10,,0.33
pr,can new zealand pr work in australia,,10,,0.33
pr,canada pr card,,10,,0.33
pr,canada pr express entry,,10,,0.21
pr,canada pr points calculator,,10,,0.19
pr,canada pr points table,,10,,0.09
pr,cds pr,,10,,0.33
pr,chanel pr,,10,,0.00
pr,child pr,,10,,0.00
pr,chiêu pr là gì,,10,,0.33
pr,chiến dịch pr của honda,,10,,0.33
pr,chiến dịch pr của milo,,10,,0.01
pr,chiến dịch pr vinamilk 40 năm vươn cao việt nam,,10,,0.33
pr,chiến lược pr của apple,,10,,0.00
pr,chiến lược pr của pepsi,,10,,0.00
pr,chuyên viên pr là gì,,10,,0.01
pr,chuyên viên pr marketing,,10,,0.33
pr,chương trình pr của vinamilk,,10,,0.33
pr,chỉ số pr là gì,,10,,0.33
pr,chỉ số spo2 pr là gì,,10,,0.07
pr,community pr,,10,,0.00
pr,confirmation of pr canada,,10,,0.00
pr,corporate social responsibility in pr,,10,,0.00
pr,coyne pr,,10,,0.57
pr,crack adobe pr,,10,,0.00
pr,create pr in github,,10,,0.00
pr,cryptocurrency pr agency,,10,,0.00
pr,ctv viết bài pr,,10,,0.14
pr,customer pr,,10,,0.00
pr,cyprus pr by investment,,10,,0.33
pr,các bài pr hay,,10,,0.00
pr,các chiến lược mà công ty cần để pr,,10,,0.00
pr,các chiến lược pr,,10,,0.14
pr,các cách pr sản phẩm,,10,,0.00
pr,các hình thức pr sản phẩm,,10,,0.00
pr,các kênh pr online,,10,,0.33
pr,cách lấy pr canada,,10,,0.00
pr,cách phát âm pr và br,,10,,0.33
pr,cách pr bản thân khi phỏng vấn,,10,,0.00
pr,cách pr hiệu quả,,10,,0.00
pr,cách pr quán cafe,,10,,0.00
pr,cách pr sản phẩm hiệu quả,,10,,0.00
pr,cách pr sản phẩm trên facebook,,10,,0.00
pr,cách pr tiệm nail,,10,,0.00
pr,cách pr trên facebook,,10,,0.00
pr,cách sử dụng pr,,10,,0.33
pr,cách tính điểm xin pr úc,,10,,0.00
pr,cách viết bài pr chuẩn seo,,10,,0.19
pr,cách viết bài pr sự kiện,,10,,0.00
pr,cách viết pr bản thân bằng tiếng nhật,,10,,0.00
pr,công cụ pr,,10,,0.33
pr,công tác pr,,10,,0.00
pr,cắt video trong pr,,10,,0.11
pr,cộng tác viên viết bài pr,,10,,0.00
pr,data pr,,10,,0.00
pr,detran pr renovação cnh,,10,,0.33
pr,detroit pr,,10,,0.33
pr,digital pr company,,10,,0.29
pr,digital pr là gì,,10,,0.33
pr,digital pr vs traditional pr,,10,,0.33
pr,domain pr check,,10,,0.57
pr,download pr full crack,,10,,0.00
pr,dx pr dino thunder,,10,,0.00
pr,edelman pr internship,,10,,0.00
pr,eng pr,,10,,0.33
pr,english for pr,,10,,0.33
pr,estadio atletico pr,,10,,0.33
pr,evacations pr,,10,,0.33
pr,evening pr,,10,,0.00
pr,event pr,,10,,0.33
pr,family pr,,10,,0.00
pr,financial pr companies,,10,,0.33
pr,foundation pr,,10,,0.33
pr,free pr submission,,10,,0.29
pr,giá viết bài pr,,10,,0.10
pr,global pr companies,,10,,0.00
pr,good pr campaigns,,10,,0.14
pr,google com pr,,10,,0.33
pr,great pr,,10,,0.33
pr,gái pr,,10,,0.33
pr,h&m pr,,10,,0.00
pr,hd pr,,10,,0.00
pr,head of pr salary,,10,,0.33
pr,health and wellness pr,,10,,0.00
pr,healthcare pr,,10,,0.07
pr,heil pr 40,,10,,0.33
pr,hospital pr,,10,,0.00
pr,hotel pr,,10,,0.00
pr,hotel pr residency amritsar,,10,,0.33
pr,house pr,,10,,0.00
pr,how to apply pr in malaysia,,10,,0.14
pr,how to calculate pr value,,10,,0.00
pr,how to delete pr in sap,,10,,0.33
pr,how to evaluate a pr campaign,,10,,0.14
pr,how to get pr in malaysia,,10,,0.00
pr,how to get pr packages,,10,,0.00
pr,how to measure pr campaign success,,10,,0.43
pr,hoạt động pr,,10,,0.33
pr,hoạt động pr là gì,,10,,0.33
pr,học pr ở đâu,,10,,0.33
pr,iata pr,,10,,0.14
pr,ielts general or academic for canada pr,,10,,0.00
pr,impact pr,,10,,0.00
pr,importance of pr,,10,,0.00
pr,industrial pr,,10,,0.00
pr,influencer pr agency,,10,,0.33
pr,internet pr,,10,,0.00
pr,kiến thức pr,,10,,0.33
pr,kéo pr là gì,,10,,0.33
pr,kế hoạch pr cho trường đại học,,10,,0.33
pr,kỹ năng viết cho pr,,10,,0.14
pr,law pr,,10,,0.00
pr,legal pr,,10,,0.00
pr,lmk325b7476km pr,,10,,0.14
pr,local pr,,10,,0.14
pr,logo khoa pr,,10,,0.33
pr,low pr,,10,,0.00
pr,lập kế hoạch pr cho sản phẩm,,10,,0.00
pr,lập kế hoạch pr cho trường đại học,,10,,0.00
pr,lập kế hoạch pr cho vinamilk,,10,,0.03
pr,lịch sử ngành pr ở việt nam,,10,,0.33
pr,maintaining canadian pr,,10,,0.00
pr,marketing quảng cáo và pr,,10,,0.33
pr,marketing và pr,,10,,0.33
pr,marriott isla verde pr,,10,,0.29
pr,media pr agency,,10,,0.00
pr,mẫu bài pr sản phẩm,,10,,0.03
pr,new york pr firms,,10,,1.00
pr,nghĩa của pr,,10,,0.33
pr,nghĩa của từ pr,,10,,0.02
pr,nghề pr,,10,,0.33
pr,ngành pr tại việt nam,,10,,0.33
pr,ngành pr ở việt nam,,10,,0.33
pr,nhân viên pr karaoke,,10,,0.00
pr,nhân viên pr karaoke là gì,,10,,0.33
pr,nhân viên pr quán bar là gì,,10,,0.00
pr,nhận pr sản phẩm,,10,,0.00
pr,những cách pr độc đáo,,10,,0.05
pr,những câu nói hay về pr,,10,,0.33
pr,những hoạt động chủ yếu của pr,,10,,0.33
pr,những từ có âm br và pr,,10,,0.33
pr,nisca pr c101,,10,,0.71
pr,offline pr,,10,,0.00
pr,oil pr,,10,,0.00
pr,one piece pr,,10,,0.33
pr,parents pr canada,,10,,0.00
pr,phần mềm làm video pr,,10,,0.33
pr,pin pr 3258c7g,,10,,0.33
pr,political pr,,10,,0.00
pr,porn pr,,10,,0.33
pr,pr & communications manager,,10,,0.33
pr,pr & marketing agency,,10,,0.00
pr,pr & marketing manager,,10,,0.33
pr,pr 1368,,10,,0.33
pr,pr 2001,,10,,0.33
pr,pr 2019,,10,,0.14
pr,pr 38e,,10,,0.00
pr,pr 4501,,10,,0.62
pr,pr 733,,10,,0.00
pr,pr activities examples,,10,,0.33
pr,pr advertising examples,,10,,0.33
pr,pr agencies in uae,,10,,0.00
pr,pr agencies nyc,,10,,1.00
pr,pr agency australia,,10,,0.86
pr,pr agency china,,10,,0.33
pr,pr agency for startups,,10,,0.33
pr,pr agency hk,,10,,0.86
pr,pr agency hong kong,,10,,0.86
pr,pr agency uk,,10,,0.43
pr,pr airline,,10,,0.38
pr,pr amplification,,10,,0.07
pr,pr analysis,,10,,0.00
pr,pr and marketing agency,,10,,0.00
pr,pr and media relations,,10,,0.33
pr,pr and promotion,,10,,0.00
pr,pr and social media,,10,,0.04
pr,pr application document checklist,,10,,0.00
pr,pr article là gì,,10,,0.33
pr,pr awards,,10,,0.05
pr,pr awards asia 2017,,10,,0.33
pr,pr bar,,10,,0.04
pr,pr bia tiger,,10,,0.00
pr,pr biology,,10,,0.00
pr,pr bureau,,10,,0.33
pr,pr buying property in singapore,,10,,0.00
pr,pr by investment in canada,,10,,0.00
pr,pr bánh trung thu,,10,,0.00
pr,pr bẩn,,10,,0.33
pr,pr campaign case studies,,10,,0.00
pr,pr campaign template,,10,,0.57
pr,pr card renewal requirements,,10,,0.00
pr,pr cases,,10,,0.00
pr,pr checker,,10,,0.00
pr,pr checklist,,10,,0.33
pr,pr co,,10,,0.00
pr,pr communication plan,,10,,0.00
pr,pr companies in dubai,,10,,0.00
pr,pr companies nyc,,10,,1.00
pr,pr consultants poland,,10,,0.24
pr,pr consulting,,10,,0.04
pr,pr crack,,10,,0.57
pr,pr crisis management plan,,10,,0.33
pr,pr data,,10,,0.00
pr,pr date,,10,,0.33
pr,pr distribution services,,10,,0.00
pr,pr dk,,10,,0.33
pr,pr du nhập vào việt nam năm nào,,10,,0.33
pr,pr dùm là gì,,10,,0.33
pr,pr ecg,,10,,0.33
pr,pr education,,10,,0.33
pr,pr electronics 5335d,,10,,0.00
pr,pr element,,10,,0.33
pr,pr enterprises,,10,,0.33
pr,pr examples,,10,,0.01
pr,pr experience,,10,,0.00
pr,pr express,,10,,0.33
pr,pr farms inc,,10,,0.00
pr,pr firm hong kong,,10,,0.86
pr,pr firms in bangalore,,10,,0.00
pr,pr firms nyc,,10,,1.00
pr,pr for,,10,,0.33
pr,pr for dummies pdf,,10,,0.33
pr,pr for startups,,10,,0.33
pr,pr guide,,10,,0.00
pr,pr hub,,10,,0.00
pr,pr hình ảnh cá nhân,,10,,0.33
pr,pr hộ là gì,,10,,0.00
pr,pr images,,10,,0.00
pr,pr in full,,10,,0.33
pr,pr in house,,10,,0.33
pr,pr infographic,,10,,0.00
pr,pr international,,10,,0.33
pr,pr jobs,,10,,0.10
pr,pr khác marketing như thế nào,,10,,0.33
pr,pr lawyer,,10,,0.00
pr,pr leads,,10,,0.33
pr,pr lifestyle,,10,,0.54
pr,pr logistics,,10,,0.00
pr,pr là gì fb,,10,,0.00
pr,pr làm gì,,10,,0.33
pr,pr lý luận và ứng dụng pdf,,10,,0.33
pr,pr machine,,10,,0.00
pr,pr mail,,10,,0.33
pr,pr manager description,,10,,0.00
pr,pr manager jd,,10,,0.00
pr,pr manager salary,,10,,0.00
pr,pr marketing agency,,10,,0.00
pr,pr marketing jobs,,10,,0.36
pr,pr marketing plan template,,10,,0.00
pr,pr meaning medical,,10,,0.33
pr,pr medicine,,10,,0.33
pr,pr message,,10,,0.00
pr,pr methods,,10,,0.00
pr,pr near me,,10,,0.33
pr,pr network,,10,,0.33
pr,pr newswire asia limited,,10,,0.19
pr,pr nghĩa là j,,10,,0.33
pr,pr noi bo,,10,,0.00
pr,pr number meaning,,10,,0.00
pr,pr nước hoa,,10,,0.00
pr,pr objectives,,10,,0.33
pr,pr online là gì,,10,,0.33
pr,pr ornhub,,10,,0.33
pr,pr pcr,,10,,0.00
pr,pr pharma,,10,,0.00
pr,pr pitch,,10,,0.33
pr,pr place bangkok,,10,,0.36
pr,pr plan proposal,,10,,0.00
pr,pr plan template excel,,10,,0.00
pr,pr points calculator,,10,,0.01
pr,pr portfolio,,10,,0.33
pr,pr preset,,10,,0.25
pr,pr promotions,,10,,0.00
pr,pr quán cafe,,10,,0.33
pr,pr rank checker,,10,,0.00
pr,pr records,,10,,0.33
pr,pr relationship meaning,,10,,0.00
pr,pr renewal,,10,,0.00
pr,pr residency amritsar,,10,,0.33
pr,pr score,,10,,0.00
pr,pr segment,,10,,0.33
pr,pr series,,10,,0.00
pr,pr skills,,10,,0.13
pr,pr slogans,,10,,0.00
pr,pr specialist là gì,,10,,0.33
pr,pr state,,10,,0.33
pr,pr status là gì,,10,,0.00
pr,pr strategy plan,,10,,0.00
pr,pr symbol,,10,,0.00
pr,pr tactics,,10,,0.01
pr,pr tactics examples,,10,,0.00
pr,pr team,,10,,0.33
pr,pr technologie,,10,,0.00
pr,pr technology,,10,,0.00
pr,pr text,,10,,0.00
pr,pr title,,10,,0.33
pr,pr tools,,10,,0.16
pr,pr truyền thông là gì,,10,,0.33
pr,pr trên facebook là gì,,10,,0.33
pr,pr trên facebook như thế nào,,10,,0.33
pr,pr trực tuyến,,10,,0.05
pr,pr viking,,10,,0.00
pr,pr visa,,10,,0.01
pr,pr vn,,10,,0.00
pr,pr và truyền thông,,10,,0.33
pr,pr wallpaper,,10,,0.00
pr,pr web,,10,,0.07
pr,pr what is it,,10,,0.00
pr,pr workflow,,10,,0.00
pr,pr writing services,,10,,0.33
pr,pr ở canada là gì,,10,,0.06
pr,pr 短縮,,10,,0.00
pr,pr_end_of_file_error firefox,,10,,0.33
pr,preset pr,,10,,0.33
pr,press pr,,10,,0.33
pr,profile pr,,10,,0.33
pr,proxy pr,,10,,0.00
pr,puc pr,,10,,0.00
pr,pure pr,,10,,0.33
pr,quản lý pr là gì,,10,,0.02
pr,race model pr,,10,,0.00
pr,raise pr,,10,,0.33
pr,red bull pr,,10,,0.33
pr,reebok lifter pr,,10,,0.00
pr,release pr,,10,,0.33
pr,rental pr,,10,,0.00
pr,reputation management pr,,10,,0.33
pr,rubenstein pr,,10,,0.33
pr,sangean pr d5,,10,,1.00
pr,santurce san juan pr,,10,,0.33
pr,sap pr,,10,,0.33
pr,sat pr,,10,,0.33
pr,secure connection failed pr_connect_reset_error,,10,,0.33
pr,service pr,,10,,0.00
pr,sex hd pr,,10,,0.33
pr,shopping pr,,10,,0.00
pr,singapore pr,,10,,0.21
pr,singapore pr benefits,,10,,0.24
pr,singapore pr buy hdb,,10,,0.00
pr,singapore pr process,,10,,0.00
pr,singapore pr re entry permit,,10,,0.33
pr,site pr,,10,,0.00
pr,so sánh pr và quảng cáo,,10,,0.33
pr,switzerland pr,,10,,0.00
pr,sáng tạo chiến dịch pr hiệu quả pdf,,10,,0.00
pr,sølv pris pr gram,,10,,0.33
pr,sự khác nhau giữa pr và truyền thông,,10,,0.33
pr,tai phan mem pr,,10,,0.29
pr,tcode release pr,,10,,0.33
pr,thailand pr,,10,,0.12
pr,the fall of advertising and the rise of pr,,10,,0.33
pr,tissot 1853 pr 100 automatic,,10,,0.00
pr,tissot pr 100 powermatic 80,,10,,1.00
pr,top 10 pr firms,,10,,0.33
pr,top pr agencies in the world,,10,,0.00
pr,tourism pr,,10,,0.00
pr,trade pr,,10,,0.33
pr,traditional pr vs digital pr,,10,,0.33
pr,tài trợ trong pr,,10,,0.00
pr,tìm hiểu về pr,,10,,0.00
pr,tìm việc làm pr,,10,,0.00
pr,tại sao doanh nghiệp cần pr,,10,,0.33
pr,tổng quan về pr,,10,,0.33
pr,uniqlo pr,,10,,0.33
pr,vai trò của pr trong doanh nghiệp,,10,,0.02
pr,vai trò của pr trong kinh doanh,,10,,0.33
pr,view pr,,10,,0.00
pr,vinfast pr,,10,,0.06
pr,viết bài pr cho sự kiện,,10,,0.33
pr,vé pr là j,,10,,0.33
pr,ví dụ về quảng cáo và pr,,10,,0.00
pr,website pr checker,,10,,0.33
pr,wedding pr,,10,,0.00
pr,what does pr stand for in business,,10,,0.00
pr,what is digital pr,,10,,0.00
pr,what is online pr,,10,,0.00
pr,what is pr and communications,,10,,0.29
pr,what is pr in singapore,,10,,0.33
pr,what is pr po,,10,,0.00
pr,with pr,,10,,0.00
pr,www pr,,10,,0.33
pr,wwww pr,,10,,0.33
pr,xin pr là gì,,10,,0.33
pr,xin vé pr trên facebook là gì,,10,,0.33
pr,you pr,,10,,0.00
pr,youtube pr,,10,,0.02
pr,đăng bài pr trên báo,,10,,0.00
pr,định nghĩa pr,,10,,0.33
pr,ưu nhược điểm của pr,,10,,0.33
pr,ứng dụng chỉnh sửa video pr,,10,,0.00
pr,外国 人 留学生 自己 pr 例文,,10,,0.14
pr,自分 の pr,,10,,0.00
pr,自己 pr mẫu,,10,,0.00
pr,自己 pr sample,,10,,0.33
pr,自己 pr とは,,10,,0.14
pr,自己 pr 転職,,10,,0.00
pr,自己 紹介 自己 pr,,10,,0.33
pr,面接 自己 pr,,10,,0.33
pr,01225120036 chính pr bsr,,0,,0.00
pr,01699986208 chính pr bsr,,0,,0.00
pr,1 1 2 10bbw pr,,0,,0.00
pr,1 1 2 10bbw pr filter,,0,,0.00
pr,1 million dollar us pr,,0,,0.00
pr,1 pr 0.5mm2 7 0.30 insulated and overall screened,,0,,0.00
pr,1 pr 2 4-9,,0,,0.00
pr,1 pr 2 4-9 bài đọc,,0,,0.00
pr,1 pr 4 7-11,,0,,0.00
pr,1 pr 596o,,0,,0.00
pr,1 pr trong sách kinh phụng vụ,,0,,0.00
pr,1 số bài viết pr son,,0,,0.00
pr,1-h pr u cos phi,,0,,0.00
pr,10 bước trong pr,,0,,0.00
pr,10 december 2019 pr sc 14043,,0,,0.00
pr,10 ý tưởng pr sáng tạo,,0,,0.00
pr,10 đối tượng pr hướng tới,,0,,0.00
pr,100 easy english conversations pr,,0,,0.00
pr,100 great pr ideas book,,0,,0.00
pr,100 pr thất bại,,0,,0.00
pr,100 ý tưởng pr,,0,,0.00
pr,100 ý tưởng pr tuyệt ha,,0,,0.00
pr,100 ý tưởng pr tuyệt hay fahasa,,0,,0.00
pr,100 ý tưởng pr tuyệt hay jim blythe,,0,,0.00
pr,100 ý tưởng pr tuyệt hay jim blythe mobi,,0,,0.00
pr,101 meaning pr,,0,,0.00
pr,1040 pr form 2019,,0,,0.00
pr,1040 pr instrucciones,,0,,0.00
pr,1040 pr instructions 2019,,0,,0.00
pr,113 a venda no pr,,0,,0.00
pr,12 cách viết tiêu đề cho bài pr,,0,,0.00
pr,12 câu hỏi pr chiến lược,,0,,0.00
pr,12 câu hỏi đối với chiến lược gia pr,,0,,0.00
pr,120 eleanor roosevelt st san juan pr 00918,,0,,0.00
pr,13 golden rules of pr crisis management,,0,,0.00
pr,13 golden rules of pr crisis management by forbes,,0,,0.00
pr,136 ngô gia tự p thanh sơn tp pr-tc,,0,,0.00
pr,155 calle hospital orocovis pr 00720 united states,,0,,0.00
pr,16 5000 pr & event room,,0,,0.00
pr,192 avenida susoni 975 hatillo pr 00659,,0,,0.00
pr,2 pr gratavinium wine,,0,,0.00
pr,2 pr trung quốc chụp ảnh nude,,0,,0.00
pr,2 style in mah life pr-alder,,0,,0.00
pr,20 00 ger d1-8 werder bremen everton eng pr-8,,0,,0.00
pr,20 pr là gì,,0,,0.00
pr,20.01 anywhere elementor pr,,0,,0.00
pr,2017 pr internships,,0,,0.00
pr,2018 top productive pr softwares,,0,,0.00
pr,2019 1040-pr instructions,,0,,0.00
pr,2019 form 1040 pr,,0,,0.00
pr,2019 form 1040-pr instructions,,0,,0.00
pr,2019 pr trends,,0,,0.00
pr,2061 san antonio pr,,0,,0.00
pr,2061 san antonio pr 00690,,0,,0.00
pr,2061 san antonio pr pr puerto rico 787 508-1806 00690,,0,,0.00
pr,224 ngô gia tư pr-tc ninh thuận,,0,,0.00
pr,23 59 pr,,0,,0.00
pr,23 linh lang pr girl bar,,0,,0.00
pr,253 duong 21 thang 8 pr-tc ninh thuan,,0,,0.00
pr,2822 ave las americas cuatro cales ponce pr 00717,,0,,0.00
pr,2h 24 oeste fc sp londrina pr,,0,,0.00
pr,3 công thức viết bài pr,,0,,0.00
pr,3 dang bài viết pr,,0,,0.00
pr,300 pr 2003 bagwell tx,,0,,0.00
pr,33 seconds pr,,0,,0.00
pr,341 sv 9090 pr 0901,,0,,0.00
pr,34705 s glenn miller pr se kennewick wa 99338,,0,,0.00
pr,360 độ photo pr,,0,,0.00
pr,360 độ photo để pr,,0,,0.00
pr,4 pr 0.5mm2 7 0.30 insulated and overall screened,,0,,0.00
pr,4-bộ đĩa gốm sứ cao cấp pr-dhs5,,0,,0.00
pr,40.2012.21-3.454.6 pr 454,,0,,0.00
pr,40.2012.21-3.454.6_pr_454,,0,,0.00
pr,40.2012.21-3.454.6_pr_legacy,,0,,0.00
pr,40.2012.21-3.454.6_pr_legacy_454,,0,,0.00
pr,457 to pr,,0,,0.00
pr,457 to pr processing time,,0,,0.00
pr,457 visa to pr,,0,,0.00
pr,457 visa to pr english requirement,,0,,0.00
pr,482 short term visa 186 pr,,0,,0.00
pr,489 visa to pr,,0,,0.00
pr,49 kg pr capita 2050,,0,,0.00
pr,5 công cụ chiêu thị quảng cáo pr,,0,,0.00
pr,5 công cụ pr,,0,,0.00
pr,5 hoạt động pr,,0,,0.00
pr,5 p bq pr-b.com,,0,,0.00
pr,50tp pr,,0,,0.00
pr,54 pr outcome techniques,,0,,0.00
pr,580 40118 eng pr frees candle lace des,,0,,0.00
pr,580 40118 eng pr frees candle lace des 1,,0,,0.00
pr,5s online ke hoach pr nguoc,,0,,0.00
pr,5s online tập 376 chiến dịch pr cho đại ca,,0,,0.00
pr,6 công cụ pr,,0,,0.00
pr,6 nhóm đối tượng của pr,,0,,0.00
pr,6 steps in pr strategic planning,,0,,0.00
pr,6 tháng sau khi pr,,0,,0.00
pr,6 tháng sau khi pr canada,,0,,0.00
pr,6 tháng sau khi pr cânnda,,0,,0.00
pr,62 chiến dịch pr suất sắc,,0,,0.00
pr,62 chiến dịch pr xuất sắc review,,0,,0.00
pr,6333a1b pr,,0,,0.00
pr,6333a1b pr electronic,,0,,0.00
pr,64 từ khóa trong viết bài pr,,0,,0.00
pr,7 bước trong pr,,0,,0.00
pr,7 công cụ của pr,,0,,0.00
pr,70 transition cho pr,,0,,0.00
pr,76 usd to pr,,0,,0.00
pr,7700k vs 6800k adobe pr,,0,,0.00
pr,8 bước xây dựng bản kế hoạch pr,,0,,0.00
pr,887 visa australia pr,,0,,0.00
pr,8888 t pr,,0,,0.00
pr,8888 t pr cc,,0,,0.00
pr,8888 t pr cc retail,,0,,0.00
pr,8888 t pr retail,,0,,0.00
pr,9 calle dr cueto utuado pr 00641 38133 att.com,,0,,0.00
pr,9 calle dr cueto utuado pr 00641 att.com,,0,,0.00
pr,9 day japan itinerary with pr pass,,0,,0.00
pr,9 pr fiascos that were handled brilliantly by management,,0,,0.00
pr,9 yếu tố trong pr,,0,,0.00
pr,96 8 đổng dậu phường phước mỹ pr tháp chàm,,0,,0.00
pr,a & o pr,,0,,0.00
pr,a chiến lược pr và phát triển doanh nghiệp,,0,,0.00
pr,a day in the life of a pr girl,,0,,0.00
pr,a heavy dose of pr,,0,,0.00
pr,a perfect pr campaign circle,,0,,0.00
pr,a perfect pr campaign process,,0,,0.00
pr,a pr cma e type,,0,,0.00
pr,a pr manager,,0,,0.00
pr,a turbofan engine has compressor and turbine with pr,,0,,0.00
pr,a&b chemical corp pr-g,,0,,0.00
pr,a&w pr,,0,,0.00
pr,a10 pk pr 003.700,,0,,0.00
pr,a10 pk pr 004.650,,0,,0.00
pr,a10 pk pr 005 400,,0,,0.00
pr,a10 pr,,0,,0.00
pr,a13 pk pr 001.850,,0,,0.00
pr,a18 calle 3 carolina pr 00987,,0,,0.00
pr,abbreviation province pr,,0,,0.00
pr,abm for pr,,0,,0.00
pr,abode pr la gi,,0,,0.00
pr,about pr,,0,,0.00
pr,abr pr apbtz4l,,0,,0.00
pr,absd pr,,0,,0.00
pr,abu dhabi pr company,,0,,0.00
pr,ac goianiense go parana pr,,0,,0.00
pr,ac oab pr,,0,,0.00
pr,ac250v-5a kh-8005-pr,,0,,0.00
pr,academia em maringa pr,,0,,0.00
pr,access exist head to head fantasy pr,,0,,0.00
pr,accomplishment for pr role,,0,,0.00
pr,account manager job description pr,,0,,0.00
pr,account manager pr agency,,0,,0.00
pr,account pr intern,,0,,0.00
pr,accountants for pr agencies,,0,,0.00
pr,accounting pr nam nay,,0,,0.00
pr,accounting pr nam nay 2016,,0,,0.00
pr,aceros de america caguas pr,,0,,0.00
pr,acne cream pr o,,0,,0.00
pr,acpi _pr_ p031 failed to get cpu apic id,,0,,0.00
pr,act pr,,0,,0.00
pr,action pr group,,0,,0.00
pr,active win 10 pr o ve,,0,,0.00
pr,acuity pr,,0,,0.00
pr,adam khoo tuyển dụng chuyên viên pr,,0,,0.00
pr,adam khoo tuyển dụng pr,,0,,0.00
pr,adayroi pr manager,,0,,0.00
pr,adbe premiere pr cc2015,,0,,0.00
pr,add hết lút vào pr,,0,,0.00
pr,add label to pr bitbucket,,0,,0.00
pr,add pr,,0,,0.00
pr,add pr là gì,,0,,0.00
pr,adding legends on logger pr,,0,,0.00
pr,addon pr seo,,0,,0.00
pr,adelaide pr,,0,,0.00
pr,adidas aero bounce pr men,,0,,0.00
pr,adidas aero bounce pr wide,,0,,0.00
pr,adidas aerobounce pr,,0,,0.00
pr,adidas aerobounce pr men& 39,,0,,0.00
pr,adidas aerobounce pr men's shoes,,0,,0.00
pr,adidas pr campaign,,0,,0.00
pr,adidas pure boost pr,,0,,0.00
pr,adidas tubular radial core black pr,,0,,0.00
pr,adidas đã pr như thế nào,,0,,0.00
pr,adidas ランニングシューズ aero bounce pr wide,,0,,0.00
pr,adjustment layer pr download,,0,,0.00
pr,adjuvant essai 1813 gr 01 pr seppic,,0,,0.00
pr,admicro pr,,0,,0.00
pr,adn của khào đk lắp vào vỏ pr,,0,,0.00
pr,adnetwork và pr online có phải là digital marketing không,,0,,0.00
pr,adobe ae không liên kết được với pr,,0,,0.00
pr,adobe indesign cs9 pr,,0,,0.00
pr,adobe pr 2017 cc,,0,,0.00
pr,adobe pr 2018 crack,,0,,0.00
pr,adobe pr 2019 1280x720,,0,,0.00
pr,adobe pr 2019 cc,,0,,0.00
pr,adobe pr 2019 full,,0,,0.00
pr,adobe pr cc 2015,,0,,0.00
pr,adobe pr cc 2015 crack,,0,,0.00
pr,adobe pr cc 2018,,0,,0.00
pr,adobe pr cc 2018 cnttqn,,0,,0.00
pr,adobe pr cc 2019,,0,,0.00
pr,adobe pr cc 2019 full crack,,0,,0.00
pr,adobe pr co ban,,0,,0.00
pr,adobe pr doawnload,,0,,0.00
pr,adobe pr effect,,0,,0.00
pr,adobe pr error font,,0,,0.00
pr,adobe pr full,,0,,0.00
pr,adobe pr full crack,,0,,0.00
pr,adobe pr full download,,0,,0.00
pr,adobe pr how to change language,,0,,0.00
pr,adobe pr la gi,,0,,0.00
pr,adobe pr portable,,0,,0.00
pr,adobe pr pro apk,,0,,0.00
pr,adobe pr ra mày đỏ,,0,,0.00
pr,adobe pr recommend,,0,,0.00
pr,adobe pr vs ae,,0,,0.00
pr,adobe pr.eps,,0,,0.00
pr,adobe premiere pro.exe entry point not found cài pr 2019,,0,,0.00
pr,adoub pr cc download,,0,,0.00
pr,adoub pr download,,0,,0.00
pr,adtima pr hub,,0,,0.00
pr,advance and limits of a pr plan,,0,,0.00
pr,advantage of writing a pr on magazine,,0,,0.00
pr,advantage of writing a pr on website,,0,,0.00
pr,advantage of writting a pr on megazine,,0,,0.00
pr,advantages and disadvantages of a pr plan,,0,,0.00
pr,advatange of pr canada,,0,,0.00
pr,adventure pr,,0,,0.00
pr,adverter bài pr,,0,,0.00
pr,advertising và pr,,0,,0.00
pr,advertisment và pr là gì,,0,,0.00
pr,advertorial báo pr,,0,,0.00
pr,advertorial outline for pr,,0,,0.00
pr,advertorial pr,,0,,0.00
pr,adwords pris pr klik,,0,,0.00
pr,ae ai pr,,0,,0.00
pr,ae and pr same version,,0,,0.00
pr,ae vaà pr,,0,,0.00
pr,aero bounce pr,,0,,0.00
pr,aero bounce pr wide,,0,,0.00
pr,aero bounce pr wide ソーラーイエロー,,0,,0.00
pr,aero bounce pr wide レビュー,,0,,0.00
pr,aerobounce pr m,,0,,0.00
pr,aerospace pr,,0,,0.00
pr,affordable pr services,,0,,0.00
pr,africa pr agency,,0,,0.00
pr,after pr,,0,,0.00
pr,after your have your pr card,,0,,0.00
pr,aged care pr,,0,,0.00
pr,agence pr,,0,,0.00
pr,agence pr france,,0,,0.00
pr,agence pr london,,0,,0.00
pr,agence pr paris,,0,,0.00
pr,agencia de emprego em maringa pr,,0,,0.00
pr,agencia pr,,0,,0.00
pr,agencija za pr,,0,,0.00
pr,agencja pr,,0,,0.00
pr,agencja pr content marketing,,0,,0.00
pr,agencja pr it,,0,,0.00
pr,agencja pr nowe technologie,,0,,0.00
pr,agencja pr technologie,,0,,0.00
pr,agencja pr warszawa,,0,,0.00
pr,agency book bài pr,,0,,0.00
pr,agency book bài pr trên báo cnn,,0,,0.00
pr,agency book bài pr trên các báo nước ngoài,,0,,0.00
pr,agency book bài pr trên times new,,0,,0.00
pr,agency book bài pr được các báo online nước ngoài,,0,,0.00
pr,agency book pr,,0,,0.00
pr,agency pr bất động sản,,0,,0.00
pr,agency pr for bmw france,,0,,0.00
pr,agency quảng cáo pr,,0,,0.00
pr,agency tuyển ctv viết bài pr,,0,,0.00
pr,agency tuyển team viết bài pr,,0,,0.00
pr,agency tuyển viết bài pr,,0,,0.00
pr,agency ve pr tai vietnam,,0,,0.00
pr,agency đăng bài pr,,0,,0.00
pr,agenda pr,,0,,0.00
pr,agendar renovação de cnh detran pr,,0,,0.00
pr,agentur online pr,,0,,0.00
pr,agentur pr,,0,,0.00
pr,agentur pr kampagne,,0,,0.00
pr,agentur pr marketing,,0,,0.00
pr,agentur pr marketing seo,,0,,0.00
pr,agentur pr seo marketing,,0,,0.00
pr,agentur seo marketing pr,,0,,0.00
pr,agentur seo pr marketing,,0,,0.00
pr,agenzia di digital pr bergamo,,0,,0.00
pr,agenzia digital pr,,0,,0.00
pr,agenzia digital pr milano,,0,,0.00
pr,agenzia pr,,0,,0.00
pr,agenzie digital pr milano,,0,,0.00
pr,agenzie pr milano,,0,,0.00
pr,agri pr,,0,,0.00
pr,agricultural pr agency,,0,,0.00
pr,agricultural pr consultancy agency,,0,,0.00
pr,agriculture pr,,0,,0.00
pr,ahead pr,,0,,0.00
pr,ahoy pr,,0,,0.00
pr,ahq-pr,,0,,0.00
pr,ai ae render pr,,0,,0.00
pr,ai cần làm pr,,0,,0.00
pr,ai fukuhara pr site bongban.org,,0,,0.00
pr,ai pr pts,,0,,0.00
pr,ai pr seo,,0,,0.00
pr,ai ps pr ae,,0,,0.00
pr,ai ps pr ae cần cấu hình nào mới đc,,0,,0.00
pr,aim academy pr cho sản phẩm như thế nào,,0,,0.00
pr,aim academy pr như thế nào,,0,,0.00
pr,aipp pr processing time,,0,,0.00
pr,air explorer v1.15.1 pr,,0,,0.00
pr,aircrew survival equipmentman pr lapel pin badge us navy rate,,0,,0.00
pr,airfoil pr,,0,,0.00
pr,ajc pr,,0,,0.00
pr,ajinomoto pr executive,,0,,0.00
pr,ajinomoto tuyển dụng pr,,0,,0.00
pr,ak 47 vip pr,,0,,0.00
pr,aka auto pr,,0,,0.00
pr,ako photokatsu pr,,0,,0.00
pr,al bank antal hævninger pr dag,,0,,0.00
pr,al oi-pr 3,,0,,0.00
pr,al oi-pr 3 ketone,,0,,0.00
pr,album nhạc trẻ 3 pr 75,,0,,0.00
pr,album photo bằng pr,,0,,0.00
pr,alex goodley pr,,0,,0.00
pr,alex rowley pr,,0,,0.00
pr,aliança de casamento grossa pr,,0,,0.00
pr,alison brod pr,,0,,0.00
pr,all pr tools and techniques,,0,,0.00
pr,allen hall bay pr,,0,,0.00
pr,alliance pr,,0,,0.00
pr,allianz trac usa inc pr,,0,,0.00
pr,alphabklocks br pr,,0,,0.00
pr,altan pris pr kvadratmeter,,0,,0.00
pr,aluguel londrina pr,,0,,0.00
pr,aluguel palotina pr,,0,,0.00
pr,aluminium pris pr kg,,0,,0.00
pr,am o sullivan pr,,0,,0.00
pr,amazing internal pr,,0,,0.00
pr,amazing pr campaigns,,0,,0.00
pr,america mg h londrina pr,,0,,0.00
pr,america mg h londrina pr soi keo,,0,,0.00
pr,america mineiro vs londrina pr nhận định,,0,,0.00
pr,amigo supermarket luquillo pr,,0,,0.00
pr,amigo supermarket pr,,0,,0.00
pr,ampli california pr-188a,,0,,0.00
pr,amy pr,,0,,0.00
pr,an error occurred during a connection to . pr_end_of_file_error,,0,,0.00
pr,an error occurred during a connection to www.google.com. pr_end_of_file_error,,0,,0.00
pr,analysis the technique pr of saigon children's charities,,0,,0.00
pr,analyze case pr campaign,,0,,0.00
pr,analyze pr campaign of dove,,0,,0.00
pr,and i gave up my pr status in canada,,0,,0.00
pr,and i gave up pr status for canadian government,,0,,0.00
pr,anderson group pr,,0,,0.00
pr,anderson plata atletico pr,,0,,0.00
pr,android clear cache pr,,0,,0.00
pr,angel smalls pr,,0,,0.00
pr,angie ngo linkedin pr,,0,,0.00
pr,anh em hãy sống đời sống thánh 1 pr,,0,,0.00
pr,anh tien pr co tam,,0,,0.00
pr,anh tien pr kinh cuong linh,,0,,0.00
pr,anh tien pr tai nghe blue tooth,,0,,0.00
pr,anh tien pr tai nghe bluetooth,,0,,0.00
pr,anh tien the gioi di dong pr co tam,,0,,0.00
pr,anime pr la gi,,0,,0.00
pr,anime pr orn,,0,,0.00
pr,annex a pr,,0,,0.00
pr,annex a pr form,,0,,0.00
pr,annonce responsable magasin pr,,0,,0.00
pr,annual income of pr agencies in the united states,,0,,0.00
pr,anrtyt.pr geforce.com,,0,,0.00
pr,antidropper minecraft pr,,0,,0.00
pr,anyone got pr through peq,,0,,0.00
pr,anyone got pr through peq graduate site www.canadavisa.com,,0,,0.00
pr,anyone got pr through peq site www.canadavisa.com,,0,,0.00
pr,ao so mi pr caddin,,0,,0.00
pr,apartamento a venda curitiba pr,,0,,0.00
pr,apartamento a venda em pinhais pr,,0,,0.00
pr,apartamentos a venda em curitiba pr,,0,,0.00
pr,apex pr,,0,,0.00
pr,app chỉnh pr,,0,,0.00
pr,app chỉnh video pr,,0,,0.00
pr,app ghep phim pr,,0,,0.00
pr,app ghep phim pr cho pc,,0,,0.00
pr,app pr video,,0,,0.33
pr,appeal pr,,0,,0.00
pr,appharbor the codedom provider type microsoft.codedom.pr,,0,,0.00
pr,apple australia pr,,0,,0.00
pr,apple pr quotes,,0,,0.00
pr,application pr lire les pptx,,0,,0.00
pr,application to australia pr,,0,,0.00
pr,apply for pr singapore how long for approvement,,0,,0.00
pr,apply pr cho ngành ict,,0,,0.00
pr,apply pr ict in aus needs experience,,0,,0.00
pr,apply pr new zealand 28 8 2017,,0,,0.00
pr,apply pr victoria,,0,,0.00
pr,apply singapore pr online,,0,,0.00
pr,apply trv for child in time processing pr canada,,0,,0.00
pr,applying for ltvp spouse of pr,,0,,0.00
pr,applying for pr in australianf international student,,0,,0.00
pr,approach pr,,0,,0.00
pr,appvn minecraft pr,,0,,0.00
pr,ar detran pr,,0,,0.00
pr,arbejdsløshed pr by,,0,,0.00
pr,architecture pr,,0,,0.00
pr,architecture pr agency,,0,,0.00
pr,architecture pr london,,0,,0.00
pr,ardor pr brand manager,,0,,0.00
pr,are children passport mandatory pr application express entry,,0,,0.00
pr,argentina pr league,,0,,0.00
pr,aria pr,,0,,0.00
pr,art pizza cascavel pr,,0,,0.00
pr,art pr agency,,0,,0.00
pr,art pr london,,0,,0.00
pr,artist pr,,0,,0.00
pr,arts pr agency london,,0,,0.00
pr,ashtanga yoga pr,,0,,0.00
pr,asia pr agency,,0,,0.33
pr,aspen pr,,0,,0.00
pr,assassin's creed pr,,0,,0.00
pr,associate director pr salary,,0,,0.00
pr,asus max 4 pr,,0,,0.00
pr,asus zenfone5 pr,,0,,0.00
pr,atago pr 50ho,,0,,0.00
pr,athletico pr vs athletico mineiro,,0,,0.00
pr,atlanta tech pr,,0,,0.00
pr,atlantic university college pr,,0,,0.00
pr,atletico pr flamengo,,0,,0.00
pr,atletico pr futbol24,,0,,0.00
pr,atletico pr ge,,0,,0.00
pr,atm-pr-v5-n-a,,0,,0.00
pr,atomic pr,,0,,0.00
pr,att.com ave pontezuela local 367 urb vistamar carolina pr 00983,,0,,0.00
pr,att.com exp 22 ave comerio pr 167,,0,,0.00
pr,att.com movil.pr corp 1321,,0,,0.00
pr,att.com plaza isabela b102b pr 2 pr4494,,0,,0.00
pr,att.com plaza monte real pr 2 km 45.8,,0,,0.00
pr,att.com pr 2 int pr 107,,0,,0.00
pr,attache file for pr after release services for object,,0,,0.00
pr,attracting customers by renting famous celebrity in pr,,0,,0.00
pr,audience engagement pr,,0,,0.00
pr,aurora pr,,0,,0.00
pr,aus pr points,,0,,0.00
pr,aus pr processing time,,0,,0.00
pr,austin tech pr firms,,0,,0.00
pr,austin technology pr and marketing firm,,0,,0.00
pr,australia immigration pr,,0,,0.00
pr,australia pr bsc accounting accreditation,,0,,0.00
pr,australia pr bsc accreditation,,0,,0.00
pr,australia pr calculator point,,0,,0.00
pr,australia pr consultancy in hyderabad,,0,,0.00
pr,australia pr consultant,,0,,0.00
pr,australia pr photo requirwmwnt,,0,,0.00
pr,australia pr points calculator 2018,,0,,0.00
pr,australia pr points calculator 2019,,0,,0.00
pr,australia pr points calculator border,,0,,0.00
pr,australia pr points calculator official website,,0,,0.00
pr,australia pr processing time,,0,,0.00
pr,australia pr visa benefits,,0,,0.00
pr,australia provinces pr,,0,,0.00
pr,australian pr for nz citizens,,0,,0.33
pr,australian pr initial assessment,,0,,0.00
pr,australian pr new category of lecturer,,0,,0.00
pr,australian pr new category of lecturer skill list,,0,,0.00
pr,author pr services,,0,,0.00
pr,auto link pr with issue github,,0,,0.00
pr,auto peças carretão maringá pr,,0,,0.00
pr,auto vl 1 pr,,0,,0.00
pr,automatic pr,,0,,0.00
pr,automation pr uk,,0,,0.00
pr,automotive pr,,0,,0.00
pr,automotive pr agency,,0,,0.00
pr,automotive pr consultancy,,0,,0.00
pr,automotive pr london,,0,,0.00
pr,automotive pr uk,,0,,0.00
pr,autonics pr series,,0,,0.00
pr,autos pr,,0,,0.00
pr,autumn pr,,0,,0.00
pr,av controler pr-155ax,,0,,0.00
pr,avarege pr vietnam,,0,,0.00
pr,ave pontezuela local 367 urb vistamar carolina pr 00983,,0,,0.00
pr,avengers endgame pr car,,0,,0.00
pr,avenue pr,,0,,0.00
pr,average pr salary,,0,,0.00
pr,average pr vietnam,,0,,0.00
pr,avhd.pr,,0,,0.00
pr,aviation industry pr,,0,,0.00
pr,aviation pr agencies,,0,,0.00
pr,aviation pr agency uk,,0,,0.00
pr,award pr article,,0,,0.00
pr,award winning digital pr agency,,0,,0.00
pr,award winning pr agency,,0,,0.00
pr,award winning pr agency birmingham,,0,,0.00
pr,award winning pr agency manchester,,0,,0.00
pr,award winning pr firm,,0,,0.00
pr,azerbaijan pr visa,,0,,0.00
pr,azienda digital pr milano,,0,,0.00
pr,azur lane pr farming,,0,,0.00
pr,azur lane pr season 2,,0,,0.00
pr,azur lane pr ship 2,,0,,0.00
pr,azur lane what pr ship i should research first,,0,,0.00
pr,azure pr icing,,0,,0.00
pr,azurlane atago pr,,0,,0.00
pr,aâm pr tiếng anh,,0,,0.00
pr,aảnh giirl ngồi pr,,0,,0.00
pr,aấn phẩm pr,,0,,0.00
pr,b2b event pr,,0,,0.00
pr,b2b funding pr,,0,,0.00
pr,b2b pr agency,,0,,0.00
pr,b2b pr agency birmingham,,0,,0.00
pr,b2b pr agency cardiff,,0,,0.00
pr,b2b pr agency london,,0,,0.00
pr,b2b pr agency manchester,,0,,0.00
pr,b2b pr agency midlands,,0,,0.00
pr,b2b pr agency south wales,,0,,0.00
pr,b2b pr agency uk,,0,,0.00
pr,b2b pr agency wales,,0,,0.00
pr,b2b pr campaigns,,0,,0.00
pr,b2b pr case study,,0,,0.00
pr,b2b pr company,,0,,0.00
pr,b2b pr company cardiff,,0,,0.00
pr,b2b pr examples,,0,,0.00
pr,b2b pr firm,,0,,0.00
pr,b2b pr london,,0,,0.00
pr,b2b pr measurement,,0,,0.00
pr,b2b pr report,,0,,0.00
pr,b2b pr services,,0,,0.00
pr,b2b pr uk,,0,,0.00
pr,b2b saas pr agency silicon valley,,0,,0.00
pr,b2b tech pr,,0,,0.00
pr,b2b tech pr agency,,0,,0.00
pr,b2b tech pr agency san francisco,,0,,0.00
pr,b2b tech pr firm san francisco,,0,,0.00
pr,b2b tech pr london,,0,,0.00
pr,b2b technology pr,,0,,0.00
pr,b2b technology pr agency,,0,,0.00
pr,ba i pha t biê u pr,,0,,0.00
pr,ba n phi m coơ ze o ê pr,,0,,0.00
pr,ba n pre pro pr-sc5508,,0,,0.00
pr,ba o gia bai viê t pr trên ba o,,0,,0.00
pr,ba xuyên pr 75,,0,,0.00
pr,bacardi factory pr,,0,,0.00
pr,bacardi tour pr,,0,,0.00
pr,bacht vũ pr điện thoại nào,,0,,0.00
pr,backlink high pr dofollow,,0,,0.00
pr,backlink http pr.report,,0,,0.00
pr,backlink pr.report,,0,,0.00
pr,bae jinyoung 1 phút pr,,0,,0.00
pr,bai pr cafef,,0,,0.00
pr,bai pr gioi thgieu ban than,,0,,0.00
pr,bai pr hay ve truong hoc,,0,,0.00
pr,bai pr mau,,0,,0.00
pr,bai pr sản phẩm,,0,,0.00
pr,bai pr trên baomoi,,0,,0.00
pr,bai pr ve hoat dong cua benh vien,,0,,0.00
pr,bai tap ki te vi mo tính e pr,,0,,0.00
pr,bai viet hay pr cafe,,0,,0.00
pr,bai viet pr banh u,,0,,0.00
pr,bai viet pr thành phố,,0,,0.00
pr,bai viet pr ve thanh pho da nang,,0,,0.00
pr,balance cupones alimentos pr,,0,,0.00
pr,balo bài pr,,0,,0.00
pr,balo cho surface pr 6,,0,,0.00
pr,baltimore pr,,0,,0.00
pr,ban chat cua pr,,0,,0.00
pr,ban micro dml pr 2200,,0,,0.00
pr,ban phim acer pr 1101u,,0,,0.00
pr,ban phm lightning pr 8600,,0,,0.00
pr,ban pr er tổ chức,,0,,0.00
pr,ban titanium bacup pr,,0,,0.00
pr,ban truyền thông và pr đại học tôn đức thắng,,0,,0.00
pr,bang bang pr,,0,,0.00
pr,bang gia bai pr baomoi,,0,,0.00
pr,bang gia bai pr baomoi 2020,,0,,0.00
pr,bang gia pr báo ndh,,0,,0.00
pr,bang gia pr game4v,,0,,0.00
pr,bang gia pr gamek,,0,,0.00
pr,bang gia pr ndh,,0,,0.00
pr,bang gia pr online,,0,,0.00
pr,bang gia pr online cafef,,0,,0.00
pr,bang gia pr online cafef 2019,,0,,0.00
pr,bang pr của mỹ,,0,,0.00
pr,bang pr my,,0,,0.00
pr,bang pr myx,,0,,0.00
pr,bang tra pr,,0,,0.00
pr,bang xep hang bong da kaz pr,,0,,0.00
pr,banh bao pr,,0,,0.00
pr,banneer pr chương trình thời sự,,0,,0.00
pr,banner for pr coccoc,,0,,0.00
pr,banner mobile pr,,0,,0.00
pr,banner pr chương trình thời sự,,0,,0.00
pr,banner pr cốc cosc,,0,,0.00
pr,banner pr sản phẩm,,0,,0.00
pr,bao gia bai pr,,0,,0.00
pr,bao gia bai pr bao dau tu,,0,,0.00
pr,bao gia bai pr bao dau tu online,,0,,0.00
pr,bao gia bai pr bao saigontimes,,0,,0.00
pr,bao gia baài pr báo saigon time,,0,,0.00
pr,bao gia bài pr báo saigon time,,0,,0.00
pr,bao gia bài pr giaoduc.net.vn,,0,,0.00
pr,bao gia pr báo sài gòn giải phóng,,0,,0.00
pr,bao gia pr kenh 14,,0,,0.00
pr,bao gia pr tiền phong online,,0,,0.00
pr,bao gia pr vnexpess 2016,,0,,0.00
pr,bao gia pr zing,,0,,0.00
pr,bao gia quang cao pr ione.net,,0,,0.00
pr,bao gia viet bai pr tren new.zing,,0,,0.00
pr,bao giaá pr giaoduc.net,,0,,0.00
pr,bao giaá pr giaoduc.net.vn,,0,,0.00
pr,bao giaá viết bài pr cafef,,0,,0.00
pr,bao giá bài pr báo xa luan điện tử,,0,,0.00
pr,bao giá bài pr dmtin,,0,,0.00
pr,bao giá bài pr theleader,,0,,0.00
pr,bao giá bài pr thế giới tiếp thị online,,0,,0.00
pr,bao giá bài pr xa luan online,,0,,0.00
pr,bao giá bài pr xaluan online,,0,,0.00
pr,bao giá pr cafeland,,0,,0.00
pr,bao giá pr sài gòn giải phóng,,0,,0.00
pr,bao giá pr theleader,,0,,0.00
pr,bao giá pr tiền phong,,0,,0.00
pr,bao giá pr tiền phong mới nhất,,0,,0.00
pr,bao giá pr đầu tư,,0,,0.00
pr,bao lanh dinh cu danh cho pr cua uc,,0,,0.00
pr,bao sgias pr thethaovanhoa,,0,,0.00
pr,bao thanhnien bao gia pr,,0,,0.00
pr,barbie dolls brand pr,,0,,0.00
pr,barcelona principles pr,,0,,0.00
pr,barrister pr,,0,,0.00
pr,base tuyển pr nội bộ,,0,,0.00
pr,batdongsan.com.vn báo giá pr,,0,,0.00
pr,baton rouge pr,,0,,0.00
pr,battery pr-3258c7g,,0,,0.00
pr,bau pr agentur,,0,,0.00
pr,bay vo pr,,0,,0.00
pr,bayamon pr 00956-9825,,0,,0.00
pr,baài pr báo conlatatca,,0,,0.00
pr,baài pr clb nói về tổ chức,,0,,0.00
pr,baài pr editorial là gì,,0,,0.00
pr,baài pr hầm rượu vang,,0,,0.00
pr,baài pr mẫu,,0,,0.00
pr,baài pr ngoisao,,0,,0.00
pr,baài viết pr hàng thiết bị mạng,,0,,0.00
pr,baáo gia baio pr vnexpress,,0,,0.00
pr,baáo giá abfi pr trên bizhub,,0,,0.00
pr,baáo giá bài pr,,0,,0.00
pr,baáo giá bài pr an ninh thủ đô online,,0,,0.00
pr,baáo giá bài pr baodautu.vn,,0,,0.00
pr,baáo giá bài pr báo thanh niên online,,0,,0.00
pr,baáo giá bài pr báo vsao,,0,,0.00
pr,baáo giá bài pr báo vsao điện tử,,0,,0.00
pr,baáo giá bài pr báo xã luận điện tử,,0,,0.00
pr,baáo giá bài pr báo đầu tư,,0,,0.00
pr,baáo giá bài pr báo đầu tư 2019,,0,,0.00
pr,baáo giá bài pr dantri,,0,,0.00
pr,baáo giá bài pr eva,,0,,0.00
pr,baáo giá bài pr người lao động,,0,,0.00
pr,baáo giá bài pr thiếu niên tiền phong online,,0,,0.00
pr,baáo giá bài pr tiếp thị gia đình báo giấy,,0,,0.00
pr,baáo giá bài pr trên báo baodautu.vn,,0,,0.00
pr,baáo giá bài pr vietnam economic times online,,0,,0.00
pr,baáo giá bài pr vietnamnet,,0,,0.00
pr,baáo giá bài pr vir online,,0,,0.00
pr,baáo giá bài pr vnexpress,,0,,0.00
pr,baáo giá bài pr zing news,,0,,0.00
pr,baáo giá chạy pr trên vnmedia,,0,,0.00
pr,baáo giá gói đăng bài pr trên ngôi sao.net,,0,,0.00
pr,baáo giá lên bài pr 24h.com.vn,,0,,0.00
pr,baáo giá lên bài pr afamily.vn,,0,,0.00
pr,baáo giá lên bài pr baodautu.vn,,0,,0.00
pr,baáo giá lên bài pr batdongsan.com.vn,,0,,0.00
pr,baáo giá lên bài pr cafebiz,,0,,0.00
pr,baáo giá lên bài pr cafef,,0,,0.00
pr,baáo giá lên bài pr dân trí,,0,,0.00
pr,baáo giá lên bài pr eva.vn,,0,,0.00
pr,baáo giá lên bài pr giadinh.net,,0,,0.00
pr,baáo giá lên bài pr ictnew,,0,,0.00
pr,baáo giá lên bài pr otofun,,0,,0.00
pr,baáo giá lên bài pr phunuonline,,0,,0.00
pr,baáo giá lên bài pr soha,,0,,0.00
pr,baáo giá lên bài pr thanh niên,,0,,0.00
pr,baáo giá lên bài pr thethaovanhoa,,0,,0.00
pr,baáo giá lên bài pr tuoitre,,0,,0.00
pr,baáo giá lên bài pr vietnamexpress,,0,,0.00
pr,baáo giá lên bài pr vietnamnet,,0,,0.00
pr,baáo giá lên bài pr vneconomy,,0,,0.00
pr,baáo giá lên bài pr vnexpress,,0,,0.00
pr,baáo giá lên bài pr zing,,0,,0.00
pr,baáo giá nông thôn ngày nay pr,,0,,0.00
pr,baáo giá pr báo elle,,0,,0.00
pr,baáo giá pr báo giấy sggp,,0,,0.00
pr,baáo giá pr báo một thế giới,,0,,0.00
pr,baáo giá pr báo sggp,,0,,0.00
pr,baáo giá pr báo thể thao 247,,0,,0.00
pr,baáo giá pr báo đẹp,,0,,0.00
pr,baáo giá pr một thế giới online,,0,,0.00
pr,baáo giá pr sài gòn giải phóng,,0,,0.00
pr,baáo giá pr thethaovanhoaonline,,0,,0.00
pr,baáo giá pr thể thao văn hóa,,0,,0.00
pr,baáo giá pr trang thesaigontimes,,0,,0.00
pr,baáo giá pr trên diemtin,,0,,0.00
pr,baáo giá pr trên sài gòn giải phóng,,0,,0.00
pr,baáo giá pr vietnamnews,,0,,0.00
pr,baáo giá pr vietstock,,0,,0.00
pr,baáo giá pr đẹp,,0,,0.00
pr,baáo giá quảng cáo pr vietstock.vn,,0,,0.00
pr,baáo giá đăng bài pr trên soha,,0,,0.00
pr,baắt wifi bằng pr,,0,,0.00
pr,be canadian pr,,0,,0.00
pr,be group pr như nào,,0,,0.00
pr,be inspired pr,,0,,0.00
pr,be inspired wedding pr,,0,,0.00
pr,be social pr,,0,,0.00
pr,beat saber pr campaign,,0,,0.00
pr,beattie pr,,0,,0.00
pr,beautiful planning marketing & pr,,0,,0.00
pr,beauty blogger pr sản phẩm,,0,,0.00
pr,beauty pr agencies london,,0,,0.00
pr,beauty pr agency,,0,,0.00
pr,beauty pr agency australia,,0,,0.00
pr,beauty pr agency los angeles,,0,,0.00
pr,beauty pr agency manchester,,0,,0.00
pr,beauty pr agency melbourne,,0,,0.00
pr,beauty pr agency new york,,0,,0.00
pr,beauty pr agency singapore,,0,,0.00
pr,beauty pr agency sydney,,0,,0.00
pr,beauty pr agency toronto,,0,,0.00
pr,beauty pr agency uk,,0,,0.00
pr,beauty pr companies,,0,,0.00
pr,beauty pr companies london,,0,,0.00
pr,beauty pr companies uk,,0,,0.00
pr,beauty pr firms,,0,,0.00
pr,beauty pr jobs,,0,,0.00
pr,beauty pr london,,0,,0.00
pr,beauty pr melbourne,,0,,0.00
pr,beauty pr uk,,0,,0.00
pr,beauty seen pr,,0,,0.00
pr,becker pr,,0,,0.00
pr,becoming a pr,,0,,0.00
pr,beer launching pr articles,,0,,0.00
pr,beer pr girl,,0,,0.00
pr,belgium pr requirements,,0,,0.00
pr,belief pr project,,0,,0.00
pr,bellaca pr,,0,,0.00
pr,ben kaplan ceo of pr hacker,,0,,0.00
pr,ben kaplan pr hacker,,0,,0.00
pr,benefit pr marketing,,0,,0.00
pr,benefit pr marketing vietnamwork,,0,,0.00
pr,benefits of pr retainer,,0,,0.00
pr,benifits of greece pr card,,0,,0.00
pr,besonderheiten pr für b2c,,0,,0.00
pr,bespoke pr,,0,,0.00
pr,best b2b pr campaigns,,0,,0.00
pr,best book pr firms,,0,,0.00
pr,best books to understand pr,,0,,0.00
pr,best boutique pr firms nyc,,0,,0.00
pr,best canada pr consultant in hyderabad,,0,,0.00
pr,best cannabis pr agency,,0,,0.00
pr,best consultancy for canada pr,,0,,0.00
pr,best country to study pr and advertising,,0,,0.00
pr,best course to get pr in australia,,0,,0.00
pr,best digital pr agencies,,0,,0.00
pr,best digital pr agency in nottingham,,0,,0.00
pr,best digital pr firm gurgaon,,0,,0.00
pr,best environmental pr campaigns,,0,,0.00
pr,best health and fitness pr compnaies,,0,,0.00
pr,best instagram pr compnaies for small business,,0,,0.00
pr,best master courses for pr in australia,,0,,0.00
pr,best milwaukee pr firms,,0,,0.00
pr,best multicultural pr agencies,,0,,0.00
pr,best nottingham digital pr agency,,0,,0.00
pr,best nottingham pr agency,,0,,0.00
pr,best online pr service in bangalore,,0,,0.00
pr,best pr agencies abu dhabi,,0,,0.00
pr,best pr agencies australia,,0,,0.00
pr,best pr agencies bangalore,,0,,0.00
pr,best pr agencies bay area,,0,,0.00
pr,best pr agencies gurgaon,,0,,0.00
pr,best pr agencies in abu dhabi,,0,,0.00
pr,best pr agencies in chicago,,0,,0.00
pr,best pr agencies in dubai,,0,,0.00
pr,best pr agencies in india,,0,,0.00
pr,best pr agencies in mumbai,,0,,0.00
pr,best pr agencies in nyc,,0,,0.00
pr,best pr agencies melbourne,,0,,0.00
pr,best pr agencies san francisco,,0,,0.00
pr,best pr agencies sydney,,0,,0.00
pr,best pr agencies to work for,,0,,0.00
pr,best pr agency abu dhabi,,0,,0.00
pr,best pr agency columbus,,0,,0.00
pr,best pr agency for politicians,,0,,0.00
pr,best pr agency in abu dhabi,,0,,0.00
pr,best pr agency in bangalore,,0,,0.00
pr,best pr agency in delhi,,0,,0.00
pr,best pr agency in delhi ncr,,0,,0.00
pr,best pr agency in gurgaon,,0,,0.00
pr,best pr agency in nottingham,,0,,0.00
pr,best pr agency websites,,0,,0.00
pr,best pr analytics,,0,,0.00
pr,best pr analytics software,,0,,0.00
pr,best pr article,,0,,0.00
pr,best pr article for arms,,0,,0.00
pr,best pr article for defense,,0,,0.00
pr,best pr article for military hardware,,0,,0.00
pr,best pr books of all time,,0,,0.00
pr,best pr campaigns of all time,,0,,0.00
pr,best pr communities,,0,,0.00
pr,best pr companies bay area,,0,,0.00
pr,best pr companies for kickstarter,,0,,0.00
pr,best pr companies in delhi,,0,,0.00
pr,best pr companies in india,,0,,0.00
pr,best pr companies nj,,0,,0.00
pr,best pr companies sydney,,0,,0.00
pr,best pr company dublin,,0,,0.00
pr,best pr company ireland,,0,,0.00
pr,best pr compnaies,,0,,0.00
pr,best pr compnaies for kickstarter,,0,,0.00
pr,best pr compnaies for women,,0,,0.00
pr,best pr distribution,,0,,0.00
pr,best pr firm columbus,,0,,0.00
pr,best pr firm in bangalore,,0,,0.00
pr,best pr firm in the philippines,,0,,0.00
pr,best pr firm minneapolis,,0,,0.00
pr,best pr firm nj,,0,,0.00
pr,best pr firms bay area,,0,,0.00
pr,best pr firms charleston,,0,,0.00
pr,best pr firms charleston sc,,0,,0.00
pr,best pr firms chicago,,0,,0.00
pr,best pr firms in dc,,0,,0.00
pr,best pr firms in delhi,,0,,0.00
pr,best pr firms in india,,0,,0.00
pr,best pr firms in mumbai,,0,,0.00
pr,best pr firms in new york,,0,,0.00
pr,best pr firms in san francisco,,0,,0.00
pr,best pr firms nyc,,0,,0.00
pr,best pr firms st louis,,0,,0.00
pr,best pr internships,,0,,0.00
pr,best pr metrics,,0,,0.00
pr,best pr podcasts,,0,,0.00
pr,best pr software,,0,,0.33
pr,best pr strategies,,0,,0.00
pr,best pr tips,,0,,0.00
pr,best pr tools,,0,,0.00
pr,best pr websites,,0,,0.00
pr,best pr wire services in bangalore,,0,,0.00
pr,best resources for pr,,0,,0.00
pr,best restaurant pr firms,,0,,0.00
pr,best solution after disastrous pr case study,,0,,0.00
pr,best tech pr,,0,,0.00
pr,best tech pr agencies,,0,,0.00
pr,best tech pr firms,,0,,0.00
pr,best technology pr agencies,,0,,0.00
pr,best travel pr agencies london,,0,,0.00
pr,beverage pr,,0,,0.00
pr,bi quyet pr bat dong san,,0,,0.00
pr,bi quyet pr bat dong san admicro,,0,,0.00
pr,bieu mau danh gia rui ro ehs-pr-06-f01,,0,,0.00
pr,big data pr,,0,,0.00
pr,big picture pr,,0,,0.00
pr,big pr firms,,0,,0.00
pr,biggest airline pr disasters,,0,,0.00
pr,biggest pr disasters,,0,,0.00
pr,biggest pr disasters of 2018,,0,,0.00
pr,biggest pr disasters of 2019,,0,,0.00
pr,biggest pr disasters of all time,,0,,0.00
pr,biker đi bmw s1000 pr 2019,,0,,0.00
pr,bil afskrivning pr år,,0,,0.00
pr,binh luan ve samsung j7 pr,,0,,0.00
pr,biotech pr,,0,,0.00
pr,biotin dầu gội pr,,0,,0.00
pr,bitbucket default pr template,,0,,0.00
pr,bitbucket resolved pr,,0,,0.00
pr,bitbucket stop pr email,,0,,0.00
pr,bitexco pr manager,,0,,0.00
pr,biti's asia pr award,,0,,0.00
pr,biz-eyes pr &amp,,0,,0.00
pr,bizlive pr,,0,,0.00
pr,biên tập và chỉnh sửa video pr,,0,,0.00
pr,biểu giá bài pr báo công thương online,,0,,0.00
pr,biểu giá bài pr báo công thương điện tử,,0,,0.00
pr,biểu mẫu f05 sse3-pr-01,,0,,0.00
pr,biện hộ bảo chứng trong pr,,0,,0.00
pr,biện pháp giảm áp lực công việc trong pr,,0,,0.00
pr,bl908b2-bk1-pr-s,,0,,0.00
pr,black magic pocket 4k import pr,,0,,0.00
pr,black magic pocket import pr,,0,,0.00
pr,black panda pr,,0,,0.00
pr,black pr and marketing agencies south africa,,0,,0.00
pr,black pr là gì,,0,,0.00
pr,blackberry q20 pr,,0,,0.00
pr,blackmagic davinci resolve 16 vs adobe pr,,0,,0.00
pr,blackstock pr,,0,,0.00
pr,bleach official pr instagram,,0,,0.00
pr,blend effect in pr,,0,,0.00
pr,blend màu cho videos bằng pr,,0,,0.00
pr,blink effect in pr,,0,,0.00
pr,blink pr,,0,,0.00
pr,blobing trong pr là gì,,0,,0.00
pr,block chain pr companies,,0,,0.00
pr,blocl av độ 1 pr và tần số,,0,,0.00
pr,blog có pr 4,,0,,0.00
pr,blog o pr,,0,,0.00
pr,blogger pr agency,,0,,0.00
pr,blogs solidworks tech 2016 08 pr for-design-validation,,0,,0.00
pr,bloody media pr duction,,0,,0.00
pr,bloody media pr duction sonic rpg,,0,,0.00
pr,blue rubicon pr,,0,,0.00
pr,bluecoat sg900-10b-pr,,0,,0.00
pr,bmc vietnam pr,,0,,0.00
pr,bmg pr,,0,,0.00
pr,bmg vietnam pr,,0,,0.00
pr,bmt30-e-pr-1029.a,,0,,0.00
pr,bmw s1000 pr 2018,,0,,0.00
pr,bmw s1000 pr 2018độ,,0,,0.00
pr,bmw s1000 pr 2019,,0,,0.00
pr,bne curitiba pr,,0,,0.00
pr,bo candelaria toa baja pr 00949,,0,,0.00
pr,bo chong set schneider pr 100ka 4p,,0,,0.00
pr,bo gom su pr dh s3,,0,,0.00
pr,bo gom su pr dhs3,,0,,0.00
pr,bo gom su pr-dhs4,,0,,0.00
pr,bo phan pr và marketing,,0,,0.00
pr,bo thuy tinh cao sharp pr-ws3,,0,,0.00
pr,boardroom pr,,0,,0.00
pr,bocah 12 tahun ini kerjakan pr di bawah lampu jalan,,0,,0.00
pr,bogføring pris pr bilag,,0,,0.00
pr,bold pr,,0,,0.00
pr,book bài pr admicro,,0,,0.00
pr,book bài pr trên báo nước ngoài cnn,,0,,0.00
pr,book bài pr trên báo nước ngoài time,,0,,0.00
pr,book bài pr trên tạp chí bác sĩ gia đình,,0,,0.00
pr,book pr blogs,,0,,0.00
pr,book pr companies,,0,,0.00
pr,book pr firms,,0,,0.00
pr,book pr london,,0,,0.00
pr,book pr oxford,,0,,0.00
pr,book pr services,,0,,0.00
pr,book pr thời sự,,0,,0.00
pr,book pr thời sự vtv,,0,,0.00
pr,booking bài pr báo batdongsan.com.vn,,0,,0.00
pr,booking bài pr báo online,,0,,0.00
pr,booking bài pr trên tiếp thị và gia đình,,0,,0.00
pr,booking pr bao 24h,,0,,0.00
pr,booking pr bar,,0,,0.00
pr,booking pr fanpage là gì,,0,,0.00
pr,booking pr quán bar,,0,,0.00
pr,booking quang cao pr cafef,,0,,0.00
pr,booking viết bài pr,,0,,0.00
pr,bookmark list high pr,,0,,0.00
pr,books are written to pr knowledge and good books enrich,,0,,0.00
pr,books for pr professionals,,0,,0.00
pr,booksavvy pr,,0,,0.00
pr,boooking quang cao pr cafef,,0,,0.00
pr,boot menu sony vaio pr,,0,,0.00
pr,boot menu sony vaio pr là gì,,0,,0.00
pr,boot new typhoon blue i 75 c 75 sd pr,,0,,0.00
pr,boruto tâ p 57 pr,,0,,0.00
pr,bosch pr activities,,0,,0.00
pr,bosch vietnam pr,,0,,0.00
pr,boston based pr agency,,0,,0.00
pr,boston pr,,0,,0.00
pr,boston relationship marketing pr,,0,,0.00
pr,boston thought leadership pr,,0,,0.00
pr,botafogo rj u20 h coritiba pr u20,,0,,0.00
pr,botafogo sp h parana pr,,0,,0.00
pr,bottle pr,,0,,0.00
pr,bourgeois meaning pr,,0,,0.00
pr,boutique denver pr agency,,0,,0.00
pr,boutique fashion pr firms nyc,,0,,0.00
pr,boutique pr agencies in dubai,,0,,0.00
pr,boutique pr agency bay area,,0,,0.00
pr,boutique pr agency hong kong,,0,,0.00
pr,boutique pr agency nyc,,0,,0.00
pr,boutique pr agency sydney,,0,,0.00
pr,boutique pr companies melbourne,,0,,0.00
pr,boutique pr firm,,0,,0.00
pr,boutique pr firm bay area,,0,,0.00
pr,boutique pr firm new york,,0,,0.00
pr,boutique pr firms boston,,0,,0.00
pr,boutique pr firms melbourne,,0,,0.00
pr,boutique pr firms nyc,,0,,0.00
pr,boutique pr firms philadelphia,,0,,0.00
pr,boutique pr firms san diego,,0,,0.00
pr,boutique pr firms san francisco,,0,,0.00
pr,bouyer pr 1106,,0,,0.29
pr,box thông tin bài pr,,0,,0.00
pr,bradycardia with inverted p wave normal pr,,0,,0.00
pr,bradycardia with inverted p wave normal pr interval,,0,,0.00
pr,bradycardia with inverted p wave normal pr interval in young,,0,,0.00
pr,bragantino sp h coritiba pr,,0,,0.00
pr,bragantino sp h coritiba pr soi keo,,0,,0.00
pr,bragantino sp h operario pr,,0,,0.00
pr,bragantino sp h operario pr soi keko,,0,,0.00
pr,bragantino sp h operario pr soi keo,,0,,0.00
pr,bragantino sp vs parana pr,,0,,0.00
pr,brand and pr agency,,0,,0.00
pr,brand building pr,,0,,0.00
pr,brand influence equation pr,,0,,0.00
pr,brand influnece equation pr,,0,,0.00
pr,brand launch pr london,,0,,0.00
pr,brand pr agency,,0,,0.00
pr,brand pr agency india,,0,,0.00
pr,brand pr agency uk,,0,,0.00
pr,brand pr meaning,,0,,0.00
pr,brand protection in online pr,,0,,0.00
pr,branding pr publicist nyc,,0,,0.00
pr,brands pr support,,0,,0.00
pr,brandsvietnam.com tieudiem 6079-ung-dung-mo-hinh-peso-cho-pr-hien-dai,,0,,0.00
pr,brasil de pelotas rs parana clube pr sofascore,,0,,0.00
pr,broadcast pr,,0,,0.00
pr,broadcast pr agency,,0,,0.00
pr,broadcast pr case studies,,0,,0.00
pr,broadcast pr services,,0,,0.00
pr,brolægger pris pr m2,,0,,0.00
pr,brolægning pr kvm,,0,,0.00
pr,brolægning pr kvm pris,,0,,0.00
pr,brolægning pr m2,,0,,0.00
pr,brolægning pr m2 pris,,0,,0.00
pr,brolægning pris pr kvm,,0,,0.00
pr,brolægning pris pr m2,,0,,0.00
pr,brolægning priser pr kvm,,0,,0.00
pr,brother pr 620,,0,,0.00
pr,brother pr 670r,,0,,0.00
pr,brown appk lication pr ortal,,0,,0.00
pr,brp 8 pr 634 ls 32,,0,,0.00
pr,brp 8 pr 634 ls 32 mitsubishi,,0,,0.00
pr,bruit pneu pr 2 1200gs,,0,,0.00
pr,brunswick pr london,,0,,0.00
pr,bryan smith pr,,0,,0.00
pr,bsr.com.vn pr-17-1309,,0,,0.00
pr,bt pr thầy tuấn,,0,,0.00
pr,bts pr mắt kính,,0,,0.00
pr,bts pr remenber vlive party gobal top 10,,0,,0.00
pr,bu pr lab,,0,,0.00
pr,budweiser chiến lược pr,,0,,0.00
pr,budweiser pr article,,0,,0.00
pr,bugs 3 pr,,0,,0.00
pr,build pr,,0,,0.00
pr,building and construction firm pr,,0,,0.00
pr,building and construction pr,,0,,0.00
pr,building relations pr,,0,,0.00
pr,built environment pr,,0,,0.00
pr,bulk da pa pr checker,,0,,0.00
pr,bulletstorm's pr,,0,,0.00
pr,business area in pr sap,,0,,0.00
pr,business management crisis pr,,0,,0.00
pr,business on a shoestring marketing and pr,,0,,0.00
pr,business pr essex,,0,,0.00
pr,business pr plan,,0,,0.00
pr,business technology pr,,0,,0.00
pr,busy png pr,,0,,0.00
pr,butu nuoma kaune pramones pr,,0,,0.00
pr,buy high pr backlinks,,0,,0.00
pr,buy high pr dofollow backlinks,,0,,0.00
pr,buy high pr domain names,,0,,0.00
pr,buy high pr domains,,0,,0.00
pr,buy pr links,,0,,0.00
pr,buying a house in europe for polish pr,,0,,0.00
pr,buying house apartment in australia after pr grant,,0,,0.00
pr,buzzfeed pr,,0,,0.00
pr,bx pr nap10,,0,,0.00
pr,by-liner and captions different for pr marketing,,0,,0.00
pr,by-liner bài pr có qc chân trang,,0,,0.00
pr,by-liner for pr marketing,,0,,0.00
pr,by-liner in pr,,0,,0.00
pr,by-liner là gì trong pr marketing,,0,,0.00
pr,by-liner trong pr,,0,,0.00
pr,byrdhouse pr,,0,,0.00
pr,bµi pr loại 3,,0,,0.00
pr,bà thảo trung nguyên đang chạy pr,,0,,0.00
pr,bài biết pr cho nội thất,,0,,0.00
pr,bài biết pr cho sản phẩm nước giải khát,,0,,0.00
pr,bài báo pr chuyên,,0,,0.00
pr,bài báo pr chuyên mục tài trợ tư vấn,,0,,0.00
pr,bài báo pr thuộc công cụ quảng cáo nào,,0,,0.00
pr,bài báo pr về sàn văn phòng,,0,,0.00
pr,bài demographic trong pr,,0,,0.00
pr,bài dịch về nhân viên pr,,0,,0.00
pr,bài giảng pr truyền thông,,0,,0.00
pr,bài học pr từ sunlight,,0,,0.00
pr,bài mẫu pr,,0,,0.00
pr,bài mẫu pr sự kiện,,0,,0.00
pr,bài mẫu pr về món nga,,0,,0.00
pr,bài pr 400 chữ,,0,,0.00
pr,bài pr aroma resort trên dân trí bị xóa,,0,,0.00
pr,bài pr aroma resort trên dântrí bị xóa,,0,,0.00
pr,bài pr bao nhiêu tiền,,0,,0.00
pr,bài pr bia budweiser trên báo,,0,,0.00
pr,bài pr budweiser trên báo,,0,,0.00
pr,bài pr báo,,0,,0.00
pr,bài pr báo chíu,,0,,0.00
pr,bài pr báo lecourrier,,0,,0.00
pr,bài pr báo msn online,,0,,0.00
pr,bài pr báo pháp luật online,,0,,0.00
pr,bài pr báo saigon times online,,0,,0.00
pr,bài pr báo sggp hoa van online,,0,,0.00
pr,bài pr báo sggp online,,0,,0.00
pr,bài pr báo vtc news online,,0,,0.00
pr,bài pr bản thân,,0,,0.00
pr,bài pr bản thân bằng tiếng nhật,,0,,0.00
pr,bài pr bất động sản theo công thức,,0,,0.00
pr,bài pr cafef,,0,,0.00
pr,bài pr cao sao vàng,,0,,0.00
pr,bài pr cho bất động sản,,0,,0.00
pr,bài pr cho công ty thiết kế nội thất,,0,,0.00
pr,bài pr cho gà texas,,0,,0.00
pr,bài pr cho page,,0,,0.00
pr,bài pr cho sản phẩm,,0,,0.00
pr,bài pr cho sản phẩm dành cho pg,,0,,0.00
pr,bài pr cho sản phẩm mới ra mắt,,0,,0.00
pr,bài pr cho texas,,0,,0.00
pr,bài pr cho trang sức kim cương,,0,,0.00
pr,bài pr có chân dung quảng cáo là gì,,0,,0.00
pr,bài pr có chân dung quảng cáo là gì marketing,,0,,0.00
pr,bài pr có chèn tvc quảng cáo,,0,,0.00
pr,bài pr của acnes,,0,,0.00
pr,bài pr của kols viết như thế nào,,0,,0.00
pr,bài pr cực hay về nhà hàng,,0,,0.00
pr,bài pr demographic,,0,,0.00
pr,bài pr dân trí,,0,,0.00
pr,bài pr gồm những phần nào,,0,,0.00
pr,bài pr infographic,,0,,0.00
pr,bài pr inforgraphic,,0,,0.00
pr,bài pr kem chống nắng,,0,,0.00
pr,bài pr kem đánh răng p s,,0,,0.00
pr,bài pr kenh14,,0,,0.00
pr,bài pr khu đô thị,,0,,0.00
pr,bài pr len,,0,,0.00
pr,bài pr ly cafe,,0,,0.00
pr,bài pr lửa trại,,0,,0.00
pr,bài pr máy lọc khí sharp,,0,,0.00
pr,bài pr mẫu của tổ chức giáo dục,,0,,0.00
pr,bài pr mẫu theo công thức pas,,0,,0.00
pr,bài pr mẫu về công ty,,0,,0.00
pr,bài pr mẫu về nhân vật,,0,,0.00
pr,bài pr mỹ phẩm,,0,,0.00
pr,bài pr ngoisao,,0,,0.00
pr,bài pr ngoisao.net,,0,,0.00
pr,bài pr nhà hangfd hay,,0,,0.00
pr,bài pr nhà sách,,0,,0.00
pr,bài pr nhân vật,,0,,0.00
pr,bài pr nhân vật hay,,0,,0.00
pr,bài pr nước hoa,,0,,0.00
pr,bài pr nội bộ,,0,,0.00
pr,bài pr saigon times,,0,,0.00
pr,bài pr sau sự kiện,,0,,0.00
pr,bài pr sách nguyễn nhật ánh,,0,,0.00
pr,bài pr sản phẩm hay,,0,,0.00
pr,bài pr sản phẩm mẫu,,0,,0.00
pr,bài pr sự kiện,,0,,0.00
pr,bài pr sự kiện về quốc tế thiếu nhi,,0,,0.00
pr,bài pr thanh niên,,0,,0.00
pr,bài pr theo string,,0,,0.00
pr,bài pr theo strings,,0,,0.00
pr,bài pr tiếng anh là j,,0,,0.00
pr,bài pr trên báo giúp tăng uy tín trên google,,0,,0.00
pr,bài pr trên kênh14,,0,,0.00
pr,bài pr trên thời báo kinh tế sài gòn,,0,,0.00
pr,bài pr trên vnexpress,,0,,0.00
pr,bài pr trưởng ban đối nội,,0,,0.00
pr,bài pr tăng cơ bắp,,0,,0.00
pr,bài pr tổng kết cuối nam,,0,,0.00
pr,bài pr từ thương hiệu,,0,,0.00
pr,bài pr và bài quảng cáo,,0,,0.00
pr,bài pr về bộ phận chăm sóc khách hàng,,0,,0.00
pr,bài pr về ca sỹ,,0,,0.00
pr,bài pr về công ty,,0,,0.00
pr,bài pr về dasani,,0,,0.00
pr,bài pr về digital marketing,,0,,0.00
pr,bài pr về doanh nghiệp,,0,,0.00
pr,bài pr về món nga,,0,,0.00
pr,bài pr về nhà hàng nga tại việt nam,,0,,0.00
pr,bài pr về nhân vật,,0,,0.00
pr,bài pr về nutiboost,,0,,0.00
pr,bài pr về nước dasani,,0,,0.00
pr,bài pr về nước tẩy,,0,,0.00
pr,bài pr về nước uống,,0,,0.00
pr,bài pr về nội y,,0,,0.00
pr,bài pr về phân bón,,0,,0.00
pr,bài pr về sữa nutiboost,,0,,0.00
pr,bài pr về trị mụn,,0,,0.00
pr,bài pr về tập đoàn,,0,,0.00
pr,bài pr xe tải,,0,,0.00
pr,bài pr zing,,0,,0.00
pr,bài pr đơn vị tài trợ,,0,,0.00
pr,bài pr đại lý,,0,,0.00
pr,bài pr đại lý ô tô,,0,,0.00
pr,bài viết cho báo chí và bài viết cho pr,,0,,0.00
pr,bài viết chuẩn pr,,0,,0.00
pr,bài viết pr branding cho bán lẻ,,0,,0.00
pr,bài viết pr bản thân,,0,,0.00
pr,bài viết pr cho muối tôm tây ninh,,0,,0.00
pr,bài viết pr cho shop,,0,,0.00
pr,bài viết pr cho sản phẩm nước giải khát,,0,,0.00
pr,bài viết pr của now,,0,,0.00
pr,bài viết pr của now.vn,,0,,0.00
pr,bài viết pr do nhà báo viết,,0,,0.00
pr,bài viết pr doanh nghiệp may mặc,,0,,0.00
pr,bài viết pr du lịch cần những gì,,0,,0.00
pr,bài viết pr dạy bơi,,0,,0.00
pr,bài viết pr fb,,0,,0.00
pr,bài viết pr hay,,0,,0.00
pr,bài viết pr homestay,,0,,0.00
pr,bài viết pr hài,,0,,0.00
pr,bài viết pr khu du lịch sinh thái,,0,,0.00
pr,bài viết pr khách sạn mẫu,,0,,0.00
pr,bài viết pr layout,,0,,0.00
pr,bài viết pr luxgarden,,0,,0.00
pr,bài viết pr marketingai,,0,,0.00
pr,bài viết pr mẫu xe hơi,,0,,0.00
pr,bài viết pr một khu du lịch,,0,,0.00
pr,bài viết pr nhà hàng,,0,,0.00
pr,bài viết pr nhà hàng trên báo mạng,,0,,0.00
pr,bài viết pr nhân viên,,0,,0.00
pr,bài viết pr nước hoa,,0,,0.00
pr,bài viết pr quyên góp áo trắng cho em,,0,,0.00
pr,bài viết pr sàn văn phòng,,0,,0.00
pr,bài viết pr sản phẩm của học vien,,0,,0.00
pr,bài viết pr sản phẩm mẫu,,0,,0.00
pr,bài viết pr sự kiện,,0,,0.00
pr,bài viết pr sự kiện ô tô,,0,,0.00
pr,bài viết pr theo công thức 3s,,0,,0.00
pr,bài viết pr tiếng anh là gì,,0,,0.00
pr,bài viết pr trà sữa,,0,,0.00
pr,bài viết pr tôm hùm,,0,,0.00
pr,bài viết pr tăng độ nhận diện thương hiệu,,0,,0.00
pr,bài viết pr vietnambiz,,0,,0.00
pr,bài viết pr và quảng cáo khác nhau,,0,,0.00
pr,bài viết pr về bản thân,,0,,0.00
pr,bài viết pr về công ty,,0,,0.00
pr,bài viết pr về durex,,0,,0.00
pr,bài viết pr về nha trang,,0,,0.00
pr,bài viết pr về sản phẩm hay,,0,,0.00
pr,bài viết pr về đồ nội thất cao cấp,,0,,0.00
pr,bài viết pr đồ ăn,,0,,0.00
pr,bài viết quảng cáo pr,,0,,0.00
pr,bài viết testimonal trong pr,,0,,0.00
pr,bài đăng pr,,0,,0.00
pr,bài đọc 2 1 pr 3 18-22,,0,,0.00
pr,bàn phím cơ lightning pr 8900x,,0,,0.00
pr,bàn phím cơ lightning pr-8900s,,0,,0.00
pr,bàn phím lightning pr 1368s,,0,,0.00
pr,bàn phím lightning pr 8600,,0,,0.00
pr,bàn phím lightning pr 8900,,0,,0.00
pr,bàn phím lightning pr-8900z,,0,,0.00
pr,bán backlink pr cao,,0,,0.00
pr,bán domain pr cao,,0,,0.00
pr,bán project mừng thọ adobe pr,,0,,0.00
pr,bán quảng cáo pr báo chí,,0,,0.00
pr,bán sony z5 pr,,0,,0.00
pr,bán điện thoại huawei 20 pr,,0,,0.00
pr,báo bài pr trên saigon tourist,,0,,0.00
pr,báo bài pr trên saigontourist,,0,,0.00
pr,báo chí marketing quảng cáo pr,,0,,0.00
pr,báo chạy pr bds,,0,,0.00
pr,báo cáo danh gia hieu qua truyen thong pr,,0,,0.00
pr,báo cáo kế hoạch pr,,0,,0.00
pr,báo cáo pr là gì,,0,,0.00
pr,báo cáo thực tập pr,,0,,0.00
pr,báo cáo traffic pr là gì,,0,,0.00
pr,báo cáo tỉ suất tier pr truyền thông,,0,,0.00
pr,báo giaá pr trên foody,,0,,0.00
pr,báo giá book bài pr trên vnexpress,,0,,0.00
pr,báo giá booking bài pr admicro,,0,,0.00
pr,báo giá booking pr vnexpress,,0,,0.00
pr,báo giá bài pr 24h.com.vn,,0,,0.00
pr,báo giá bài pr afamily,,0,,0.00
pr,báo giá bài pr báo công an giấy,,0,,0.00
pr,báo giá bài pr báo công an nhân dân online,,0,,0.00
pr,báo giá bài pr báo công thương online,,0,,0.00
pr,báo giá bài pr báo giấy sggp hoa văn,,0,,0.00
pr,báo giá bài pr báo giấy tiếp thị gia đình,,0,,0.00
pr,báo giá bài pr báo giấy tuổi trẻ,,0,,0.00
pr,báo giá bài pr báo hoa học trò điện tử,,0,,0.00
pr,báo giá bài pr báo ione,,0,,0.00
pr,báo giá bài pr báo lao động online,,0,,0.00
pr,báo giá bài pr báo mtv,,0,,0.00
pr,báo giá bài pr báo mtv we điện tử,,0,,0.00
pr,báo giá bài pr báo mtvwe điện tử,,0,,0.00
pr,báo giá bài pr báo pháp luật việt nam online,,0,,0.00
pr,báo giá bài pr báo theleader,,0,,0.00
pr,báo giá bài pr báo thitkho,,0,,0.00
pr,báo giá bài pr báo thê thao văn hóa online,,0,,0.00
pr,báo giá bài pr báo tiếp thị gia đình online,,0,,0.00
pr,báo giá bài pr báo vnexpress,,0,,0.00
pr,báo giá bài pr báo vsao.com,,0,,0.00
pr,báo giá bài pr báo vtc điện tử,,0,,0.00
pr,báo giá bài pr báo xaluan,,0,,0.00
pr,báo giá bài pr báo xone điện tử,,0,,0.00
pr,báo giá bài pr báo đầu tư 2019,,0,,0.00
pr,báo giá bài pr bạch mỹ liên,,0,,0.00
pr,báo giá bài pr chính phủ online,,0,,0.00
pr,báo giá bài pr dan ong magazine,,0,,0.00
pr,báo giá bài pr dantri.com.vn,,0,,0.00
pr,báo giá bài pr dantri.com.vn 2017,,0,,0.00
pr,báo giá bài pr doanh nhân sài gòn,,0,,0.00
pr,báo giá bài pr eva.vn,,0,,0.00
pr,báo giá bài pr ict news,,0,,0.00
pr,báo giá bài pr ione 2017,,0,,0.00
pr,báo giá bài pr kenh 14,,0,,0.00
pr,báo giá bài pr kenh14 2017,,0,,0.00
pr,báo giá bài pr lao động online,,0,,0.00
pr,báo giá bài pr marrybaby,,0,,0.00
pr,báo giá bài pr ngoisao.net,,0,,0.00
pr,báo giá bài pr người lao động,,0,,0.00
pr,báo giá bài pr người lao động 2019,,0,,0.00
pr,báo giá bài pr người lao động online,,0,,0.00
pr,báo giá bài pr online,,0,,0.00
pr,báo giá bài pr sài gòn giải phóng online,,0,,0.00
pr,báo giá bài pr thanhnien,,0,,0.00
pr,báo giá bài pr the leader,,0,,0.00
pr,báo giá bài pr theleader,,0,,0.00
pr,báo giá bài pr thế giới văn hóa online,,0,,0.00
pr,báo giá bài pr tiền phong online,,0,,0.00
pr,báo giá bài pr trên 24h,,0,,0.00
pr,báo giá bài pr trên afamily,,0,,0.00
pr,báo giá bài pr trên baodautu.vn,,0,,0.00
pr,báo giá bài pr trên báo baodautu.vn,,0,,0.00
pr,báo giá bài pr trên báo giấy lao độn,,0,,0.00
pr,báo giá bài pr trên báo mới,,0,,0.00
pr,báo giá bài pr trên doanh nhan cuoi tuan online,,0,,0.00
pr,báo giá bài pr trên doanh nhan plus,,0,,0.00
pr,báo giá bài pr trên dân trí,,0,,0.00
pr,báo giá bài pr trên eva,,0,,0.00
pr,báo giá bài pr trên eva.vn,,0,,0.00
pr,báo giá bài pr trên foody,,0,,0.00
pr,báo giá bài pr trên kienthuc,,0,,0.00
pr,báo giá bài pr trên kienthucdoisong,,0,,0.00
pr,báo giá bài pr trên lao động online,,0,,0.00
pr,báo giá bài pr trên marrybaby,,0,,0.00
pr,báo giá bài pr trên ngoisao net,,0,,0.00
pr,báo giá bài pr trên thanhnien.vn,,0,,0.00
pr,báo giá bài pr trên thế giới văn hóa,,0,,0.00
pr,báo giá bài pr trên thế giới văn hóa online,,0,,0.00
pr,báo giá bài pr trên trang thegioivanhoa.net,,0,,0.00
pr,báo giá bài pr trên trang thế giới văn hóa.net,,0,,0.00
pr,báo giá bài pr trên trang voh,,0,,0.00
pr,báo giá bài pr trên vietnamnet,,0,,0.00
pr,báo giá bài pr trên vnexpress 2017,,0,,0.00
pr,báo giá bài pr trên vnexpress 2018,,0,,0.00
pr,báo giá bài pr trên webtretho,,0,,0.00
pr,báo giá bài pr trên zing,,0,,0.00
pr,báo giá bài pr tư vấn tiêu dùng,,0,,0.00
pr,báo giá bài pr tư vấn tiêu dùng online,,0,,0.00
pr,báo giá bài pr tạp chí elle,,0,,0.00
pr,báo giá bài pr v economic times online,,0,,0.00
pr,báo giá bài pr vietnam investment review online,,0,,0.00
pr,báo giá bài pr vneconomy online,,0,,0.00
pr,báo giá bài pr vnexpress 2019,,0,,0.00
pr,báo giá bài pr vnreview,,0,,0.00
pr,báo giá bài pr vo,,0,,0.00
pr,báo giá bài pr voh,,0,,0.00
pr,báo giá bài pr vov,,0,,0.00
pr,báo giá bài pr đàn ông magazine,,0,,0.00
pr,báo giá bài viết pr trên website cho phu nư,,0,,0.00
pr,báo giá dịch vụ viết bài pr,,0,,0.00
pr,báo giá online pr afamily,,0,,0.00
pr,báo giá pr 24h,,0,,0.00
pr,báo giá pr 24h 2019,,0,,0.00
pr,báo giá pr admicro,,0,,0.00
pr,báo giá pr afamily,,0,,0.00
pr,báo giá pr afamily.vn,,0,,0.00
pr,báo giá pr article trên elle.vn,,0,,0.00
pr,báo giá pr batdongsan.com.vn,,0,,0.00
pr,báo giá pr bongda,,0,,0.00
pr,báo giá pr bongda.com.vn,,0,,0.00
pr,báo giá pr bongdaplus,,0,,0.00
pr,báo giá pr báo dân trí,,0,,0.00
pr,báo giá pr báo giấy đẹp,,0,,0.00
pr,báo giá pr báo mới,,0,,0.00
pr,báo giá pr báo tiếp thị gia đình,,0,,0.00
pr,báo giá pr báo tiếp thị gia đình online,,0,,0.00
pr,báo giá pr báo đẹp,,0,,0.00
pr,báo giá pr cafe f,,0,,0.00
pr,báo giá pr cafebiz,,0,,0.00
pr,báo giá pr cafef 2019,,0,,0.00
pr,báo giá pr cafeland,,0,,0.00
pr,báo giá pr cheese wafer vnexpress,,0,,0.00
pr,báo giá pr công thương điện tử,,0,,0.00
pr,báo giá pr của nhịp cầu đầu tư,,0,,0.00
pr,báo giá pr của nhịp cầu đầu tư onlune,,0,,0.00
pr,báo giá pr của tiền phong,,0,,0.00
pr,báo giá pr của tiền phong online,,0,,0.00
pr,báo giá pr doanh nhân sài gòn,,0,,0.00
pr,báo giá pr dân trí 2017,,0,,0.00
pr,báo giá pr dân trí 2019,,0,,0.00
pr,báo giá pr elle,,0,,0.00
pr,báo giá pr elle.vn,,0,,0.00
pr,báo giá pr eva,,0,,0.00
pr,báo giá pr fanpage cafebizz,,0,,0.00
pr,báo giá pr fpt,,0,,0.00
pr,báo giá pr giadinh.net,,0,,0.00
pr,báo giá pr kenh14,,0,,0.00
pr,báo giá pr kenh14 2019,,0,,0.00
pr,báo giá pr marketingai,,0,,0.00
pr,báo giá pr ngoisao.net,,0,,0.00
pr,báo giá pr ngoisao.net 2019,,0,,0.00
pr,báo giá pr nhip cầu đầu tư online,,0,,0.00
pr,báo giá pr online,,0,,0.00
pr,báo giá pr richmedia,,0,,0.00
pr,báo giá pr rẻ nhất,,0,,0.00
pr,báo giá pr saostar,,0,,0.00
pr,báo giá pr soha,,0,,0.00
pr,báo giá pr sài gòn giải phóng,,0,,0.00
pr,báo giá pr thethao247,,0,,0.00
pr,báo giá pr tinnhanhchungkhoan,,0,,0.00
pr,báo giá pr trên báo saigon press,,0,,0.00
pr,báo giá pr trên báo saigonpress,,0,,0.00
pr,báo giá pr trên báo vsao,,0,,0.00
pr,báo giá pr trên saigonpress,,0,,0.00
pr,báo giá pr tuoi tre,,0,,0.00
pr,báo giá pr tuổi trẻ,,0,,0.00
pr,báo giá pr vietnam investment review online,,0,,0.00
pr,báo giá pr vne,,0,,0.00
pr,báo giá pr vnexpress 2017,,0,,0.00
pr,báo giá pr vnexpress 2018,,0,,0.00
pr,báo giá pr vnexpress 2019,,0,,0.00
pr,báo giá pr vnexpress fpt,,0,,0.00
pr,báo giá pr website,,0,,0.00
pr,báo giá pr zing,,0,,0.00
pr,báo giá pr zing 2019,,0,,0.00
pr,báo giá pr zing news,,0,,0.00
pr,báo giá pr zing.vn,,0,,0.00
pr,báo giá pr đầu tư,,0,,0.00
pr,báo giá pr đầu tư online,,0,,0.00
pr,báo giá quảng cáo pr zing.vn,,0,,0.00
pr,báo giá viết bài pr cho sản phẩm,,0,,0.00
pr,báo giá viết bài pr trên http genk.vn,,0,,0.00
pr,báo giá zing pr,,0,,0.00
pr,báo giá đăng bài pr batdongsan.com.vn,,0,,0.00
pr,báo giá đăng bài pr trên 24h,,0,,0.00
pr,báo giá đăng bài pr trên 24h.com.vn,,0,,0.00
pr,báo giá đăng bài pr trên baoquocte.vn,,0,,0.00
pr,báo giá đăng bài pr trên báo quốc tế,,0,,0.00
pr,báo giá đăng bài pr trên cafef,,0,,0.00
pr,báo giá đăng bài pr trên soha,,0,,0.00
pr,báo giá đăng bài pr trên zing,,0,,0.00
pr,báo giả pr báo vnexpress,,0,,0.00
pr,báo mới pr,,0,,0.00
pr,báo pr chuyên mục,,0,,0.00
pr,báo pr mỹ phẩm,,0,,0.00
pr,bâ t thươ ng qrs va pr,,0,,0.00
pr,bé thñy tinh cao cêp sharp pr-ws3,,0,,0.00
pr,bé thñy tinh cao sharp pr-ws3,,0,,0.00
pr,bìa học từ thành công của pr,,0,,0.00
pr,bình bọt tuyết pr_24,,0,,0.00
pr,bí quyết viết bài pr,,0,,0.00
pr,bích phương pr,,0,,0.00
pr,bò yg và bò pr,,0,,0.00
pr,bút ghi âm hongkong electronics pr-055 8gb,,0,,0.00
pr,bút ghi âm hongkong electronics pr-055 8gb đen,,0,,0.00
pr,băng keo pr pp,,0,,0.00
pr,bơm peroni pr 250w,,0,,0.00
pr,bước cho 1 chương trình pr,,0,,0.00
pr,bản kế hoạch pr cho sản phẩm sữa rua mat,,0,,0.00
pr,bản kế hoạch pr cụ thể,,0,,0.00
pr,bản kế hoạch pr cụ thể của vinamilk,,0,,0.00
pr,bản kế hoạch pr cụ thể slide,,0,,0.00
pr,bản kế hoạch pr cụ thể t,,0,,0.00
pr,bản kế hoạch pr cụ thể trà fuze tea,,0,,0.00
pr,bản kế hoạch pr cụ thể trà fuzêta,,0,,0.00
pr,bản kế hoạch pr của fpt shop,,0,,0.00
pr,bản kế hoạch pr nội bộ,,0,,0.00
pr,bản mô tả vị trí trưởng phòng pr marketing,,0,,0.00
pr,bản mẫu kế hoạch pr,,0,,0.00
pr,bảng báo giá pr,,0,,0.00
pr,bảng báo giá viết bài pr trên baogiaothong.vn,,0,,0.00
pr,bảng chân trị của dff có cl và pr,,0,,0.00
pr,bảng giá book bài pr trên ivivu,,0,,0.00
pr,bảng giá bài pr có chèn tvc quảng cáo,,0,,0.00
pr,bảng giá pr 24h com vn,,0,,0.00
pr,bảng giá pr báo bizlive,,0,,0.00
pr,bảng giá pr eva,,0,,0.00
pr,bảng giá pr ione,,0,,0.00
pr,bảng giá pr online của vnexpress,,0,,0.00
pr,bảng giá pr tiền phong online mới nhất,,0,,0.00
pr,bảng giá pr vietnambiz 2019,,0,,0.00
pr,bảng giá viết bài pr,,0,,0.00
pr,bảng giá đăng bài pr trên báo 24h,,0,,0.00
pr,bảng giá đăng bài pr trên báo tuổi trẻ,,0,,0.00
pr,bảng giá đăng bài pr trên báo điện tử,,0,,0.00
pr,bảng giá đăng bài pr vneconomy,,0,,0.00
pr,bảng kế hoạch pr mẫu,,0,,0.00
pr,bảng phụ lục quy đổi nhiệt độ sang pr,,0,,0.00
pr,bảo hành đèn pr-007l,,0,,0.00
pr,bảo lãnh 10 thợ bánh mì visa 187 pr,,0,,0.00
pr,bất kỳ pr,,0,,0.00
pr,bậc thầy pr,,0,,0.00
pr,bật duration trong pr,,0,,0.00
pr,bật pr seoquake,,0,,0.00
pr,bến xe mương cát pr,,0,,0.00
pr,bệnh mãn tính có được pr ở úc không,,0,,0.00
pr,bị cạnh tranh về giá làm sa để pr,,0,,0.00
pr,bị mất âm thành pr,,0,,0.00
pr,bị sưng tay do xương pr cùi chỏ,,0,,0.00
pr,bỏ nền màu đen trong pr,,0,,0.00
pr,bố cục bai pr cho người nổi tiếng,,0,,0.00
pr,bố cục bai pr gồm,,0,,0.00
pr,bố cục bai pr gồm phần gì,,0,,0.00
pr,bố cục bai pr gồm tiitle,,0,,0.00
pr,bố cục bài pr,,0,,0.00
pr,bố cục bài viết pr,,0,,0.00
pr,bố cục một bài pr,,0,,0.00
pr,bố mẹ là pr bảo lãnh con cái sang canada,,0,,0.00
pr,bồn cầu 1 khối thái lan prolax pr-8020,,0,,0.00
pr,bộ anh nude của 2 pr không che,,0,,0.00
pr,bộ chuyển cảnh hiệu ứng pr,,0,,0.00
pr,bộ chuyển đổi tín hiệu pt100 pr,,0,,0.00
pr,bộ cài win 10 pr 64bit,,0,,0.00
pr,bộ dụng cụ nhà bếp pr-j01,,0,,0.00
pr,bộ dụng cụ nhà bếp pr-jo1,,0,,0.00
pr,bộ dụng cụ pr-jo1,,0,,0.00
pr,bộ effect pr,,0,,0.00
pr,bộ giáo dục và đào tạo có phòng pr không,,0,,0.00
pr,bộ gốm sứ cao cấp pr dhs3,,0,,0.00
pr,bộ gốm sứ sharp pr-dhs4,,0,,0.00
pr,bộ hộp cơm dong hwa sứ cao cấp pr lb001s3,,0,,0.00
pr,bộ hộp thủy tinh cao cấp sharp pr-ws3,,0,,0.00
pr,bộ ly sứ cao cấp pr-dhs6,,0,,0.00
pr,bộ ly sứ cao cấp sharp pr-dhs6,,0,,0.00
pr,bộ ly sứ pr dhs6,,0,,0.00
pr,bộ ly sứ pr-dhs6 km dt sharp,,0,,0.00
pr,bộ ly thủy tinh cao cấp 3 pr nts3,,0,,0.00
pr,bộ ly thủy tinh cao cấp pr nts4,,0,,0.00
pr,bộ ly thủy tinh cao cấp sharp pr-nts4 5 ly,,0,,0.00
pr,bộ lưu điện pr-rt 2200va 230v sine usb lcd npr-2200-rt,,0,,0.00
pr,bộ lưu điện pr-u12s350va,,0,,0.00
pr,bộ phận pr của công ty facebook,,0,,0.00
pr,bộ phận pr của công ty kfc,,0,,0.00
pr,bộ phận pr của công ty sm,,0,,0.00
pr,bộ phận pr marketing,,0,,0.00
pr,bộ phận pr tieng anh la gi,,0,,0.00
pr,bộ phận pr trong doanh nghiệp,,0,,0.00
pr,bộ plugin màu cho pr,,0,,0.00
pr,bộ sách giảng dạy về pr,,0,,0.00
pr,bộ thiết kế trong pr,,0,,0.00
pr,bộ thiết kế trrong pr,,0,,0.00
pr,bộ thủy tinh cao cấp pr ws1,,0,,0.00
pr,bộ thủy tinh pr-ws3 pr-ws1,,0,,0.00
pr,bộ đĩa gốm sứ cao cấp pr dhs5,,0,,0.00
pr,bộ ảnh pr thể hiện không khí sôi động,,0,,0.00
pr,bộ ảnh pr độc đáo,,0,,0.00
pr,bộ ấm trà cao cấp pr dhtea1,,0,,0.00
pr,bủng nổ thương hiệu với pr,,0,,0.00
pr,c 24 alturas de río grande puerto rico pr 00745,,0,,0.00
pr,c2h4 ra pr,,0,,0.00
pr,ca c bươ c trong hoa t đô ng pr,,0,,0.00
pr,ca c ca ch pr chosư kiê n,,0,,0.00
pr,ca c chiêu tro pr cu a coca va pepsi,,0,,0.00
pr,ca ch chô ng rung viedeo trên pr,,0,,0.00
pr,ca ch pr fb hay,,0,,0.00
pr,ca ch pr sa n phâ m mơ i,,0,,0.00
pr,ca ch tra lương cho nhân viên pr nư,,0,,0.00
pr,ca ch đăng ki pr,,0,,0.00
pr,ca hinh thuc pr,,0,,0.00
pr,ca phe trung nguyen pr noi bo,,0,,0.00
pr,ca sĩ hoàng lê vy và chiêu pr thô kệch,,0,,0.00
pr,cable 2 pr,,0,,0.00
pr,cac bai pr su tuoi nguyen chat,,0,,0.00
pr,cac bai pr sua tuoi nguyen chat,,0,,0.00
pr,cac cau pr hay,,0,,0.00
pr,cac chi so t pr dl trong thiet ke duong,,0,,0.00
pr,cac chien luoc pr maketing cua lotte mart,,0,,0.00
pr,cac chương trinh pr cho quan cafe,,0,,0.00
pr,cac hieu ung co ban adobe pr,,0,,0.00
pr,cac hinh thuc pr,,0,,0.33
pr,cac hoat dong chu yeu cua pr,,0,,0.00
pr,cac hoat dong pr cho cong chung noi no,,0,,0.00
pr,cac hoat dộng pr phim,,0,,0.00
pr,cac ky xao trong dung hinh pr,,0,,0.00
pr,cac quan bia co pr,,0,,0.00
pr,cac san pham pr thanh cong hien nay,,0,,0.00
pr,cac site dien dan pr,,0,,0.00
pr,cac tinh tu bat dau bang chu pr,,0,,0.00
pr,cac trang mang pr,,0,,0.00
pr,cac trang mang pr tho thien,,0,,0.00
pr,cac vi tri bai pr,,0,,0.00
pr,cach add file phu de vao pr,,0,,0.00
pr,cach cai pr,,0,,0.00
pr,cach cai windows movie maker cho win 8.1 pr,,0,,0.00
pr,cach chinh defaut transition trong pr,,0,,0.00
pr,cach chinh mau pr,,0,,0.00
pr,cach chinh win 7 pr chay nhanh,,0,,0.00
pr,cach cho video lap lai nhieu lan pr,,0,,0.00
pr,cach choi pr giratina poke dai chien,,0,,0.00
pr,cach chup man hình của s j7 pr,,0,,0.00
pr,cach cắt và trích xuất hình ảnh trong pr,,0,,0.00
pr,cach dang ky pr tai aingapore,,0,,0.00
pr,cach dau dong ho vol in5235h2-pr,,0,,0.00
pr,cach doc am pr,,0,,0.00
pr,cach dung clip trong pr,,0,,0.00
pr,cach dung pr,,0,,0.00
pr,cach hoat dong cua stabilization trong pr,,0,,0.00
pr,cach hoc lan kim tự than pr,,0,,0.00
pr,cach ket noi cong component y pb pr,,0,,0.00
pr,cach kéo giãn 1 clip trong pr,,0,,0.00
pr,cach lay pr australia,,0,,0.00
pr,cach liên ket ae voi pr,,0,,0.00
pr,cach mo bang title trong pr,,0,,0.00
pr,cach mo bang title trong pr 2018,,0,,0.00
pr,cach mo title trong pr,,0,,0.00
pr,cach mở cửa sỗ finder pr,,0,,0.00
pr,cach mở cửa sỗ finger pr,,0,,0.00
pr,cach pr an than tren fb,,0,,0.00
pr,cach pr cau lac bo,,0,,0.00
pr,cach pr hay hack 1 nick facebook,,0,,0.00
pr,cach pr san pham bang in bao bi,,0,,0.00
pr,cach pr san pham bang logo,,0,,0.00
pr,cach pr sản pham,,0,,0.00
pr,cach pr tren facebook,,0,,0.00
pr,cach pr đa phon gthuy,,0,,0.00
pr,cach replay trong pr,,0,,0.00
pr,cach settngs pr,,0,,0.00
pr,cach su dung phan mem bien tap phim pr cc,,0,,0.00
pr,cach tang pr giratina poke dai chien,,0,,0.00
pr,cach tang toc videos o pr,,0,,0.00
pr,cach tao text chay trong pr,,0,,0.00
pr,cach thay man hinh a9 pr,,0,,0.00
pr,cach them file phu de vao pr,,0,,0.00
pr,cach thu am trong sony vegas pr,,0,,0.00
pr,cach thuc thanh toan bang pr code,,0,,0.00
pr,cach thức pr trang wed,,0,,0.00
pr,cach tinh diem pr sau 16 11,,0,,0.00
pr,cach viet bai pr cho người nổi tiếng,,0,,0.00
pr,cach viet bai pr hay,,0,,0.00
pr,cach viet bai pr hoat dong của sao viet,,0,,0.00
pr,cach viet một bài pr,,0,,0.00
pr,cach viet pr thu hut khach,,0,,0.00
pr,cach viết font tiếng việt pr,,0,,0.00
pr,cach vào the nho tren j7 pr,,0,,0.00
pr,cach xem truoc hieu ung trong pr,,0,,0.00
pr,cach xoay ngang clip trong adobe pr cc,,0,,0.00
pr,cach xuat ra 24 frame bang pr,,0,,0.00
pr,cache directory must be pr esent and writable,,0,,0.00
pr,cache http home.vn pr,,0,,0.00
pr,cache http www.aseancu.org pr main.acu,,0,,0.00
pr,cache https timviec365.vn tag7 ds-viec-lam-tuyen-dung-pr-manager-194,,0,,0.00
pr,cache https timviec365.vn viec-lam-marketing-pr-tai-thua-thien-hue-c14v27,,0,,0.00
pr,cachs pr ho ban,,0,,0.00
pr,cachs viets chử lên video trong pr,,0,,0.00
pr,cack pr,,0,,0.00
pr,cadbury pr,,0,,0.00
pr,cafe có pr bình dương,,0,,0.00
pr,cafef bài pr,,0,,0.00
pr,cafef bài pr giá,,0,,0.00
pr,cafef báo giá pr,,0,,0.00
pr,cafeland báo giá pr,,0,,0.00
pr,cah pr doanh nghiep moi,,0,,0.00
pr,cah đăng bài pr trên các trang báo điện tử,,0,,0.00
pr,cai pr cc 2018 crack,,0,,0.00
pr,cai pr photoshop,,0,,0.00
pr,cai win7 pr 32,,0,,0.00
pr,cajati pr,,0,,0.00
pr,cakephp pr not working,,0,,0.00
pr,calgary pr,,0,,0.00
pr,calhost pr opencart opencart_shop1,,0,,0.00
pr,california closets pr,,0,,0.00
pr,call on me eric pr,,0,,0.00
pr,calle-38 k-21 ext parque ecuestre carolina pr 00987,,0,,0.00
pr,callout in pr,,0,,0.00
pr,callout in pr chungdha,,0,,0.00
pr,cameo pr,,0,,0.00
pr,camera ai xz2 pr,,0,,0.00
pr,camera effect pr,,0,,0.00
pr,camera motion blur pr,,0,,0.00
pr,camera snap effect pr,,0,,0.00
pr,cameron craig apple pr,,0,,0.00
pr,caminhao a venda em cascavel pr,,0,,0.00
pr,campaign in vietnam combine pr and advertising,,0,,0.00
pr,campaign pr của pridential,,0,,0.00
pr,campaign pr của prudential,,0,,0.00
pr,campaign pr proposal for jolibe,,0,,0.00
pr,can anxiety cause short pr interval,,0,,0.00
pr,can dien tu pr plus,,0,,0.00
pr,can enrolled nurse apply for pr,,0,,0.00
pr,can hungary pr holder live in europe,,0,,0.00
pr,can hungary pr holder live in europe hungary immigraion website,,0,,0.00
pr,can hungary pr holder live in europe hungary immigration website,,0,,0.00
pr,can husband cancel wife pr,,0,,0.00
pr,can i apply for pr while studying diploma,,0,,0.00
pr,can i get australian pr which dont have in sol,,0,,0.00
pr,can i get australian pr with master supply chain,,0,,0.00
pr,can i get pr from france if i am bugarian,,0,,0.00
pr,can i get pr from france if i am german,,0,,0.00
pr,can i get pr with student visa refused,,0,,0.00
pr,can i leave canada before receiving pr card,,0,,0.00
pr,can master supply chain get australia pr 2019,,0,,0.00
pr,can open work permit holder apply for pr in canada,,0,,0.00
pr,can pr buy ec,,0,,0.00
pr,can pr buy ec in singapore,,0,,0.00
pr,can pr buy landed property in singapore,,0,,0.33
pr,can pr buy resale hdb,,0,,0.00
pr,can pr buy resale hdb in singapore,,0,,0.00
pr,can pr join canadian army,,0,,0.00
pr,can pr join canadian police,,0,,0.00
pr,can pr quebec work in toronto,,0,,0.00
pr,can pr quebec working in toronto,,0,,0.00
pr,can spouse cancel pr singapore,,0,,0.00
pr,can tinh tien pr cas,,0,,0.00
pr,can tinh tien pr ii cas,,0,,0.00
pr,can you renounce canadian pr online,,0,,0.00
pr,can you work in australia with new zealand pr,,0,,0.00
pr,can't concentrate while waiting pr,,0,,0.00
pr,canada cutoff pr 2018,,0,,0.00
pr,canada give funding to new pr,,0,,0.00
pr,canada give money to pr family,,0,,0.00
pr,canada international student stream pr,,0,,0.00
pr,canada ita pr fee saskatchewan,,0,,0.00
pr,canada methods to get pr fast,,0,,0.00
pr,canada pr australia points evaluation,,0,,0.00
pr,canada pr by investment,,0,,0.00
pr,canada pr card processing status check,,0,,0.00
pr,canada pr consultant,,0,,0.00
pr,canada pr consultant in ludhiana,,0,,0.00
pr,canada pr crs score,,0,,0.00
pr,canada pr document checklist,,0,,0.00
pr,canada pr eligibility points,,0,,0.00
pr,canada pr express entry points,,0,,0.00
pr,canada pr fee saskatchewan,,0,,0.00
pr,canada pr forum,,0,,0.00
pr,canada pr issues for punjab haryana residents,,0,,0.00
pr,canada pr lawyer,,0,,0.00
pr,canada pr minimum ielts score,,0,,0.00
pr,canada pr point system,,0,,0.00
pr,canada pr points 2018,,0,,0.00
pr,canada pr points calculator 2018,,0,,0.00
pr,canada pr points evaluation,,0,,0.00
pr,canada pr prediction,,0,,0.00
pr,canada pr rules,,0,,0.00
pr,canada pr score,,0,,0.00
pr,canada pr send passport where,,0,,0.00
pr,canada pr sri lanka,,0,,0.00
pr,canada pr through investment,,0,,0.00
pr,canada pr visa consultants,,0,,0.00
pr,canada pr visa for skilled worker,,0,,0.00
pr,canada pr visa process,,0,,0.00
pr,canada province do kitchen hand student can get pr,,0,,0.00
pr,canada scholarsbip for new pr,,0,,0.00
pr,canada support program for new pr,,0,,0.00
pr,canadian citizenship for pr child,,0,,0.00
pr,canadian pr express entry points,,0,,0.00
pr,candidatos a senador 2018 pr,,0,,0.00
pr,cannabis pr agency los angeles,,0,,0.00
pr,cannabis pr company,,0,,0.00
pr,cannnes lions pr press awards,,0,,0.00
pr,canon pr england,,0,,0.00
pr,canon pr football,,0,,0.00
pr,canon pr football england,,0,,0.00
pr,canon pr football englnd,,0,,0.00
pr,canon pr in england,,0,,0.00
pr,canon pr premier league england,,0,,0.00
pr,cao su pr bách tùng,,0,,0.00
pr,cao su pr omix,,0,,0.00
pr,cap ghi pr hộ,,0,,0.00
pr,cap pr cho bạn bè trên facebook,,0,,0.00
pr,cap pr facebook hay,,0,,0.33
pr,cap pr fb cho bạn bè hài hước,,0,,0.00
pr,cap pr hay,,0,,0.00
pr,cap pr hay cho bạn bè trên facebook,,0,,0.00
pr,captions for pr marketing,,0,,0.00
pr,captions là gì trong pr marketing,,0,,0.00
pr,cara delevigne pr push,,0,,0.00
pr,cara delevigne pr push reddit,,0,,0.00
pr,cara menaikkan pr blog,,0,,0.00
pr,card pr opc-lm1-pr,,0,,0.00
pr,card pr sms,,0,,0.00
pr,card pr смс,,0,,0.00
pr,career in pr guernsey,,0,,0.00
pr,cargill toledo pr,,0,,0.00
pr,caribbeancom pr 072717 001,,0,,0.00
pr,carol marshall pr,,0,,0.00
pr,carr 2 k.19.1 bo candelaria toa baja pr 00949,,0,,0.00
pr,carr 2 km 19.1 bo candelaria toa baja pr 00949,,0,,0.00
pr,carteira habilitação digital pr,,0,,0.00
pr,carton pr-908,,0,,0.00
pr,casas a venda em castro pr,,0,,0.00
pr,casas a venda em londrina pr,,0,,0.00
pr,casas em londrina pr,,0,,0.00
pr,casas para alugar em arapongas pr,,0,,0.00
pr,casas para alugar em colombo pr,,0,,0.00
pr,casas para alugar londrina pr,,0,,0.00
pr,cascavel pr cep,,0,,0.00
pr,case study in planing a pr plan,,0,,0.00
pr,case study in planing a pr plan for brand,,0,,0.00
pr,case study về pr,,0,,0.00
pr,cashmax pr title loans,,0,,0.00
pr,cat 1 doan nhac trong pr cc,,0,,0.00
pr,cat video dung pr,,0,,0.00
pr,catalogue van giam ap pr 106 singer valve,,0,,0.00
pr,catalyst pr,,0,,0.00
pr,catano pr storage units near me,,0,,0.00
pr,category of delivery date pr sap,,0,,0.00
pr,catriona gray được pr rầm rộ,,0,,0.00
pr,cau hoi lap chien luoc pr,,0,,0.00
pr,cau hoi phong van chuyen vien pr,,0,,0.00
pr,cau hoi ve pr o sip,,0,,0.00
pr,cau trúc viêt bài pr sản phẩm,,0,,0.00
pr,cayey pr 00736,,0,,0.00
pr,cayey pr 00736 us,,0,,0.00
pr,caài tiếng việt cho pr,,0,,0.00
pr,caác buổi hội thảo nhằm mục đích pr,,0,,0.00
pr,caác bài phát biểu trong chiến dịch pr,,0,,0.00
pr,caác bài pr cho dầu gội trị gàu,,0,,0.00
pr,caác bài viết pr cho các dầu gội trị gàu,,0,,0.00
pr,caác bài viết pr sự kiện,,0,,0.00
pr,caác chiêu pr của sao việt,,0,,0.00
pr,caác chiến lược pr digital,,0,,0.00
pr,caác công cụ của pr,,0,,0.00
pr,caác hoạt động pr,,0,,0.00
pr,caác hoạt động trong pr,,0,,0.00
pr,caác hình thức pr,,0,,0.00
pr,caácc bài pr cho dầu gội trị gàu,,0,,0.00
pr,caách chèn power vào pr,,0,,0.00
pr,caách giật tít hay cho bài pr,,0,,0.00
pr,caách làm giảm nhỏ âm thanh trong pr,,0,,0.00
pr,caách nhiệt pr foam,,0,,0.00
pr,caách phân tích 1 hoạt động pr,,0,,0.00
pr,caách phân tích hoạt động pr,,0,,0.00
pr,caách pr cho một môi trường làm việc tốt,,0,,0.00
pr,caách pr về một công ty,,0,,0.00
pr,caách thêm plugin transition vào pr,,0,,0.00
pr,caách tạo mảng màu trong pr,,0,,0.00
pr,caách viết 1 bài pr,,0,,0.00
pr,caách viết bài pr sự kiện,,0,,0.00
pr,caách viết bài pr về công ty,,0,,0.00
pr,caách viết pr angle,,0,,0.00
pr,caâu chuyện pr thất bại,,0,,0.00
pr,caâu hỏi phỏng vấn vị trí pr,,0,,0.00
pr,caấu trúc một bài pr,,0,,0.00
pr,caắt nhạc trong pr,,0,,0.00
pr,cbre pr articles,,0,,0.00
pr,cc group pr,,0,,0.00
pr,ccach1su dung pr,,0,,0.00
pr,ccb apply pr canadavisa,,0,,0.00
pr,ccb apply pr canadavisa site www.canadavisa.com,,0,,0.00
pr,ccb for new pr canada,,0,,0.00
pr,ccb for new pr canada canada,,0,,0.00
pr,ccha chnhr clip chạy nhanh bằng adobe pr,,0,,0.00
pr,ccool name for pr project for samsung,,0,,0.00
pr,cd pr,,0,,0.00
pr,cds pr chemical,,0,,0.00
pr,ce uniao pr,,0,,0.00
pr,cedca pr,,0,,0.00
pr,celebrity pr agency london,,0,,0.00
pr,celebrity pr firms,,0,,0.00
pr,celpip for canada pr,,0,,0.00
pr,centro de integração empresa-escola do paraná ciee pr sede capital,,0,,0.00
pr,certificado digital oab pr,,0,,0.00
pr,certificate related to pr strategy,,0,,0.00
pr,certified online pr courses,,0,,0.00
pr,cfo in charge of hr and pr,,0,,0.00
pr,cgv pr assistant ybox,,0,,0.00
pr,cha sở pr huỳnh phúc hậu,,0,,0.00
pr,chajy chữ pr,,0,,0.00
pr,challenger brand pr agency,,0,,0.00
pr,chamberlain healthcare pr,,0,,0.00
pr,chamberlain pr,,0,,0.00
pr,champs pr,,0,,0.00
pr,chan pr,,0,,0.00
pr,chances of getting australian pr ater vac2 paid,,0,,0.00
pr,change pr point system australia,,0,,0.00
pr,changes pr nz,,0,,0.00
pr,channel to pr ico,,0,,0.00
pr,chapeau bài pr,,0,,0.00
pr,charity pr,,0,,0.00
pr,charity pr agency,,0,,0.00
pr,charity pr article,,0,,0.00
pr,charity pr consultants,,0,,0.00
pr,charleston pr,,0,,0.00
pr,charleston pr firms,,0,,0.00
pr,charleston sc pr firms,,0,,0.00
pr,chat dieu hoa sinh truong pr,,0,,0.00
pr,chattanooga pr agencies,,0,,0.00
pr,chau rua chen pr-8850v,,0,,0.00
pr,chaạy chữ pr 2017,,0,,0.00
pr,che mờ logo trong pr,,0,,0.00
pr,cheap pr agency in delhi ncr,,0,,0.00
pr,check da pr,,0,,0.00
pr,check my dns vp6 pr vp4,,0,,0.00
pr,check po from pr sap,,0,,0.00
pr,check pr add chrome,,0,,0.00
pr,check pr addon chrome,,0,,0.00
pr,check pr link po sap,,0,,0.00
pr,check pr seoquake,,0,,0.00
pr,check score for canada pr,,0,,0.00
pr,check validate all pr,,0,,0.00
pr,chef pr agency,,0,,0.00
pr,chen anh am thanh adobe pr,,0,,0.00
pr,chen chu vao pr,,0,,0.00
pr,chen chuyen canh trong pr,,0,,0.00
pr,chen logo vafo video pr,,0,,0.00
pr,chen logo vao title pr,,0,,0.00
pr,chen text pr,,0,,0.00
pr,cheshire pr agency services,,0,,0.00
pr,chevrolet spark model pr,,0,,0.00
pr,chi co ban pr,,0,,0.00
pr,chi nh sư a video pr,,0,,0.00
pr,chi phi đăng bài pr trên các báo,,0,,0.00
pr,chi phí bai viet pr tren http thethaovanhoa.vn,,0,,0.00
pr,chi phí bai viet pr tren thethaovanhoa.vn,,0,,0.00
pr,chi phí book bài pr,,0,,0.00
pr,chi phí bài pr của kenh14,,0,,0.00
pr,chi phí kế hoạch pr,,0,,0.00
pr,chi phí pr 2018 của các doanh nghiệp,,0,,0.00
pr,chi phí pr article trên zing news,,0,,0.00
pr,chi phí pr là gi,,0,,0.00
pr,chi phí thuê viết bài pr trên tạp chí elle,,0,,0.00
pr,chi phí viết bài pr trên new zing,,0,,0.00
pr,chi phí viết bài pr trên vnexpress,,0,,0.00
pr,chi phí đăng bài pr trên cafebiz,,0,,0.00
pr,chi phí đăng bài pr trên ictnews,,0,,0.00
pr,chi-pr yakult.vn,,0,,0.00
pr,chia khung hình video làm ba trong pr,,0,,0.00
pr,chia se plugin ninja tables pr,,0,,0.00
pr,chia sẻ các diễn đàn có pr cao,,0,,0.00
pr,chia sẻ các diễn đàn có pr cao mới nhất,,0,,0.00
pr,chia đôi khung hình trong pr,,0,,0.00
pr,chief pr marketing,,0,,0.00
pr,chien dich pr bat dong san hay,,0,,0.00
pr,chien luoc pr cua amway,,0,,0.00
pr,chien luoc pr cua ca phe trung nguyen,,0,,0.00
pr,chien luoc pr của bitis hunter,,0,,0.00
pr,chien luoc pr dell xps,,0,,0.00
pr,chien luoc pr san pham,,0,,0.00
pr,chieu pr la gi,,0,,0.00
pr,chieu thuc pr cho dich vu ve sinh cuoi nam,,0,,0.00
pr,chieến dịch pr budweiser,,0,,0.00
pr,chieến dịch pr x men,,0,,0.00
pr,child passport compulsory in pr application express entry,,0,,0.00
pr,child passport required in pr application,,0,,0.00
pr,child pr odf,,0,,0.00
pr,chin su pr manager,,0,,0.00
pr,china pr là nước nào,,0,,0.00
pr,china pr national team,,0,,0.00
pr,china pr sanya tv & travel channel,,0,,0.00
pr,china pr sanya tv online tv,,0,,0.00
pr,china pr vs guam,,0,,0.00
pr,china pr what pr stand for,,0,,0.00
pr,chinese pr agency,,0,,0.00
pr,chinese taipei vs china pr football,,0,,0.00
pr,chinese vietnam government combining pr,,0,,0.00
pr,chinh defaut trong pr,,0,,0.00
pr,chinh sach đào tạo pr,,0,,0.00
pr,chinh toc do video pr,,0,,0.00
pr,chinhr hieu ung chotung doan am thanh trong pr cc,,0,,0.00
pr,chiê n di ch pr cu a abbott,,0,,0.00
pr,chiê n lươ c pr cu a mcdonal,,0,,0.00
pr,chiê n lươ c pr mcdonalds,,0,,0.00
pr,chiên dich pr hãng hàng không,,0,,0.00
pr,chiên dich pr hãng hàng không cathay pacific,,0,,0.00
pr,chiên dịch pr của mộc châu milk,,0,,0.00
pr,chiên luoc pr cho ngan hang,,0,,0.00
pr,chiên luoc pr cho ngan hang vietcombank,,0,,0.00
pr,chiên lược pr của mộc châu milk,,0,,0.00
pr,chiêu pr bẩn của sao việt trong showbiz,,0,,0.00
pr,chiêu pr cua ngo thanh vân,,0,,0.00
pr,chiêu pr độc đáo,,0,,0.00
pr,chiêu thức pr là gì,,0,,0.00
pr,chiêu tro pr cu a cha y ngay đi,,0,,0.00
pr,chiêu trò pr,,0,,0.00
pr,chiêu trò pr của quán trà sữa,,0,,0.00
pr,chiến dịch 5 pr,,0,,0.00
pr,chiến dịch dịch pr food drive của uber,,0,,0.00
pr,chiến dịch dịch pr food drive của uber 2016,,0,,0.00
pr,chiến dịch pr bảo xuân,,0,,0.00
pr,chiến dịch pr cho dai ichi life,,0,,0.00
pr,chiến dịch pr cho dasani,,0,,0.00
pr,chiến dịch pr cho trường đại học,,0,,0.00
pr,chiến dịch pr các hãng hàng không,,0,,0.00
pr,chiến dịch pr cộng đồng,,0,,0.00
pr,chiến dịch pr cộng đồng ví dụ,,0,,0.00
pr,chiến dịch pr của adidas,,0,,0.00
pr,chiến dịch pr của apax english,,0,,0.00
pr,chiến dịch pr của biti's,,0,,0.00
pr,chiến dịch pr của biti's hunter con rồng cháu tiên,,0,,0.00
pr,chiến dịch pr của donal trump,,0,,0.00
pr,chiến dịch pr của fami,,0,,0.00
pr,chiến dịch pr của heineken f1,,0,,0.00
pr,chiến dịch pr của heineken giải công thức f1,,0,,0.00
pr,chiến dịch pr của kinh đô,,0,,0.00
pr,chiến dịch pr của mì gấu đỏ,,0,,0.00
pr,chiến dịch pr của một công ty bất động sản,,0,,0.00
pr,chiến dịch pr của saigonsanh,,0,,0.00
pr,chiến dịch pr của samsung,,0,,0.00
pr,chiến dịch pr của th true water,,0,,0.00
pr,chiến dịch pr của tiger,,0,,0.00
pr,chiến dịch pr của trang web đặt vé máy bay,,0,,0.00
pr,chiến dịch pr của trung nguyên,,0,,0.00
pr,chiến dịch pr của trường đại học,,0,,0.00
pr,chiến dịch pr của vinamilk với chính phủ,,0,,0.00
pr,chiến dịch pr của vinamilk với chính phủ 2017,,0,,0.00
pr,chiến dịch pr của việt tiến,,0,,0.00
pr,chiến dịch pr food drive 2016,,0,,0.00
pr,chiến dịch pr food drive 2016 của uber,,0,,0.00
pr,chiến dịch pr food drive 2016 của uber tại canada,,0,,0.00
pr,chiến dịch pr giới thiệu sản phẩm mới của apple,,0,,0.00
pr,chiến dịch pr hay năm 2016,,0,,0.00
pr,chiến dịch pr ngan hang,,0,,0.00
pr,chiến dịch pr nổi bật năm 2018,,0,,0.00
pr,chiến dịch pr nổi tiếng năm 2018,,0,,0.00
pr,chiến dịch pr phú quốc,,0,,0.00
pr,chiến dịch pr riênvan,,0,,0.00
pr,chiến dịch pr sunlight,,0,,0.00
pr,chiến dịch pr sản phẩm mới,,0,,0.00
pr,chiến dịch pr sản phẩm với đại sứ thương hiệu,,0,,0.00
pr,chiến dịch pr timo,,0,,0.00
pr,chiến dịch pr tiếng anh,,0,,0.00
pr,chiến dịch pr tôi yêu việt nam của honda,,0,,0.00
pr,chiến dịch pr vinamilk,,0,,0.00
pr,chiến dịch pr đi để trở về,,0,,0.00
pr,chiến dịch viral pr,,0,,0.00
pr,chiến lược pr bản thân,,0,,0.00
pr,chiến lược pr cho 1 sản phẩm mới,,0,,0.00
pr,chiến lược pr cho agoda,,0,,0.00
pr,chiến lược pr cho be,,0,,0.00
pr,chiến lược pr cho sản phẩm của công ty bkav,,0,,0.00
pr,chiến lược pr cho sản phẩm mới,,0,,0.00
pr,chiến lược pr cho sản phẩm startup,,0,,0.00
pr,chiến lược pr cho traveloka,,0,,0.00
pr,chiến lược pr cho trung tâm anh ngữ,,0,,0.00
pr,chiến lược pr cho trường đại học,,0,,0.00
pr,chiến lược pr cho vexere.com,,0,,0.00
pr,chiến lược pr cho web dịch vu,,0,,0.00
pr,chiến lược pr cho web dịch vụ,,0,,0.00
pr,chiến lược pr cụ thể của công ty vinamilk,,0,,0.00
pr,chiến lược pr của công ty dịch vụ,,0,,0.00
pr,chiến lược pr của công ty vinamilk,,0,,0.00
pr,chiến lược pr của durex,,0,,0.00
pr,chiến lược pr của grab,,0,,0.00
pr,chiến lược pr của heineken ở việt nam,,0,,0.00
pr,chiến lược pr của honda,,0,,0.00
pr,chiến lược pr của kfc,,0,,0.00
pr,chiến lược pr của masan,,0,,0.00
pr,chiến lược pr của mcdonald,,0,,0.00
pr,chiến lược pr của omo,,0,,0.00
pr,chiến lược pr của oppo,,0,,0.00
pr,chiến lược pr của samsung,,0,,0.00
pr,chiến lược pr của samsung galaxy note,,0,,0.00
pr,chiến lược pr của tiki,,0,,0.00
pr,chiến lược pr của vietjet air,,0,,0.00
pr,chiến lược pr của vietnam airlines,,0,,0.00
pr,chiến lược pr khách sạn,,0,,0.00
pr,chiến lược pr mẫu,,0,,0.00
pr,chiến lược pr nội bộ của vinamilk,,0,,0.00
pr,chiến lược pr nội bộ của vingroup,,0,,0.00
pr,chiến lược pr san pham của vinamilk,,0,,0.00
pr,chiến lược pr showroom,,0,,0.00
pr,chiến lược pr sản phẩm,,0,,0.00
pr,chiến lược pr thay đổi hành vi thành công,,0,,0.00
pr,chiến lược pr thành công,,0,,0.00
pr,chiến lược pr trường đại học công nghiệp thực phẩm,,0,,0.00
pr,chiến lược pr tái định vị thương hiệu highlands coffe,,0,,0.00
pr,chiến lược pr tái định vị thương hiệu highlands coffee,,0,,0.00
pr,chiến lược pr và phát triển grap,,0,,0.00
pr,chiến lược pr vé xe về quê,,0,,0.00
pr,chiến lược pr vé xe về quê của pepsi,,0,,0.00
pr,chiến lược pr đồ cao cấp trên báo điện tử,,0,,0.00
pr,chiến lược đi bài pr,,0,,0.00
pr,chiến lượng pr của yamaha,,0,,0.00
pr,chiến-dịch-pr-làm-thay-đổi-lịch-sử-thế-giới,,0,,0.00
pr,cho nhỏ âm thanh trong pr,,0,,0.00
pr,cho thuê xe đạp pr việt hồ chí minh,,0,,0.00
pr,cho vi du phân biê t marketing va pr,,0,,0.00
pr,chockfast orange pr-610 tcf tại tphcm,,0,,0.00
pr,chong rung trong pr,,0,,0.00
pr,chong rung trong pr cc 2015,,0,,0.00
pr,choose which one you pr,,0,,0.00
pr,chor beratung pr,,0,,0.00
pr,chris pr,,0,,0.00
pr,christmas free adobe pr template,,0,,0.00
pr,chu ng to pr,,0,,0.00
pr,chuc nang cua pr chaperonin,,0,,0.00
pr,chuck e cheese pr,,0,,0.00
pr,chuong tringh pr,,0,,0.00
pr,chuong trinh pr cua vietcombank,,0,,0.00
pr,church pr,,0,,0.00
pr,chuyen cảnh cơ bản trong pr,,0,,0.00
pr,chuyen giay thanh frame trong pr,,0,,0.00
pr,chuyen vien marketing & pr là gì,,0,,0.00
pr,chuyen vien marketing &pr,,0,,0.00
pr,chuyen vien marketing &pr ba na,,0,,0.00
pr,chuyen vien marketing &pr là gì,,0,,0.00
pr,chuyen vien pr bigc,,0,,0.00
pr,chuyen viet bai pr cho website,,0,,0.00
pr,chuyen viên pr,,0,,0.00
pr,chuyên nghành pr,,0,,0.00
pr,chuyên vien pr,,0,,0.00
pr,chuyên viên pr cty kim gia phạm,,0,,0.00
pr,chuyên viên pr cần gì,,0,,0.00
pr,chuyên viên pr evtn,,0,,0.00
pr,chuyên viên pr gia phạm,,0,,0.00
pr,chuyên viên pr job description,,0,,0.00
pr,chuyên viên pr làm gì trong daonh nghiệp,,0,,0.00
pr,chuyên viên pr lương,,0,,0.00
pr,chuyên viên pr lương tầm nhiêu,,0,,0.00
pr,chuyên viên pr marketing 24h,,0,,0.00
pr,chuyên viên pr marketing 24h.com.vn,,0,,0.00
pr,chuyên viên pr marketing timviecnhanh,,0,,0.00
pr,chuyên viên pr media,,0,,0.00
pr,chuyên viên pr nội bộ,,0,,0.00
pr,chuyên viên pr phano pharmacy,,0,,0.00
pr,chuyên viên pr sevent,,0,,0.00
pr,chuyên viên pr sự kiện,,0,,0.00
pr,chuyên viên pr tiếng anh la gì,,0,,0.00
pr,chuyên viên pr tại tp.hcm,,0,,0.00
pr,chuyên viên pr việc làm tại tp.hcm,,0,,0.00
pr,chuyên viên pr và các câu hỏi khi phỏng vấn,,0,,0.00
pr,chuyên viên pr đất xanh nam miền trung,,0,,0.00
pr,chuyên viên quan hệ công chúng pr,,0,,0.00
pr,chuyên về pr và marketing,,0,,0.00
pr,chuyển adobe pr thành mp4,,0,,0.00
pr,chuyển cảnh hành động pr,,0,,0.00
pr,chuyển cảnh mượt pr,,0,,0.00
pr,chuyển cảnh đẹp trong pr,,0,,0.00
pr,chuyển màu sang đen trắng trong pr,,0,,0.00
pr,chuyển quan lại giữa ae và pr chậm,,0,,0.00
pr,chuyển từ pr sang ae,,0,,0.00
pr,chuyển đổi project ae sang pr,,0,,0.00
pr,chuyển đổi tín hiệu pr electronics,,0,,0.00
pr,chuyển đổi tín hiệu pr electronics 5714,,0,,0.00
pr,chuyển đổi tín hiệu pr electronics 5714a,,0,,0.00
pr,chuyển động anh trong pr,,0,,0.00
pr,chuyển ảnh trong pr,,0,,0.00
pr,chuẩn bị kế hoạch pr sản phẩm,,0,,0.00
pr,chuẩn mưucj cho người làm pr,,0,,0.00
pr,chuẩn pr báo online,,0,,0.00
pr,chuỗi bài pr giá rẻ,,0,,0.00
pr,chèn clip vào bài pr,,0,,0.00
pr,chèn file animation trong pr,,0,,0.00
pr,chèn file mov trong pr,,0,,0.00
pr,chèn logo trong pr,,0,,0.00
pr,chèn text trong pr,,0,,0.00
pr,chèn title trong pr,,0,,0.00
pr,chính pr bsr,,0,,0.00
pr,chính sách pr khách sạn mimosa,,0,,0.00
pr,chính sách và kế hoạch pr bệnh viện,,0,,0.00
pr,chưa kinh nghiệm pr,,0,,0.00
pr,chương trình cử nhân quốc tế pr,,0,,0.00
pr,chương trình lay pr latvia,,0,,0.00
pr,chương trình lay pr latvia bao nhiêu,,0,,0.00
pr,chương trình lấy pr malta,,0,,0.00
pr,chương trình pr cho trang web,,0,,0.00
pr,chương trình pr của cafa trung nguyên,,0,,0.00
pr,chương trình pr của cafe trung nguyên,,0,,0.00
pr,chương trình pr của honda,,0,,0.00
pr,chương trình pr của ngân hàng scb hiện nay,,0,,0.00
pr,chương trình pr của ngân hàng vietinbank hiện nay,,0,,0.00
pr,chạy chữ pr,,0,,0.00
pr,chạy chữ pr 2017,,0,,0.00
pr,chạy roadshow có phải là pr không,,0,,0.00
pr,chạy ảnh trong pr,,0,,0.00
pr,chảo chống dính 24cm lock&lock pr-llpan24,,0,,0.00
pr,chảo chống dính lock-lock ceramic 24cm đáy từ pr-llpan24,,0,,0.00
pr,chảo l&l cao cấp 24 pr llpan24,,0,,0.00
pr,chảo l&l cao cấp 24 pr-llpan24 km,,0,,0.00
pr,chảo pr llpan24,,0,,0.00
pr,chậu rửa pr-7545,,0,,0.00
pr,chỉ có pr có bảo lãnh ba mẹ được không,,0,,0.00
pr,chỉ số kinh tế pr,,0,,0.00
pr,chỉ số pr của website,,0,,0.00
pr,chỉ số pr prevalence ratio rr,,0,,0.00
pr,chỉ số pr rr,,0,,0.00
pr,chỉ số pr trong seo là gì,,0,,0.00
pr,chỉ số pr tại canada,,0,,0.00
pr,chỉ định điều trị ung thư vú er pr,,0,,0.00
pr,chỉnh chạy chữ pr 2017,,0,,0.00
pr,chỉnh chống rung trong phần mềm pr,,0,,0.00
pr,chỉnh full size ảnh pr,,0,,0.00
pr,chỉnh kích thước ảnh trong pr,,0,,0.00
pr,chỉnh màu tự nhiên pr,,0,,0.00
pr,chỉnh màu video trong pr,,0,,0.00
pr,chỉnh nhiệt độ màu trong pr,,0,,0.00
pr,chỉnh sửa video pr giá bao nhiêu,,0,,0.00
pr,chỉnh sửa âm thanh trong pr,,0,,0.00
pr,chỉnh sữa video pr,,0,,0.00
pr,chỉnh thông số adobe pr,,0,,0.00
pr,chỉnh thời gian layer trong pr,,0,,0.00
pr,chỉnh time trong pr,,0,,0.00
pr,chỉnh tốc độ chạy chữ trong pr,,0,,0.00
pr,chỉnh video nhanh dần pr,,0,,0.00
pr,chỉnh xuất video 4k pr,,0,,0.00
pr,chỉnh định dạng chạy chữ trong pr,,0,,0.00
pr,chọn quảng cáo hay pr,,0,,0.00
pr,chọn vùng chỉnh đen trắng trong pr,,0,,0.00
pr,chống rung pr,,0,,0.00
pr,chống rung trên pr,,0,,0.00
pr,chống rung video pr,,0,,0.00
pr,chụp hình pr bệnh viện,,0,,0.00
pr,chụp màn hình j7 pr,,0,,0.00
pr,chụp pr mỹ phẩm,,0,,0.00
pr,chụp ảnh canada hộ chiếu visa pr,,0,,0.00
pr,chụp ảnh làm pr,,0,,0.00
pr,chủ thể pr tại sao lại là khách hàng,,0,,0.00
pr,chủ tịch hội đồng quản trị pr future,,0,,0.00
pr,chủ đề pr là gì,,0,,0.00
pr,chủ đề viết bài pr,,0,,0.00
pr,chức năng của ai ae và pr,,0,,0.00
pr,chức năng của pr marketing,,0,,0.00
pr,chức năng của pr trong nha nuoc,,0,,0.00
pr,chức năng nhiệm vụ của nhân viên pr,,0,,0.00
pr,chức năng nhiệm vụ của phòng pr,,0,,0.00
pr,chức năng sinh học của pr,,0,,0.00
pr,chức vụ pr,,0,,0.00
pr,chức vụ pr là gì,,0,,0.00
pr,chứng chỉ sơ cấp nghề pr mẫu,,0,,0.00
pr,chứng minh diện tích tam giác abc bằng pr,,0,,0.00
pr,chứng minh pr có chức năng cấu trúc,,0,,0.00
pr,chữ ký ảo trên pr,,0,,0.00
pr,chữ nhân trong pr,,0,,0.00
pr,chữ pr là gì,,0,,0.00
pr,chữ viet de pr fb,,0,,0.00
pr,cic pr application,,0,,0.00
pr,cic pr travel document,,0,,0.00
pr,cine cataratas foz do iguaçu pr,,0,,0.00
pr,cinema brown gradient pink round ladies sunglasses pr 17ssf ue00a6,,0,,0.00
pr,cinemagraph_pr,,0,,0.00
pr,cipr advanced certificate in pr,,0,,0.00
pr,cirkle pr,,0,,0.00
pr,cision pr newswire cision,,0,,0.00
pr,cision pr newswire cnw group,,0,,0.00
pr,cision pr newswire ereleases,,0,,0.00
pr,cision pr newswire globenewswire,,0,,0.00
pr,citi alto đi pr,,0,,0.00
pr,citizen vs pr canada,,0,,0.00
pr,citra pr,,0,,0.00
pr,citra pr dlc,,0,,0.00
pr,citra pr fix dlc,,0,,0.00
pr,cj cgv tuyển pr,,0,,0.00
pr,cj cgv tuyển pr 2019 hạn cuối 21 4,,0,,0.00
pr,cj cgv tuyển pr full time 2019,,0,,0.00
pr,cl-686-pr,,0,,0.00
pr,claims consulting pr,,0,,0.00
pr,clarim imoveis campo largo pr,,0,,0.00
pr,clarion pr,,0,,0.00
pr,claro pr,,0,,0.00
pr,claro pr login,,0,,0.00
pr,claro pr numero,,0,,0.00
pr,classify pr marketing and advertising,,0,,0.00
pr,classify pr marketing àn advertisement,,0,,0.00
pr,clean tech pr,,0,,0.00
pr,clean technology pr,,0,,0.00
pr,cleantech pr,,0,,0.00
pr,cleantech pr agency,,0,,0.00
pr,cleantech pr companies,,0,,0.00
pr,cleantech pr firms,,0,,0.00
pr,clear men pr,,0,,0.00
pr,clerc-levy-cristesco syndrome short pr interval là gì,,0,,0.00
pr,clerk-levy-cristesco syndrome short pr interval là gì,,0,,0.00
pr,clima foz do iguaçu pr,,0,,0.00
pr,clima tempo para renascença pr,,0,,0.00
pr,clinic pr agency,,0,,0.00
pr,clip chem nhau pr sai gon,,0,,0.00
pr,clip em kieu pr,,0,,0.00
pr,clip phỏng vấn xin việc nhan viên pr,,0,,0.00
pr,clip pr la gi,,0,,0.00
pr,close issue with pr,,0,,0.00
pr,club pr,,0,,0.33
pr,club pr văn lang,,0,,0.00
pr,clínicas de cirurgia plástica em curitiba pr,,0,,0.00
pr,cm cthuc s pr,,0,,0.00
pr,cm pr o,,0,,0.00
pr,cmoi quan he va cac loai hinh pr,,0,,0.00
pr,cmr sabc 1 2 ab.sinc abc 4r pr,,0,,0.00
pr,cmr sabc pr,,0,,0.00
pr,cn6870c-210nv-m8-pr-g,,0,,0.00
pr,cna oab pr,,0,,0.00
pr,cnh pr,,0,,0.00
pr,cnpj detran pr,,0,,0.00
pr,cnss.pr.4.0-00364-m8953baaaanazw,,0,,0.00
pr,cnttqn.com pr full crack,,0,,0.00
pr,cnttqn.com pr full crack 32 bit,,0,,0.00
pr,co ba sai gon livestream pr,,0,,0.00
pr,co ba sài gòn pr,,0,,0.00
pr,co ba sài gòn pr tố cáo,,0,,0.00
pr,co pr co duoc mien visa,,0,,0.00
pr,co work permit roi lam sao chuyen qua pr,,0,,0.00
pr,coca cola pr plan,,0,,0.00
pr,cocacola pr bằng viking,,0,,0.00
pr,coconut palms inn rincon pr,,0,,0.00
pr,code mua mormorphvox pr,,0,,0.00
pr,coke pr campaign south america,,0,,0.00
pr,colchester pr company,,0,,0.00
pr,colegiacion medicos pr,,0,,0.00
pr,collect puzzle pieces pr,,0,,0.00
pr,colombo curitiba pr,,0,,0.00
pr,colombo pr,,0,,0.00
pr,color grade fall cinematic in pr,,0,,0.00
pr,color vi pr,,0,,0.00
pr,colorado pr agency,,0,,0.00
pr,colorresta pr,,0,,0.00
pr,columbus pr firms,,0,,0.00
pr,command line to batch merge git pr,,0,,0.00
pr,command line to batch merge pr,,0,,0.00
pr,command option pr mac,,0,,0.00
pr,command pr.create not found,,0,,0.00
pr,commitment item and g l account at pr,,0,,0.00
pr,commitment pr po sap,,0,,0.00
pr,communication and pr research,,0,,0.00
pr,communication and pr research rmit professional communication,,0,,0.00
pr,communication vs pr,,0,,0.00
pr,communications and pr associate aidentifi,,0,,0.00
pr,communications career pr,,0,,0.00
pr,communications career pr company,,0,,0.00
pr,como abrir mei pr,,0,,0.00
pr,como fazer baliza detran pr,,0,,0.00
pr,compare pr and advertising,,0,,0.00
pr,comparison of pr and international relation,,0,,0.00
pr,comparison pr,,0,,0.00
pr,component in y pb pr convertor,,0,,0.00
pr,component of evaluaion plan in pr,,0,,0.00
pr,component of evaluation plan in pr,,0,,0.00
pr,comunicación pr,,0,,0.00
pr,con 011 pr 6423,,0,,0.00
pr,con của khánh vân pr,,0,,0.00
pr,con khánh vân pr,,0,,0.00
pr,con trai khánh vân pr,,0,,0.00
pr,con trai khánh vân pr bao nhiêu tuổi,,0,,0.00
pr,con đường xin pr theo visa 482,,0,,0.00
pr,concept chụp ảnh pr lớp học ngoại ngữ,,0,,0.00
pr,concept pr,,0,,0.00
pr,concept pr người nổi tiếng,,0,,0.00
pr,concerpt pr,,0,,0.00
pr,concessionária fiat barigui curitiba pr,,0,,0.00
pr,conclusion của chiến dịch pr viết gì,,0,,0.00
pr,concop elite pr school,,0,,0.00
pr,concurso cadete pm pr,,0,,0.00
pr,concurso detran pr,,0,,0.00
pr,concurso pm pr soldado,,0,,0.00
pr,concurso sefaz pr,,0,,0.00
pr,concurso segurança pr,,0,,0.00
pr,concurso tre pr,,0,,0.00
pr,cond villa del parque apt 17g san juan pr 00909,,0,,0.00
pr,conditions are that stoked price pr,,0,,0.00
pr,condomínio de galpoes pr,,0,,0.00
pr,config text pr po,,0,,0.00
pr,cong cuoc pr,,0,,0.00
pr,cong cụ check pr website,,0,,0.00
pr,cong cụ đo lường pr,,0,,0.00
pr,cong pb va pr la gi,,0,,0.00
pr,cong tac pr cho 1 bai hat,,0,,0.00
pr,cong thuc 3m trong pr,,0,,0.00
pr,cong thuc roi ngành pr,,0,,0.00
pr,cong thuc tinh hieu qua pr,,0,,0.00
pr,cong thuc tinh pr max,,0,,0.00
pr,cong ty có pr thấp nhất,,0,,0.00
pr,cong ty pr foodland,,0,,0.00
pr,cong ty truyen thong tuyen dung pr,,0,,0.00
pr,conscious pr agency melbourne,,0,,0.00
pr,conselho de psicologia pr,,0,,0.00
pr,construction pr,,0,,0.00
pr,construction pr agency,,0,,0.00
pr,construction pr companies,,0,,0.00
pr,construimos pr,,0,,0.00
pr,construtora ponta grossa pr,,0,,0.00
pr,construtoras em curitiba pr,,0,,0.00
pr,construtoras em londrina pr,,0,,0.00
pr,consuct pr articles,,0,,0.00
pr,consulta advogado oab pr,,0,,0.00
pr,consulta cnpj sintegra pr,,0,,0.00
pr,consulta crm pr,,0,,0.00
pr,consulta nfce pr,,0,,0.00
pr,consultancy pr,,0,,0.00
pr,consultar multas pela placa pr,,0,,0.00
pr,consumer pr agencies london,,0,,0.00
pr,consumer pr agency,,0,,0.00
pr,consumer pr agency bay area,,0,,0.00
pr,consumer pr birmingham,,0,,0.00
pr,consumer pr firm,,0,,0.00
pr,consumer pr london,,0,,0.00
pr,consumer pr melbourne,,0,,0.00
pr,consumer pr sydney,,0,,0.00
pr,consumer tech pr,,0,,0.00
pr,contabilista suprimentos para escritório curitiba pr,,0,,0.00
pr,container pr,,0,,0.00
pr,contains additional data from the following pr,,0,,0.00
pr,contemporary pr research rmit,,0,,0.00
pr,contemporary pr research rmit course,,0,,0.00
pr,contemporary pr research rmit melbourne,,0,,0.00
pr,content and pr officer,,0,,0.00
pr,content marketing pr,,0,,0.00
pr,content marketing seo pr social media,,0,,0.00
pr,content outline pr,,0,,0.00
pr,content pr chương trình,,0,,0.00
pr,content pr event,,0,,0.00
pr,content pr hay nhâ t cua trung tâm anh ngư,,0,,0.00
pr,content pr la gi,,0,,0.00
pr,content pr và content marketing,,0,,0.00
pr,control option pr mac,,0,,0.00
pr,controversial pr campaign,,0,,0.00
pr,conversion labs pr,,0,,0.00
pr,conversion labs pr llc,,0,,0.00
pr,convert pr file,,0,,0.00
pr,convert text to pr code,,0,,0.00
pr,coolcold đế tản nhiệt coolcold f2 pr cách sử dụng,,0,,0.00
pr,cooper pr,,0,,0.00
pr,coopfood pr cua,,0,,0.00
pr,copcom pr,,0,,0.00
pr,copel pr,,0,,0.00
pr,copel pr segunda via,,0,,0.00
pr,coporate pr là gì,,0,,0.00
pr,copy effect pr,,0,,0.00
pr,copy layers from pr to after effect,,0,,0.00
pr,core skill for pr,,0,,0.00
pr,core values of pr,,0,,0.00
pr,coren pr agendamento,,0,,0.00
pr,coritiba pr 0 0 sport club recife pe,,0,,0.00
pr,coritiba pr criciuma ec sc,,0,,0.00
pr,coritiba pr h guarani sp,,0,,0.00
pr,coritiba pr h vitoria ba,,0,,0.00
pr,coritiba pr operario ferroviario ec,,0,,0.00
pr,coritiba pr u19,,0,,0.00
pr,coritiba pr vs bragantino nhận định,,0,,0.00
pr,coritiba pr vs bragantino sp nhận định,,0,,0.00
pr,coritiba pr vs sport club recife pe 777,,0,,0.00
pr,coritiba pr vs sport club recife pe 777score,,0,,0.00
pr,corporate pr agencies sydney,,0,,0.00
pr,corporate pr agency,,0,,0.00
pr,corporate pr melbourne,,0,,0.00
pr,corporate pr plan template,,0,,0.00
pr,corporate pr strategy,,0,,0.00
pr,corporate pr sydney,,0,,0.00
pr,corporate social responsibility pr,,0,,0.00
pr,corrected pr interval,,0,,0.00
pr,corsair icue sp120 rgb pr,,0,,0.00
pr,corsair vengeance m65 pr,,0,,0.00
pr,corso digital pr,,0,,0.00
pr,corso digital pr bologna,,0,,0.00
pr,corso digital pr milano,,0,,0.00
pr,corso pr a bologna,,0,,0.00
pr,cos ai dùng tinh chất dưỡng trắng dp pr-essence,,0,,0.00
pr,cost behavior and cost volume profit analysis pr 6a,,0,,0.00
pr,country of pr status là gì,,0,,0.00
pr,courier pr card canada,,0,,0.00
pr,courier pr card inside canada,,0,,0.00
pr,courtyard marriott pr,,0,,0.00
pr,cover epub sang pr,,0,,0.00
pr,cover letter cho cong việc pr,,0,,0.00
pr,cover letter cho cong việc pr bang tieng anh,,0,,0.00
pr,cover letter for pr executive,,0,,0.00
pr,cover letter for pr job,,0,,0.00
pr,cover letter for pr manager,,0,,0.00
pr,cover letter for pr specialist position,,0,,0.00
pr,cover letter h&m pr manager,,0,,0.00
pr,cover letter pr executive,,0,,0.00
pr,cover letter sample for pr assistant,,0,,0.00
pr,cow pr,,0,,0.00
pr,coyne pr jobs,,0,,0.00
pr,coông thức strings trong viết bài pr,,0,,0.00
pr,coông ty pr,,0,,0.00
pr,coông ty pr việt,,0,,0.00
pr,coông việc pr,,0,,0.00
pr,cp pr wheel adobe,,0,,0.00
pr,cp5r_pr,,0,,0.00
pr,cpm pr,,0,,0.00
pr,cpuz pr,,0,,0.00
pr,crack adobe pr cc,,0,,0.00
pr,crack office 2016 pr,,0,,0.00
pr,crack pr 13.1.5,,0,,0.00
pr,crack pr 2018,,0,,0.00
pr,crack pr 2019,,0,,0.00
pr,crack pr 2019 cc,,0,,0.00
pr,crack pr 2019 v v13.1.5,,0,,0.00
pr,crack pr 2019 v v13.2,,0,,0.00
pr,crack pr 9,,0,,0.00
pr,crack pr cc2015 bằng file host,,0,,0.00
pr,crack pr cc2019,,0,,0.00
pr,crack ps pr,,0,,0.00
pr,crack win 10 pr,,0,,0.00
pr,crack x86.en-us_o365homepremretail_3b0560bd-073c-46f1-857e-23a5ff4ed137_tx_pr_,,0,,0.00
pr,crb maceio h operario pr,,0,,0.00
pr,crc pr,,0,,0.00
pr,creat proxy edit in pr cs6,,0,,0.00
pr,create another express entry profile while waiting for pr,,0,,0.00
pr,create po from pr,,0,,0.00
pr,create po from pr sap,,0,,0.00
pr,create pr tcode,,0,,0.00
pr,creating pr content,,0,,0.00
pr,creativa media pr,,0,,0.00
pr,creative pr,,0,,0.00
pr,creative pr agency,,0,,0.00
pr,creative pr agency london,,0,,0.00
pr,creative pr articles,,0,,0.00
pr,creative pr campaign ideas,,0,,0.00
pr,creative pr campaigns,,0,,0.00
pr,creative pr news articles,,0,,0.00
pr,creative pr news articles some kids cannot make it 5,,0,,0.00
pr,creative pr stunt,,0,,0.00
pr,creci pr,,0,,0.00
pr,criciuma ec sc h operario pr,,0,,0.00
pr,crime omissivo pr oprio está previsto na parte geral,,0,,0.00
pr,crisis communications pr firms,,0,,0.33
pr,crisis fire pr,,0,,0.00
pr,crisis management media relation pr expert,,0,,0.00
pr,crisis management pr firm sydney,,0,,0.00
pr,crisis management pr firms,,0,,0.00
pr,crisis management pr retainer,,0,,0.00
pr,crisis of pr of burger king,,0,,0.00
pr,crisis of pr of kfc,,0,,0.00
pr,crisis pr agency leeds,,0,,0.00
pr,crisis pr company dublin,,0,,0.00
pr,crisis pr firms,,0,,0.00
pr,crisis pr firms uk,,0,,0.00
pr,crisis pr london,,0,,0.00
pr,crisis pr services,,0,,0.00
pr,critical mention pr,,0,,0.00
pr,crop mở màn trong pr,,0,,0.00
pr,crossfit pr,,0,,0.00
pr,crosstheline pr campaign,,0,,0.00
pr,crowdfunding pr agency,,0,,0.00
pr,crs points for canada pr 2019,,0,,0.00
pr,crush pr,,0,,0.00
pr,crypto pr writing,,0,,0.00
pr,cryptocurrency pr,,0,,0.00
pr,cryptocurrency pr agencies,,0,,0.00
pr,cryptocurrency pr company,,0,,0.00
pr,cryptocurrency pr firm,,0,,0.00
pr,cryptocurrency pr strategy,,0,,0.00
pr,cryptoland pr,,0,,0.00
pr,cs condition zero kis edition pr,,0,,0.00
pr,cs1-pr,,0,,0.00
pr,cs1-pr-a1-i-n adtek,,0,,0.00
pr,cs1-pr-a1-i-n-a,,0,,0.00
pr,csr pr stunt,,0,,0.00
pr,css pl pr,,0,,0.00
pr,ct group tuyen dung pr,,0,,0.00
pr,ct group tuyen dung pr team leader,,0,,0.00
pr,ct group tuyen dung pr teamleader,,0,,0.00
pr,ct group tuyển dụng marketing pr,,0,,0.00
pr,cthh pr,,0,,0.00
pr,ctv pr điện máy xanh,,0,,0.00
pr,cty ngôi sao sài gòn pr,,0,,0.00
pr,cty pr việt,,0,,0.00
pr,cty saki tuyển dụng chuyên viên pr,,0,,0.00
pr,cty saki tuyển dụng nhân viên pr,,0,,0.00
pr,cu pr-pvc la gi,,0,,0.00
pr,cube pr,,0,,0.00
pr,cuda pr,,0,,0.00
pr,cuiaba mt h londrina pr,,0,,0.00
pr,cuiaba mtvs coritiba pr,,0,,0.00
pr,culinary pr,,0,,0.00
pr,culture pr,,0,,0.33
pr,cung ứng vật tư pr,,0,,0.00
pr,cup pr,,0,,0.33
pr,curitiba pr cep,,0,,0.00
pr,curitiba pr gov br,,0,,0.00
pr,curitiba pr hoteis,,0,,0.00
pr,curl command to create a pr,,0,,0.00
pr,curl command to create a pr github,,0,,0.00
pr,curl command to create a pr github v3,,0,,0.00
pr,curl with pr,,0,,0.00
pr,current pr issues,,0,,0.00
pr,current pr trends,,0,,0.00
pr,curso online pm pr,,0,,0.00
pr,curso para concurso tre pr,,0,,0.00
pr,curso tre pr,,0,,0.00
pr,custom pr,,0,,0.00
pr,custom pr awards,,0,,0.00
pr,customer relation in pr,,0,,0.00
pr,customer service manager pr australia,,0,,0.00
pr,customer service manager pr australia visa 190,,0,,0.00
pr,customer service manager pr nsw,,0,,0.00
pr,cut clip pr,,0,,0.00
pr,cut off for canada pr,,0,,0.00
pr,cut off point 2016 accouting pr 189,,0,,0.00
pr,cut video pr,,0,,0.00
pr,cut video tong pr,,0,,0.00
pr,cuộn chữ trong pr,,0,,0.00
pr,cv cho ngành pr,,0,,0.00
pr,cv experience mobile industry pr,,0,,0.00
pr,cyber pr,,0,,0.00
pr,cyber security pr,,0,,0.00
pr,cyber security pr agency,,0,,0.00
pr,cybersecurity pr,,0,,0.00
pr,cybersecurity pr agency,,0,,0.00
pr,cybersecurity pr company,,0,,0.00
pr,cybersecurity pr firms,,0,,0.00
pr,cyprus pr travel free,,0,,0.00
pr,cà rốt sấy pr,,0,,0.00
pr,cài bản crack của pr,,0,,0.00
pr,cài driver máy in pr 58,,0,,0.00
pr,cài đăt pr,,0,,0.00
pr,cài đặt bounce pack v3.0.3 pr,,0,,0.00
pr,cài đặt mocha pro cho pr,,0,,0.00
pr,cài đặt mất thanh công cụ trong pr,,0,,0.00
pr,cài đặt pr 5714,,0,,0.00
pr,cài đặt pr 5714a,,0,,0.00
pr,cài đặt preset chp pr,,0,,0.00
pr,các agency pr booking lớn ở việt nam,,0,,0.00
pr,các agency về pr lớn tại vietnam,,0,,0.00
pr,các bài báo pr sacombank,,0,,0.00
pr,các bài phỏng pr vấn mẫu,,0,,0.00
pr,các bài pr,,0,,0.00
pr,các bài pr cho một chương trình bất động sản,,0,,0.00
pr,các bài pr game,,0,,0.00
pr,các bài pr hay về dược phẩm,,0,,0.00
pr,các bài pr mảng giáo dục,,0,,0.00
pr,các bài pr nước hoa,,0,,0.00
pr,các bài pr pas mẫu,,0,,0.00
pr,các bài pr sự kiện mẫu,,0,,0.00
pr,các bài pr theo kiểu editorial,,0,,0.00
pr,các bài pr về seo,,0,,0.00
pr,các bài viết pr cho game học tiếng nhật,,0,,0.00
pr,các bài viết pr cho sự kiện,,0,,0.00
pr,các bài viết pr strings,,0,,0.00
pr,các bài viết pr sản phẩm,,0,,0.00
pr,các bài viết pr sản phẩm handmade,,0,,0.00
pr,các bài viết pr sản phẩm hay,,0,,0.00
pr,các bài viết pr về bác sĩ hàn quốc,,0,,0.00
pr,các bài viết pr về rong nho,,0,,0.00
pr,các báo pr thuộc admiccro,,0,,0.00
pr,các bước hoạch định chiến lược pr,,0,,0.00
pr,các bước làm clip pr doanh nghiệp,,0,,0.00
pr,các bước lập kế hoạch pr cá nhân,,0,,0.00
pr,các bước pr cá nhân,,0,,0.00
pr,các bước đánh giá hiệu quả pr,,0,,0.00
pr,các case study pr thành công,,0,,0.00
pr,các case study về pr,,0,,0.00
pr,các chiêu pr của apple,,0,,0.00
pr,các chiêu pr hay,,0,,0.00
pr,các chiêu pr trong kinh doanh,,0,,0.00
pr,các chiêu thức pr hiệu quả,,0,,0.00
pr,các chiến dịch offline pr thành công,,0,,0.00
pr,các chiến dịch pr cho xe máy,,0,,0.00
pr,các chiến dịch pr cyar nutifood,,0,,0.00
pr,các chiến dịch pr của donal trump,,0,,0.00
pr,các chiến dịch pr của durex,,0,,0.00
pr,các chiến dịch pr của vingroup,,0,,0.00
pr,các chiến dịch pr giải quyết vấn đề xã hội,,0,,0.00
pr,các chiến dịch pr nổi tiếng,,0,,0.00
pr,các chiến lược marketing pr,,0,,0.00
pr,các chiến lược pr của saigontourist,,0,,0.00
pr,các chiến lược pr thất bại,,0,,0.00
pr,các chiến lược pr ví dụ,,0,,0.00
pr,các chuowmg trình pr cộn đồng,,0,,0.00
pr,các chuyên gia pr ví dụ như đến từ crt,,0,,0.00
pr,các chương trình pr cho sữa oraganic của vinamilk,,0,,0.00
pr,các chương trình pr cộng đồng,,0,,0.00
pr,các chương trình pr cộng đồng của the coffee,,0,,0.00
pr,các chương trình pr của image skincare,,0,,0.00
pr,các chương trình pr của sữa đậu nành,,0,,0.00
pr,các chương trình pr của vinamilk,,0,,0.00
pr,các chương trình pr thành công,,0,,0.00
pr,các chủ đề pr liên quan đến seo,,0,,0.00
pr,các chức danh trong ngành pr,,0,,0.00
pr,các cách pr fanpage hiệu quả,,0,,0.00
pr,các cách pr hiệu quả,,0,,0.00
pr,các cách pr hình ảnh,,0,,0.00
pr,các cách pr online,,0,,0.00
pr,các cách pr sản phẩm hiệu quả,,0,,0.00
pr,các cách pr trên facebook,,0,,0.00
pr,các cách viết bài pr,,0,,0.00
pr,các cách xây dựng môt campaign pr,,0,,0.00
pr,các câu hỏi về pr,,0,,0.00
pr,các câu pr hay,,0,,0.00
pr,các công cụ chủ yếu của pr,,0,,0.00
pr,các công cụ của pr nội bộ,,0,,0.00
pr,các công cụ mới của pr,,0,,0.00
pr,các công cụ tác nghiệp trong pr,,0,,0.00
pr,các công thức viết bài pr,,0,,0.00
pr,các công ty chuyên tư vấn pr của việt nam,,0,,0.00
pr,các công ty pr ở buôn ma thuột,,0,,0.00
pr,các công ty pr ở việt nam,,0,,0.00
pr,các công ty tư vấn pr của việt nam,,0,,0.00
pr,các công vieecfj cơ bản của pr,,0,,0.00
pr,các công việc cơ bản của pr,,0,,0.00
pr,các công việc của ngành pr,,0,,0.00
pr,các công việc của pr nội bộ,,0,,0.00
pr,các công việc liên quan đến pr trong cty,,0,,0.00
pr,các cấp độ trong pr,,0,,0.00
pr,các diễn đàn có pr cao mới nhất,,0,,0.00
pr,các diễn đàn nội thất có pr cao,,0,,0.00
pr,các doanh nghiệp mạnh về pr,,0,,0.00
pr,các dạng bài viết pr,,0,,0.00
pr,các facebooer viết pr bài viết hay,,0,,0.00
pr,các facebooker viết pr bài viết hay,,0,,0.00
pr,các facebooker viết pr bài viết hay nổi tiếng,,0,,0.00
pr,các ghép video bằng pr ko bị cắt khung,,0,,0.00
pr,các gia đoạn của chiế dịch pr,,0,,0.00
pr,các gói pr giá bao nhiêu,,0,,0.00
pr,các hiệu ứng chuyển động trong pr,,0,,0.00
pr,các hiệu ứng chuyển ảnh trong pr,,0,,0.00
pr,các hoat đông pr của vietnam airlines,,0,,0.00
pr,các hoat đông pr của vietnamair,,0,,0.00
pr,các hoạt dong pr vinamilk,,0,,0.00
pr,các hoạt đông pr,,0,,0.00
pr,các hoạt đông pr của viettel,,0,,0.00
pr,các hoạt động pr cộng đồng,,0,,0.00
pr,các hoạt động pr của bitis,,0,,0.00
pr,các hoạt động pr của trung tâm tiếng anh,,0,,0.00
pr,các hoạt động pr gồm những gì,,0,,0.00
pr,các hoạt động pr nestle,,0,,0.00
pr,các hoạt động pr nội bộ,,0,,0.00
pr,các hoạt động pr trong nội bộ của trường học,,0,,0.00
pr,các hoạt động thực tiễn pr của novaland,,0,,0.00
pr,các hình thúc pr offline,,0,,0.00
pr,các hình thức 3s strings pas của pr,,0,,0.00
pr,các hình thức bài pr,,0,,0.00
pr,các hình thức làm pr phổ biến,,0,,0.00
pr,các hình thức pr của grab,,0,,0.00
pr,các hình thức pr hiệu quả,,0,,0.00
pr,các hình thức pr nội bộ,,0,,0.00
pr,các hình thức pr quảng cáo,,0,,0.00
pr,các hình thức pr sản phẩm độc đáo,,0,,0.00
pr,các hình thức pr trong quá khứ,,0,,0.00
pr,các hình thức pr tại việt nam,,0,,0.00
pr,các hình thức pr ở bình dương,,0,,0.00
pr,các idea cho pr,,0,,0.00
pr,các khóa học pr,,0,,0.00
pr,các khủng hoảng pr của các doanh nghiệp,,0,,0.00
pr,các kiểu pr cho 1 ng,,0,,0.00
pr,các kiểu pr cho 1 người,,0,,0.00
pr,các kiểu pr hay,,0,,0.00
pr,các kênh pr,,0,,0.00
pr,các kênh quan hệ trong hoạt động pr,,0,,0.00
pr,các ký hiệu máy pr c901s,,0,,0.00
pr,các kĩ năng có được khi làm pr,,0,,0.00
pr,các kĩ năng có được từ nghề pr,,0,,0.00
pr,các kĩ năng học được khi làm pr,,0,,0.00
pr,các kĩ năng mà ngành pr cần có,,0,,0.00
pr,các kỹ năng cần có ngành truyền thông pr,,0,,0.00
pr,các kỹ năng cần thiết ngành pr,,0,,0.00
pr,các loai bao cao pr trong agency,,0,,0.00
pr,các loại bài viết pr,,0,,0.00
pr,các loại hiệu ứng của pr,,0,,0.00
pr,các loại hình pr hiện nay,,0,,0.00
pr,các loại lợi nhuật pr,,0,,0.00
pr,các loại pr,,0,,0.00
pr,các loại pr trong tế bào người,,0,,0.00
pr,các loại đàn tay pr,,0,,0.00
pr,các lĩnh vực hoạt động của pr,,0,,0.00
pr,các lệnh của máy photocopy ricoh pr c901,,0,,0.00
pr,các lệnh máy pr c901s,,0,,0.00
pr,các lỗi máy pr c901s,,0,,0.00
pr,các mã số máy pr c901s,,0,,0.00
pr,các mở 2 time line trong pr,,0,,0.00
pr,các mở 2 timeline trong pr,,0,,0.00
pr,các nhân vật viết pr bài viết hay,,0,,0.00
pr,các nhóm công chúng của pr,,0,,0.00
pr,các nhóm đối tượng công chúng của pr,,0,,0.00
pr,các page pr sản phẩm free,,0,,0.00
pr,các phim pr bẩn,,0,,0.00
pr,các phim tắt trong pr,,0,,0.00
pr,các phím tắt trong pr cc,,0,,0.00
pr,các phông chữ đẹp cho pr,,0,,0.00
pr,các phương pháp pr hiệu quả,,0,,0.00
pr,các phương pháp đánh giá một pr plan hiệu quả,,0,,0.00
pr,các phương thức pr hiệu quả,,0,,0.00
pr,các phương tiện của pr nội bộ,,0,,0.00
pr,các phần của bài viết pr,,0,,0.00
pr,các pr quảng cáo mỹ phẩm,,0,,0.00
pr,các pr video youtube,,0,,0.00
pr,các quyết định chính trong tiếp thị pr coca cola,,0,,0.00
pr,các rủi ro trong pr,,0,,0.00
pr,các site có pr cao,,0,,0.00
pr,các sư kien pr hien tai o viet nam,,0,,0.00
pr,các sản phẩm thành công nhờ blogger pr,,0,,0.00
pr,các sản phẩm truyền thông của chiến dịch pr vinamilk,,0,,0.00
pr,các sự kiện pr về hạt nêm,,0,,0.00
pr,các thuật ngữ trong pr,,0,,0.00
pr,các thể loại bài viết pr,,0,,0.00
pr,các trang pr nhà hàng hiệu quả,,0,,0.00
pr,các trường đào tao ngành pr,,0,,0.00
pr,các tài liệu học pr,,0,,0.00
pr,các tính năng của gói dmca pr,,0,,0.00
pr,các tạp chí pr,,0,,0.00
pr,các viết bài pr,,0,,0.00
pr,các web có pr cao,,0,,0.00
pr,các website có pr cao,,0,,0.00
pr,các website có pr cao cho đặt backlink,,0,,0.00
pr,các xu hướng pr trong năm 2017,,0,,0.00
pr,các yếu tố nahr hưởng đến hoạt động pr,,0,,0.00
pr,các điều cần thiết khi chạy team pr,,0,,0.00
pr,các điều cần thiết để pr tốt,,0,,0.00
pr,các định nghĩa về pr,,0,,0.00
pr,cácgoolcold đế tản nhiệt coolcold f2 pr,,0,,0.00
pr,cách add layer màu trong pr,,0,,0.00
pr,cách auto nâng điểm trong pr piece,,0,,0.00
pr,cách blend màu phim cho pr,,0,,0.00
pr,cách book bài pr trên báo chí,,0,,0.00
pr,cách bối file trong pr,,0,,0.00
pr,cách cho vé pr fb,,0,,0.00
pr,cách chuyển cảnh trong pr,,0,,0.00
pr,cách chuyển file màu vào pr,,0,,0.00
pr,cách chuyển video từ pr sang ae,,0,,0.00
pr,cách chuẩn bị bài phát biểu pr,,0,,0.00
pr,cách chèn chữ vào adobe pr,,0,,0.00
pr,cách chèn hiệu ứng vào pr,,0,,0.00
pr,cách chèn hình vào clip trong pr cc,,0,,0.00
pr,cách chèn pr,,0,,0.00
pr,cách chèn ảnh vào video bằng pr,,0,,0.00
pr,cách chăm sóc da mùa khô pr mỹ phẩm,,0,,0.00
pr,cách chạy chữ trong pr,,0,,0.00
pr,cách chỉnh chóng run cho video bằng pr,,0,,0.00
pr,cách chỉnh màu cho nhiều video trong pr,,0,,0.00
pr,cách chỉnh màu trong pr,,0,,0.00
pr,cách chỉnh thời gian ảnh trong pr,,0,,0.00
pr,cách chụp hình pr sản phẩm,,0,,0.00
pr,cách crack pr,,0,,0.00
pr,cách cách xây dựng một chiến dịch pr,,0,,0.00
pr,cách cắt nhiều track trong pr,,0,,0.00
pr,cách cắt video trong pr,,0,,0.00
pr,cách dùng adbe pr đỡ lag,,0,,0.00
pr,cách dùng file morg trong pr,,0,,0.00
pr,cách dùng pr adobe,,0,,0.00
pr,cách dùng pr làm video,,0,,0.00
pr,cách dùng pr làm video viétub,,0,,0.00
pr,cách dùng pr làm video đơn giản,,0,,0.00
pr,cách dùng pr phototoshop cs6 prr,,0,,0.00
pr,cách dùng pr để giải quyết scadal,,0,,0.00
pr,cách dùng split tool pr,,0,,0.00
pr,cách dựng baằng pr,,0,,0.00
pr,cách dựng liên biểu trong pr,,0,,0.00
pr,cách export video nhẹ trong pr để up lên web,,0,,0.00
pr,cách fit hình vào đúng khung hình trong pr,,0,,0.00
pr,cách ghép phông nền bằng pr cc,,0,,0.00
pr,cách ghép ảnh thành video bang pr,,0,,0.00
pr,cách giảm tiếng ồn trong pr,,0,,0.00
pr,cách giảm âm thanh nhạc nền trong pr,,0,,0.00
pr,cách giật tít hay cho bài pr,,0,,0.00
pr,cách gây ấn tượng với pr proposal,,0,,0.00
pr,cách hiện rectangle tool trong pr,,0,,0.00
pr,cách hỏi pr facebook,,0,,0.00
pr,cách khôi phục ảnh từ adobe pr,,0,,0.00
pr,cách khử rung trong pr,,0,,0.00
pr,cách làm 1 bài pr cho 1 sản phẩm,,0,,0.00
pr,cách làm chuyển động hình ảnh trong pr,,0,,0.00
pr,cách làm chương trình pr cho hàng cà phê,,0,,0.00
pr,cách làm full khung hình trong pr cc,,0,,0.00
pr,cách làm mượt pr,,0,,0.00
pr,cách làm một kế hoạch pr,,0,,0.00
pr,cách làm nhỏ nhạc trong pr,,0,,0.00
pr,cách làm pr cho hạt nêm chay,,0,,0.00
pr,cách làm pr trên facebook,,0,,0.00
pr,cách làm slow motion cho video pr,,0,,0.00
pr,cách làm video bằng hình ảnh trong pr,,0,,0.00
pr,cách làm video chiếu sáng bằng pr,,0,,0.00
pr,cách làm video trên pr cs6,,0,,0.00
pr,cách lưu trước pr trách bị mất điện,,0,,0.00
pr,cách lấy fanpage pr,,0,,0.00
pr,cách lầm pr cho tập đoàn nhà ở,,0,,0.00
pr,cách lập dàn ý bài pr,,0,,0.00
pr,cách lập một bảng kế hoạch pr,,0,,0.00
pr,cách lật gương trong pr,,0,,0.00
pr,cách lọc âm thanh bằng pr,,0,,0.00
pr,cách mở autosave pr,,0,,0.00
pr,cách mở bảng title trong pr 2017,,0,,0.00
pr,cách nhận biết baì pr hay bài marketing,,0,,0.00
pr,cách nhận được khoảng pr fanpage facebook,,0,,0.00
pr,cách nhờ bạn bè pr nick fb,,0,,0.00
pr,cách nối file trong pr,,0,,0.00
pr,cách phân tích 1 hoạt động pr,,0,,0.00
pr,cách phân tích thông tin pr,,0,,0.00
pr,cách pr 1 ca khúc mới,,0,,0.00
pr,cách pr blog,,0,,0.00
pr,cách pr bán vé máy bay,,0,,0.00
pr,cách pr bánh tráng,,0,,0.00
pr,cách pr bạn bè,,0,,0.00
pr,cách pr bạn bè trên facebook,,0,,0.00
pr,cách pr bạn gái cực hay,,0,,0.00
pr,cách pr bản thân trong 1 phút,,0,,0.00
pr,cách pr bản thân trong cv,,0,,0.00
pr,cách pr bản thân trên cv,,0,,0.00
pr,cách pr bản thân trên facebook,,0,,0.00
pr,cách pr bảo hiểm trên facebook,,0,,0.00
pr,cách pr bảo hiểm xe,,0,,0.00
pr,cách pr cho 1 chiến lược,,0,,0.00
pr,cách pr cho bạn bè,,0,,0.00
pr,cách pr cho bạn bè hay nhất,,0,,0.00
pr,cách pr cho bạn bè trên facebook,,0,,0.00
pr,cách pr cho khách sạn,,0,,0.00
pr,cách pr cho mọi người biết đến công ty,,0,,0.00
pr,cách pr cho một sản phẩm mới,,0,,0.00
pr,cách pr cho người khác trên facebook,,0,,0.00
pr,cách pr cho spa,,0,,0.00
pr,cách pr cho thương hiệu oppo,,0,,0.00
pr,cách pr cho tiểu thuyết,,0,,0.00
pr,cách pr cho tờ báo,,0,,0.00
pr,cách pr chụp ảnh,,0,,0.00
pr,cách pr cà phê bột,,0,,0.00
pr,cách pr cá nhân thời 4.0,,0,,0.00
pr,cách pr các món ngon,,0,,0.00
pr,cách pr của phúc long,,0,,0.00
pr,cách pr cửa hàng,,0,,0.00
pr,cách pr cửa hàng trên facebook,,0,,0.00
pr,cách pr dễ thương,,0,,0.00
pr,cách pr dịch vụ hải quan,,0,,0.00
pr,cách pr dự án,,0,,0.00
pr,cách pr facebook,,0,,0.00
pr,cách pr facebook của bạn,,0,,0.00
pr,cách pr facebook dành cho người yêu,,0,,0.00
pr,cách pr fanpage cá nhân hiệu quả,,0,,0.00
pr,cách pr fanpage facebook,,0,,0.00
pr,cách pr fanpage hiệu quả,,0,,0.00
pr,cách pr fb bạn bè trên facebook,,0,,0.00
pr,cách pr fb cho bạn bè,,0,,0.00
pr,cách pr giá trị bản thân,,0,,0.00
pr,cách pr gậy tự sướng,,0,,0.00
pr,cách pr hay,,0,,0.00
pr,cách pr hay trên facebook,,0,,0.00
pr,cách pr hiệu quả trên facebook,,0,,0.00
pr,cách pr hô ba n,,0,,0.00
pr,cách pr hộ bạn,,0,,0.00
pr,cách pr hộ bạn trên facebook,,0,,0.00
pr,cách pr hộ trên facebook,,0,,0.00
pr,cách pr iphone 6 và 6plus,,0,,0.00
pr,cách pr khách sạn,,0,,0.00
pr,cách pr kiếm người yêu,,0,,0.00
pr,cách pr kênh youtube,,0,,0.00
pr,cách pr kênh youtube miễn phí,,0,,0.00
pr,cách pr kết bạn,,0,,0.00
pr,cách pr lens,,0,,0.00
pr,cách pr lớp ielts,,0,,0.00
pr,cách pr makeup,,0,,0.00
pr,cách pr marketing,,0,,0.00
pr,cách pr một công ty trên facebook,,0,,0.00
pr,cách pr một sự kiện,,0,,0.00
pr,cách pr một trang facebook,,0,,0.00
pr,cách pr mỹ phẩm hiệu quả,,0,,0.00
pr,cách pr nhà nghỉ hợp lý,,0,,0.00
pr,cách pr nick facebook,,0,,0.00
pr,cách pr nước hoa,,0,,0.00
pr,cách pr nội thất,,0,,0.00
pr,cách pr quán cafe mới mở,,0,,0.00
pr,cách pr quảng cáo,,0,,0.00
pr,cách pr quảng cáo về sàn giao dịch,,0,,0.00
pr,cách pr quần áo,,0,,0.00
pr,cách pr shop quần áo,,0,,0.00
pr,cách pr sản phẩm hay,,0,,0.00
pr,cách pr sản phẩm mới hiệu quả,,0,,0.00
pr,cách pr sản phẩm nước hoa,,0,,0.00
pr,cách pr sản phẩm online,,0,,0.00
pr,cách pr sản phẩm trên zalo,,0,,0.00
pr,cách pr thực đơn nhà hàng,,0,,0.00
pr,cách pr trang web,,0,,0.00
pr,cách pr truyện trên wattpad,,0,,0.00
pr,cách pr trên facebook hiệu quả,,0,,0.00
pr,cách pr trên instagram,,0,,0.00
pr,cách pr twitter của bạn,,0,,0.00
pr,cách pr túi xách,,0,,0.00
pr,cách pr video trên youtube,,0,,0.00
pr,cách pr website hiệu quả,,0,,0.00
pr,cách pr xuat nhap khau,,0,,0.00
pr,cách pr áo trên facebook,,0,,0.00
pr,cách pr để dụ trẻ mua đồ chơi,,0,,0.00
pr,cách pr đồ handmade thú bông,,0,,0.00
pr,cách render một đoạn trong pr,,0,,0.00
pr,cách render pr,,0,,0.00
pr,cách research tìm số liệu trong pr,,0,,0.00
pr,cách reset đoạn video trong pr,,0,,0.00
pr,cách reset đoạn video về bình thường trong pr,,0,,0.00
pr,cách screen mac trên pr,,0,,0.00
pr,cách screen trên pr,,0,,0.00
pr,cách screenshot mac trên pr,,0,,0.00
pr,cách secrence trên pr,,0,,0.00
pr,cách sử dụng coolcold đế tản nhiệt coolcold f2 pr,,0,,0.00
pr,cách sử dụng encoding trong pr,,0,,0.00
pr,cách sử dụng đèn pr 018 protex,,0,,0.00
pr,cách thuê dân trí pr bài viết,,0,,0.00
pr,cách thêm văn bản vào video bằng pr,,0,,0.00
pr,cách thức pr của uber,,0,,0.00
pr,cách thức viết 1 bài pr,,0,,0.00
pr,cách thức viết bài pr,,0,,0.00
pr,cách thực hiện pr nội bộ hiệu quả,,0,,0.00
pr,cách track video trong pr,,0,,0.00
pr,cách tracker trong pr,,0,,0.00
pr,cách trung nguyên pr chuỗi nhưỡng quyền,,0,,0.00
pr,cách trèn chữ vào pr,,0,,0.00
pr,cách trèn hình khi thêm sub trong pr,,0,,0.00
pr,cách trình bày campaign trong báo cáo pr,,0,,0.00
pr,cách tách lời ra khỏi bài hát bang pr,,0,,0.00
pr,cách tính pr ngành,,0,,0.00
pr,cách tính điểm allred er pr,,0,,0.00
pr,cách tính điểm pr new zealand,,0,,0.00
pr,cách tăng echo trong pr,,0,,0.00
pr,cách tạo chữ trong pr,,0,,0.00
pr,cách tạo hình vẽ màu nước trong pr,,0,,0.00
pr,cách tạo keyframe trong pr,,0,,0.00
pr,cách tạo một bài pr hay,,0,,0.00
pr,cách tạo một chương trình pr sản phâm thành công,,0,,0.00
pr,cách tạo một chương trình pr thành công,,0,,0.00
pr,cách tạo pr,,0,,0.00
pr,cách tạo preset trong pr,,0,,0.00
pr,cách tạo trend quay ngược video bằng pr,,0,,0.00
pr,cách tải phần mền smart pr,,0,,0.00
pr,cách tải pr về máy tính,,0,,0.00
pr,cách tự pr mình khi đi xin việc,,0,,0.00
pr,cách update pr cc 2015,,0,,0.00
pr,cách viêt bài pr facebook cho sản phẩm,,0,,0.00
pr,cách viết 1 bài báo pr,,0,,0.00
pr,cách viết 1 bài pr,,0,,0.00
pr,cách viết 1 bài pr hiệu quả,,0,,0.00
pr,cách viết 1 bài pr sản phẩm,,0,,0.00
pr,cách viết bài báo pr,,0,,0.00
pr,cách viết bài chia sẻ pr brand,,0,,0.00
pr,cách viết bài pr cho công ty,,0,,0.00
pr,cách viết bài pr cho mỹ phẩm,,0,,0.00
pr,cách viết bài pr cho page,,0,,0.00
pr,cách viết bài pr cho sản phẩm công nghệ,,0,,0.00
pr,cách viết bài pr cho sự kiện,,0,,0.00
pr,cách viết bài pr cho trung tâm ngoại ngữ,,0,,0.00
pr,cách viết bài pr cho trường mầm non,,0,,0.00
pr,cách viết bài pr chuyên đề,,0,,0.00
pr,cách viết bài pr chương trình khuyến mãi,,0,,0.00
pr,cách viết bài pr công ty,,0,,0.00
pr,cách viết bài pr du lịch,,0,,0.00
pr,cách viết bài pr dịch vụ,,0,,0.00
pr,cách viết bài pr dự án bất động sản,,0,,0.00
pr,cách viết bài pr giới thiệu sản phẩm,,0,,0.00
pr,cách viết bài pr giới thiệu về workshop,,0,,0.00
pr,cách viết bài pr hay,,0,,0.00
pr,cách viết bài pr hấp dẫn,,0,,0.00
pr,cách viết bài pr khách sạn,,0,,0.00
pr,cách viết bài pr lên báo,,0,,0.00
pr,cách viết bài pr mỹ phẩm hiệu quả,,0,,0.00
pr,cách viết bài pr ngược trong bds,,0,,0.00
pr,cách viết bài pr nhân vật,,0,,0.00
pr,cách viết bài pr pha t biê u,,0,,0.00
pr,cách viết bài pr sách,,0,,0.00
pr,cách viết bài pr sản phẩm hay,,0,,0.00
pr,cách viết bài pr theo công thức 3s,,0,,0.00
pr,cách viết bài pr thuê,,0,,0.00
pr,cách viết bài pr trên facebook group,,0,,0.00
pr,cách viết bài pr trên fanpage hấp dẫn,,0,,0.00
pr,cách viết bài pr về bệnh sỏi thận,,0,,0.00
pr,cách viết bài pr về sản phẩm,,0,,0.00
pr,cách viết bài pr đèn led,,0,,0.00
pr,cách viết bài quản cáo pr trên facebook,,0,,0.00
pr,cách viết bài quảng cáo pr trên facebook,,0,,0.00
pr,cách viết bài truyền thông pr,,0,,0.00
pr,cách viết bàu pr,,0,,0.00
pr,cách viết cv pr bản thân,,0,,0.00
pr,cách viết câu chuyện pr,,0,,0.00
pr,cách viết một bài adaption trong pr,,0,,0.00
pr,cách viết phần pr trong cv tiếng nhật,,0,,0.00
pr,cách viết pr 1 người,,0,,0.00
pr,cách viết pr bản thân tiếng nhật,,0,,0.00
pr,cách viết pr công việc,,0,,0.00
pr,cách viết pr dịch vụ,,0,,0.00
pr,cách viết pr hiệu quả,,0,,0.00
pr,cách viết pr q người,,0,,0.00
pr,cách viết pr quán cafe,,0,,0.00
pr,cách viết pr sản,,0,,0.00
pr,cách viết pr sản phẩm,,0,,0.00
pr,cách viết pr tiếp cận khách hàng,,0,,0.00
pr,cách viết pr về mùa hè,,0,,0.00
pr,cách viết thông điệp chính pr,,0,,0.00
pr,cách viết title cho video trong pr,,0,,0.00
pr,cách viết tus pr,,0,,0.00
pr,cách vẽ hình trong trong pr,,0,,0.00
pr,cách vẽ vòng tròn trong pr,,0,,0.00
pr,cách xin pr sau du học,,0,,0.00
pr,cách xuất file pr nhẹ,,0,,0.00
pr,cách xuất file xml trong pr,,0,,0.00
pr,cách xuất video với pr,,0,,0.00
pr,cách xác định giai đoạn của môt bài pr,,0,,0.00
pr,cách xác định giai đoạn pr,,0,,0.00
pr,cách xây dựng blog pr bản thân,,0,,0.00
pr,cách xây dựng kế hoạch pr cho người mới học,,0,,0.00
pr,cách xóa hột bằng pr,,0,,0.00
pr,cách xóa logo trong pr,,0,,0.00
pr,cách xóa logo trong video bằng pr,,0,,0.00
pr,cách điều chỉnh kích thước ảnh trong pr,,0,,0.00
pr,cách điều chỉnh lại bo cục trong pr,,0,,0.00
pr,cách đánh giá bài viết pr hiệu quả,,0,,0.00
pr,cách đăng bài pr trên báo chí,,0,,0.00
pr,cách đăng fanpage lên pr,,0,,0.00
pr,cách đăng tuyển dụng pr,,0,,0.00
pr,cách đưa file mov vào pr không bị lỗi,,0,,0.00
pr,cách đề xuất chương trình pr cụ thể,,0,,0.00
pr,cách để pr cho một page phường trên fb,,0,,0.00
pr,cách để pr phim,,0,,0.00
pr,cách để pr trên facebook,,0,,0.00
pr,cách đọc phiên âm pr,,0,,0.00
pr,cái câu pr nick hay,,0,,0.00
pr,cán cân chi phí hieu qua pr,,0,,0.00
pr,cáp benka cu pe oscr pvc 1 pr x18awg,,0,,0.00
pr,cân cas pr-ii,,0,,0.00
pr,cân tính tiền pr cas,,0,,0.00
pr,cân điện tử pr 4202,,0,,0.00
pr,câu chuyện pr thành công,,0,,0.00
pr,câu hỏi phỏng vấn nhân viên pr,,0,,0.00
pr,câu hỏi phỏng vấn pr,,0,,0.00
pr,câu hỏi trắc nghiệm nhập môn pr,,0,,0.00
pr,câu nói hay về pr dự án bất động sản,,0,,0.00
pr,câu nói hay để pr cho mỹ phẩm,,0,,0.00
pr,câu nói kinh điển của những người pr,,0,,0.00
pr,câu nói để pr chất,,0,,0.00
pr,câu pr bạn bè trên facebook,,0,,0.00
pr,câu truyện pr sản phẩm hay,,0,,0.00
pr,còi to cho vượt pr,,0,,0.00
pr,có bao nhiêu loại hình pr,,0,,0.00
pr,có nên học pr litado,,0,,0.00
pr,có nên mua macbook pr 2015,,0,,0.00
pr,có nên pr ở wikidch,,0,,0.00
pr,có pr bao lâu thì được quốc tịch úc,,0,,0.00
pr,có rối loạn dẫn truyền nhĩ thất pr kéo dài,,0,,0.00
pr,có thể pr cho sản phẩm qua kênh nào,,0,,0.00
pr,có được bán bài pr doanh nghiệp không,,0,,0.00
pr,cô ba sài gòn pr,,0,,0.00
pr,côgn ty tài chính tuyển dụng pr,,0,,0.00
pr,côgn ty tài chính tuyển dụng pr manager,,0,,0.00
pr,công chúng của pr nội bộ,,0,,0.00
pr,công chúng pr,,0,,0.00
pr,công chúng quảng cáo advertising pr,,0,,0.00
pr,công chúng truyền thông pr,,0,,0.00
pr,công cụ chỉnh sửa video pr,,0,,0.00
pr,công cụ làm pr,,0,,0.00
pr,công cụ pr gồm,,0,,0.00
pr,công cụ pr nào hiệu quả nhất,,0,,0.00
pr,công cụ số liệu bài pr,,0,,0.00
pr,công cụ đo lường pr,,0,,0.00
pr,công thư c adn arn pr,,0,,0.00
pr,công thức báo cáo hieu qua pr,,0,,0.00
pr,công thức báo cáo hieu qua truyen thong pr,,0,,0.00
pr,công thức chế tạo trong minecraft pr,,0,,0.00
pr,công thức hóa học pr,,0,,0.00
pr,công thức tính diện tích tam giác pr,,0,,0.00
pr,công thức viết pr,,0,,0.00
pr,công thức viết pr tuhoccontent,,0,,0.00
pr,công ty bkav đã dùng cách pr gì,,0,,0.00
pr,công ty booking bài pr,,0,,0.00
pr,công ty cao su pr,,0,,0.00
pr,công ty cao su pr miền đông nam bộ,,0,,0.00
pr,công ty cao su pr omix,,0,,0.00
pr,công ty cho pr,,0,,0.00
pr,công ty chuyên pr,,0,,0.00
pr,công ty cung cấp dịch vụ pr,,0,,0.00
pr,công ty cuộc sống tươi đẹp tuyển nhân viên pr,,0,,0.00
pr,công ty công nghệ pr toàn cầu,,0,,0.00
pr,công ty cổ phần quà tặng pr,,0,,0.00
pr,công ty dược tuyển dụng pr,,0,,0.00
pr,công ty golden event pr,,0,,0.00
pr,công ty golden gate tuyển dụng pr supervisor,,0,,0.00
pr,công ty golden pr,,0,,0.00
pr,công ty golden pr and event,,0,,0.00
pr,công ty luật xử lý pr crisis,,0,,0.00
pr,công ty pr chuyên nghiê p,,0,,0.00
pr,công ty pr communication agency,,0,,0.00
pr,công ty pr edelman vietnam,,0,,0.00
pr,công ty pr event,,0,,0.00
pr,công ty pr foodland vietnam co ltd,,0,,0.00
pr,công ty pr hà nội,,0,,0.00
pr,công ty pr land,,0,,0.00
pr,công ty pr logistics,,0,,0.00
pr,công ty pr là gì,,0,,0.00
pr,công ty pr marketing,,0,,0.00
pr,công ty pr mỹ phẩm,,0,,0.00
pr,công ty pr toàn cầu,,0,,0.00
pr,công ty pr tuyển booking,,0,,0.00
pr,công ty pr tại đà nẵng,,0,,0.00
pr,công ty pr ở việt nam,,0,,0.00
pr,công ty pro pr,,0,,0.00
pr,công ty quảng cáo pr tại tphcm,,0,,0.00
pr,công ty quảng cáo pr website,,0,,0.00
pr,công ty sơn tra pr tỉnh ninh thuận,,0,,0.00
pr,công ty sản xuất nhựa pr,,0,,0.00
pr,công ty thnhh quoc tế uni pr vn,,0,,0.00
pr,công ty tnhh kgc pr international,,0,,0.00
pr,công ty tnhh pr foodland,,0,,0.00
pr,công ty tuyển nhân viên pr tại đà nẵng,,0,,0.00
pr,công ty tư vấn pr,,0,,0.00
pr,công ty tổ chức sự kiện chuyên nghiệp pr viet,,0,,0.00
pr,công ty vấn pr,,0,,0.00
pr,công ty đa o ta o pr,,0,,0.00
pr,công tắc hành trình hi-pr-708a,,0,,0.00
pr,công việc cụ thể của pr,,0,,0.00
pr,công việc của pr tại trường quay,,0,,0.00
pr,công việc của vị trí pr,,0,,0.00
pr,công việc hàng ngày của pr,,0,,0.00
pr,công việc nhân viên pr tại trường quay,,0,,0.00
pr,công việc pr event,,0,,0.00
pr,công việc pr executive,,0,,0.00
pr,công việc pr guest relation,,0,,0.00
pr,công việc pr guest relation bộ phận sales marketing,,0,,0.00
pr,công việc pr quán bar,,0,,0.00
pr,công việc pr sản phẩm,,0,,0.00
pr,công việc pr xe,,0,,0.00
pr,că t video bă ng pr,,0,,0.00
pr,căn chỉnh màn hình pr,,0,,0.00
pr,cơ cấu tổ chức của pr agency tại việt nam,,0,,0.00
pr,cơ hội và thách thức của người pr,,0,,0.00
pr,cơ pr cứ giật liên tục,,0,,0.00
pr,cơ quan tố tụng hình sự pr mỹ,,0,,0.00
pr,cơ sở lý thuyết về bài pr của kols,,0,,0.00
pr,cạch tang pr giratina poke dai choen,,0,,0.00
pr,cảm biến tiệm cận autonics pr series,,0,,0.00
pr,cảm biến vị trí pr 750,,0,,0.00
pr,cảm nghũ về nghành pr,,0,,0.00
pr,cấp pr facebook hay,,0,,0.00
pr,cấp pr hay,,0,,0.00
pr,cấp thẻ pr là gì,,0,,0.00
pr,cấp thẻ pr là gì tây ban nha,,0,,0.00
pr,cấu hình adobe pr,,0,,0.00
pr,cấu hình chạy phân mèm pr,,0,,0.00
pr,cấu hình cần thiết cho pr cc,,0,,0.00
pr,cấu hình dùng ps ae ai an pr au,,0,,0.00
pr,cấu hình pr,,0,,0.00
pr,cấu hình squence trong pr 2017,,0,,0.00
pr,cấu trúc của một bài pr,,0,,0.00
pr,cần người viết bài pr,,0,,0.00
pr,cần tìm người viết bài pr,,0,,0.00
pr,cập pr cho bạn bè trên facebook,,0,,0.00
pr,cập pr hay cho bạn bè trên facebook,,0,,0.00
pr,cắt video bằng adobe pr cs4,,0,,0.00
pr,cắt video trong adobe pr,,0,,0.00
pr,cắt video trong pr adobe,,0,,0.00
pr,cổng pr,,0,,0.00
pr,cộng cụ pr hiệu quả cho doanh nghiệp nhỏ,,0,,0.00
pr,cộng đồng pr,,0,,0.00
pr,cộng đồng pr vn,,0,,0.00
pr,cứu sáng video với pr,,0,,0.00
pr,d bridal pr,,0,,0.00
pr,dac diem của pr,,0,,0.00
pr,daco pr,,0,,0.00
pr,dai hoc van lang khoa pr,,0,,0.00
pr,dai phuc group tuyen chuyen vien pr,,0,,0.00
pr,dai phuc tuyen dung pr,,0,,0.00
pr,dallas pr,,0,,0.00
pr,dallas pr firms,,0,,0.00
pr,dallman pr 1977 hematocrit,,0,,0.00
pr,dallman pr 1977 hemoglobin,,0,,0.00
pr,damode beauty pr,,0,,0.00
pr,dang pr cho dịch vụ,,0,,0.00
pr,danghao.pr,,0,,0.00
pr,danh gia keo 3m pr 100,,0,,0.00
pr,danh mục khế ước trong phần mềm smart pr,,0,,0.00
pr,danh sách agency pr,,0,,0.00
pr,danh sách các diễn đàn có pr cao,,0,,0.00
pr,danh sách các mạng xã hội pr cao,,0,,0.00
pr,danh sách diễn đàn pr cao,,0,,0.00
pr,danh sách website có pr 9,,0,,0.00
pr,dani pr twitter,,0,,0.00
pr,dankook university pr,,0,,0.00
pr,dantri pr online báo giá,,0,,0.00
pr,dark pr examples,,0,,0.00
pr,dark souls 2 save pr,,0,,0.00
pr,data insight pr,,0,,0.00
pr,data pr 5714,,0,,0.00
pr,data science pr australia,,0,,0.00
pr,data sheet pr 5714,,0,,0.00
pr,dautubatdongsan báo giá pr,,0,,0.00
pr,dautubatdongsan.com báo giá pr,,0,,0.00
pr,david cameron là dân pr trước khi làm thủ tướng,,0,,0.00
pr,day to night pr,,0,,0.00
pr,daán tem trùm pr brand,,0,,0.00
pr,dc comics pr themes for windows 10,,0,,0.00
pr,dc.pr.b,,0,,0.00
pr,dca pr,,0,,0.00
pr,dco banner video pr headline sign up box kv,,0,,0.00
pr,dddieeejm thoại samsung j7 pr,,0,,0.00
pr,de cuong môn học quảng cáo và pr,,0,,0.00
pr,de cuong quảng cáo và pr mô tả môn học,,0,,0.00
pr,de cuong quảng cáo và pr pdf,,0,,0.00
pr,de dong co sf-pr,,0,,0.00
pr,de nghi mua hang pr,,0,,0.00
pr,de thi trac nghiem pr,,0,,0.00
pr,deadpool 2 pr budget,,0,,0.00
pr,declaration of principles pr,,0,,0.00
pr,define public from pr ưay,,0,,0.00
pr,definition of pr marketing,,0,,0.00
pr,degree evaluation for canada pr,,0,,0.00
pr,delete logo video in pr,,0,,0.00
pr,delete row by batch pr,,0,,0.00
pr,deline pr sap,,0,,0.00
pr,dell pr 490,,0,,0.00
pr,delphi trong pr là gì,,0,,0.00
pr,delta pr mm aq m là gì,,0,,0.00
pr,deluxeads pr llc,,0,,0.00
pr,demand pr,,0,,0.00
pr,demo bai pr tren ione.net,,0,,0.00
pr,demo baif pr ione.net,,0,,0.00
pr,demo bài pr báo vne,,0,,0.00
pr,demo các vị trí bài pr trên vnexpress,,0,,0.00
pr,demo pr article,,0,,0.00
pr,demo vij tris bai pr ione,,0,,0.00
pr,dental insurance pr,,0,,0.00
pr,dental marketing and pr,,0,,0.00
pr,dental pr,,0,,0.00
pr,denver cannabis pr firm,,0,,0.00
pr,denver colorado pr firm,,0,,0.00
pr,denver pr,,0,,0.00
pr,denver pr agencies or agency,,0,,0.00
pr,denver pr blog,,0,,0.00
pr,denver pr company,,0,,0.00
pr,denver pr services,,0,,0.00
pr,department of pr,,0,,0.00
pr,dependent got rejected in pr canada,,0,,0.00
pr,depilacion laser pr,,0,,0.00
pr,der termin ist ganz nah mit der pr fungsyeit,,0,,0.00
pr,derive storage location from pr for fund management,,0,,0.00
pr,des moines pr,,0,,0.00
pr,desmanche de colheitadeiras no pr,,0,,0.00
pr,destination pr,,0,,0.00
pr,detran cnh pr,,0,,0.00
pr,detran pr agendamento renovação cnh,,0,,0.00
pr,detran pr cnh,,0,,0.00
pr,detran pr consulta cnh,,0,,0.00
pr,detran pr exames,,0,,0.00
pr,detran pr renovação,,0,,0.00
pr,detran pr renovação cnh valor taxa,,0,,0.00
pr,detran pr simulado,,0,,0.00
pr,detran pr taxas,,0,,0.00
pr,deutsch ostasien kaiserreich pr,,0,,0.00
pr,devil pr,,0,,0.00
pr,devilbiss sgk 600 pr,,0,,0.00
pr,dfdawjt lại j2 pr,,0,,0.00
pr,dfl61 harmattan-40.2012.21-3.468.1-pr-legacy-468,,0,,0.00
pr,dfl61_harmattan_40.2012.21-3.454.6_pr_legacy_454_arm_rm-696,,0,,0.00
pr,dfl61_harmattan_40.2012.21-3.454.6_pr_legacy_454_arm_rm-696_prd,,0,,0.00
pr,dfl61_harmattan_40.2012.21-3.454.6_pr_legacy_454_arm_rm-696_prd_signed.bin,,0,,0.00
pr,dfl61_harmattan_40.2012.21-3.468.1_pr_legacy_468,,0,,0.00
pr,dia chi sn-pr,,0,,0.00
pr,dialogue pr,,0,,0.00
pr,dich chữ pr là gì,,0,,0.00
pr,dich vu viet bai pr,,0,,0.32
pr,dich vu xin pr tai singapore,,0,,0.00
pr,die pr berater,,0,,0.00
pr,dien dan rao vat pr cao,,0,,0.00
pr,dien dan seo pr cao,,0,,0.00
pr,dien thoai samsung j7 pr,,0,,0.00
pr,dietitian pr in australia,,0,,0.00
pr,dieu chinh toc do trong pr cc,,0,,0.00
pr,dieu kien de co pr canada,,0,,0.00
pr,dieu kien de co pr singapore,,0,,0.00
pr,dieu kien từ pr len quoc tich uc,,0,,0.00
pr,dieễn đàn pr cao,,0,,0.00
pr,dieễn đàn rao vặt bất động sản pr cao,,0,,0.00
pr,dieễn đàn rao vặt pr cao,,0,,0.00
pr,difene pr,,0,,0.00
pr,difference between hr and pr,,0,,0.00
pr,difference between inhouse pr and pr agency,,0,,0.00
pr,difference between marketing communication and pr,,0,,0.00
pr,difference between online pr and traditional pr,,0,,0.00
pr,difference between pr and advertising and marketing,,0,,0.00
pr,difference pr and advertising,,0,,0.00
pr,diffusion pr,,0,,0.00
pr,digital & pr agency in delhi,,0,,0.00
pr,digital & pr agency in pune,,0,,0.00
pr,digital & pr executive,,0,,0.00
pr,digital and pr,,0,,0.00
pr,digital and pr therapy,,0,,0.00
pr,digital inverter air con pr campaign,,0,,0.00
pr,digital marketing and pr agency,,0,,0.00
pr,digital marketing pr agency,,0,,0.00
pr,digital media pr agency,,0,,0.00
pr,digital media pr firm,,0,,0.00
pr,digital media pr việt nam,,0,,0.00
pr,digital monitoring pr,,0,,0.00
pr,digital pr activities,,0,,0.00
pr,digital pr agency,,0,,0.00
pr,digital pr agency birmingham,,0,,0.00
pr,digital pr agency carlisle,,0,,0.00
pr,digital pr agency cheshire,,0,,0.00
pr,digital pr agency chester,,0,,0.00
pr,digital pr agency dubai,,0,,0.00
pr,digital pr agency in birmingham,,0,,0.00
pr,digital pr agency in delhi ncr,,0,,0.00
pr,digital pr agency in london,,0,,0.00
pr,digital pr agency india,,0,,0.00
pr,digital pr agency italy,,0,,0.00
pr,digital pr agency london,,0,,0.00
pr,digital pr agency milano,,0,,0.00
pr,digital pr agency nottingham,,0,,0.00
pr,digital pr agency nyc,,0,,0.00
pr,digital pr agency san diego,,0,,0.00
pr,digital pr agency sydney,,0,,0.00
pr,digital pr agency uk,,0,,0.00
pr,digital pr ajansı,,0,,0.00
pr,digital pr and seo,,0,,0.00
pr,digital pr book,,0,,0.00
pr,digital pr brighton,,0,,0.00
pr,digital pr campaigns,,0,,0.00
pr,digital pr case studies,,0,,0.00
pr,digital pr cheshire,,0,,0.00
pr,digital pr company london,,0,,0.00
pr,digital pr company san diego,,0,,0.00
pr,digital pr consigli,,0,,0.00
pr,digital pr consultant,,0,,0.00
pr,digital pr corso,,0,,0.00
pr,digital pr cosa fa,,0,,0.00
pr,digital pr cumbria,,0,,0.00
pr,digital pr ecommerce,,0,,0.00
pr,digital pr examples,,0,,0.00
pr,digital pr expert,,0,,0.00
pr,digital pr firm,,0,,0.00
pr,digital pr firms los angeles,,0,,0.00
pr,digital pr freelancers,,0,,0.00
pr,digital pr hertfordshire,,0,,0.00
pr,digital pr india,,0,,0.00
pr,digital pr leicester,,0,,0.00
pr,digital pr london,,0,,0.00
pr,digital pr manchester,,0,,0.00
pr,digital pr meaning,,0,,0.00
pr,digital pr milano,,0,,0.00
pr,digital pr milano lavoro,,0,,0.00
pr,digital pr milano stage,,0,,0.00
pr,digital pr nottingham,,0,,0.00
pr,digital pr podcast,,0,,0.00
pr,digital pr pro milano,,0,,0.00
pr,digital pr richmond va,,0,,0.00
pr,digital pr san diego,,0,,0.00
pr,digital pr services,,0,,0.00
pr,digital pr services cumbria,,0,,0.00
pr,digital pr services london,,0,,0.00
pr,digital pr services san diego,,0,,0.00
pr,digital pr specialist,,0,,0.00
pr,digital pr strategy,,0,,0.50
pr,digital pr strategy carlisle,,0,,0.00
pr,digital pr stunts,,0,,0.00
pr,digital pr theme,,0,,0.00
pr,digital pr theme pptx,,0,,0.00
pr,digital pr tools,,0,,0.14
pr,digital pr training,,0,,0.00
pr,digital pr usa,,0,,0.00
pr,digital process meter cs1-pr-a1-8-n-adh,,0,,0.00
pr,digital và pr,,0,,0.00
pr,dijital pazarlama ve pr,,0,,0.00
pr,dijital pr,,0,,0.00
pr,dijital pr ajansları,,0,,0.00
pr,dili pr,,0,,0.00
pr,dinh cu dao edward lai ko co pr,,0,,0.00
pr,dinh cu pr,,0,,0.00
pr,dinh gia tai san cong ty pr,,0,,0.00
pr,dinh vi pr,,0,,0.00
pr,dinhtienminh pr,,0,,0.00
pr,director of pr là gì,,0,,0.00
pr,disgn pr,,0,,0.00
pr,dish pr,,0,,0.00
pr,disruptive pr,,0,,0.00
pr,distribuidora de alimentos pr,,0,,0.00
pr,dittoe pr,,0,,0.00
pr,divorce after getting pr in australia,,0,,0.00
pr,diểu chỉnh ảnh trong pr,,0,,0.00
pr,diễn viên pr bẩn,,0,,0.00
pr,diễn viên pr thương hiệu,,0,,0.00
pr,diễn văn bài phát biểu là gì trong pr,,0,,0.00
pr,diễn văn bài phát biểu trong pr,,0,,0.00
pr,diễn đàn có pr cao,,0,,0.00
pr,diễn đàn pr cao,,0,,0.00
pr,diễn đàn pr cao dofollow,,0,,0.00
pr,diễn đàn rao vặt pr cao,,0,,0.00
pr,diễn đàn seo pr 6,,0,,0.00
pr,diễn đàn seo pr cao,,0,,0.00
pr,diễn đàn việt nam pr cao,,0,,0.00
pr,dji mavic 2 pr,,0,,0.00
pr,dkc pr,,0,,0.00
pr,dlink 823 pr,,0,,0.00
pr,do dai binh thuong cua pr,,0,,0.00
pr,do you think pr & seo,,0,,0.00
pr,do your own pr,,0,,0.00
pr,doan thuy an pr,,0,,0.00
pr,doanh nghiệp làm pr ntn,,0,,0.00
pr,doanh nghiệp pr,,0,,0.00
pr,doanh nghiệp pr trên website và facebook,,0,,0.00
pr,dock sạc macbook pr,,0,,0.00
pr,documents for pr canada,,0,,0.00
pr,documents for pr canada family information form,,0,,0.00
pr,documents needed for australian pr,,0,,0.00
pr,documents required for australian pr,,0,,0.00
pr,does australia offer pr card,,0,,0.00
pr,does pr make you a canadian student,,0,,0.00
pr,does pr pay federal taxes,,0,,0.00
pr,does pumpkin have pr,,0,,0.00
pr,doing phd can get pr canada,,0,,0.00
pr,dolby atmos của iphone 11 pr,,0,,0.00
pr,dominic mccarthy pr,,0,,0.00
pr,don vi tính pr la gi,,0,,0.00
pr,donac.net pr nội bộ,,0,,0.00
pr,donald trump pr lee hien loong,,0,,0.00
pr,donation pr prorate pr,,0,,0.00
pr,donation singapore prorate pr,,0,,0.00
pr,dong bo am thanh pr,,0,,0.00
pr,dong ho thuy sy pr 200 200m 660ft autoquartz,,0,,0.00
pr,dont listen to pr experience yourself,,0,,0.00
pr,doownload pr,,0,,0.00
pr,doral bank pr,,0,,0.00
pr,dorot 30-pr ul,,0,,0.00
pr,dot pr,,0,,0.00
pr,dotstp pr,,0,,0.00
pr,dotstp pr dùng acai cocktail chỉ 60 2,,0,,0.00
pr,double file in pr,,0,,0.00
pr,dowload active anvast pr,,0,,0.00
pr,dowload adobe pr cc 2018,,0,,0.00
pr,dowload elementor pr,,0,,0.00
pr,dowload game pr,,0,,0.00
pr,dowload phần mềm pr,,0,,0.00
pr,dowload pr software,,0,,0.00
pr,down adobe pr 2017 trên cloud,,0,,0.00
pr,download adobe pr crack,,0,,0.00
pr,download adobe pr cs6,,0,,0.00
pr,download game pr,,0,,0.00
pr,download ida pr o6.8 full,,0,,0.00
pr,download phần mềm pr 2018,,0,,0.00
pr,download pr 2015,,0,,0.00
pr,download pr 2017,,0,,0.00
pr,download pr 2018 full crack vinh vien,,0,,0.00
pr,download pr 32 bit,,0,,0.00
pr,download pr adobe,,0,,0.00
pr,download pr adole cho osx,,0,,0.00
pr,download pr and ae cs6,,0,,0.00
pr,download pr cc 201 full crack,,0,,0.00
pr,download pr cc 2014 full crack,,0,,0.00
pr,download pr cc 2017 full crack vinh vien,,0,,0.00
pr,download pr cc 20178 full crack vinh vien,,0,,0.00
pr,download pr cho osx,,0,,0.00
pr,download pr cs6,,0,,0.00
pr,download pr cs6 full crack fshare,,0,,0.00
pr,download pr pc,,0,,0.00
pr,download slide hồ khánh ngọc bich tiến trình pr,,0,,0.00
pr,download ssexy beach pr mod,,0,,0.00
pr,download step sequencer scripts for launchpad pr,,0,,0.00
pr,download studio pr,,0,,0.00
pr,download sách nghệ thuật pr bản thân,,0,,0.00
pr,download sách pr lý luận và ứng dụng,,0,,0.00
pr,download typingmaster pr,,0,,0.00
pr,doưn pr,,0,,0.00
pr,dr weight loss center pr,,0,,0.00
pr,draw an isosceles triangle pqr in which pq pr 6cm,,0,,0.00
pr,draw pr curve python,,0,,0.00
pr,dream pr,,0,,0.00
pr,drink pr,,0,,0.00
pr,drinks pr agency,,0,,0.00
pr,drinks pr agency uk,,0,,0.00
pr,drinks pr companies,,0,,0.00
pr,drinks pr london,,0,,0.00
pr,driver hp pr m402d 64bit,,0,,0.00
pr,driver may in hibo pr,,0,,0.00
pr,driving trong pr là gì,,0,,0.00
pr,dstore redmi k20 pr,,0,,0.00
pr,dt swiss pr 1400 dicut 32 oxic,,0,,0.00
pr,dt swiss pr 1600 dicut 21,,0,,0.00
pr,dt xiaomi k20 pr,,0,,0.00
pr,du học sing cấp pr,,0,,0.00
pr,dua file mov vao pr bi doi thanh audio,,0,,0.00
pr,dual cpu render in pr,,0,,0.00
pr,dual-process theories in social psychology new york ny guilford pr,,0,,0.00
pr,duet pr,,0,,0.00
pr,dui and canada pr,,0,,0.00
pr,duoc phana tuyển nhân viên pr,,0,,0.00
pr,duong thuan quy ceo of bizeye top pr company,,0,,0.00
pr,duplicate a frame in pr,,0,,0.00
pr,durek pr,,0,,0.00
pr,durrex pr,,0,,0.00
pr,duschdas dusche dp pr frisch,,0,,0.00
pr,dushman word pr shyari in hindi,,0,,0.00
pr,duyen pr cho vay vpbank tư vấn xong bụp lun,,0,,0.00
pr,duyên làm phu quân pr,,0,,0.00
pr,duyệt pr là gì,,0,,0.00
pr,dwl music pr & management,,0,,0.00
pr,dx pr,,0,,0.00
pr,dx pr dino charge,,0,,0.00
pr,dx pr megaforce,,0,,0.00
pr,dx pr mystic force,,0,,0.00
pr,dx pr shinkenger,,0,,0.00
pr,dx pr wild force buy,,0,,0.00
pr,dx1ae pr,,0,,0.00
pr,dynamic duo pr,,0,,0.00
pr,dàn panasonic pr-300se,,0,,0.00
pr,dàn ý một bài pr,,0,,0.00
pr,dán tem trùm pr brand,,0,,0.00
pr,dân vận và pr khác nhau thế nào,,0,,0.00
pr,dùng ae vs pr cái nào hơn,,0,,0.00
pr,dùng khách hàng để pr,,0,,0.00
pr,dùng lut màu pr,,0,,0.00
pr,dùng nội dung giải trí pr thương hiệu,,0,,0.00
pr,dùng phần mêm pr cho photoshop,,0,,0.00
pr,dùng pr để giải quyết scadal,,0,,0.00
pr,dùng slip tool trong pr,,0,,0.00
pr,dđi làm pr,,0,,0.00
pr,dđiện thoại redmi pr,,0,,0.00
pr,dđiện tâm đồ đoạn pr,,0,,0.00
pr,dđo lường mục tiêu smart trong pr,,0,,0.00
pr,dđá banh có pr,,0,,0.00
pr,dđèn bàn protex pr-011,,0,,0.00
pr,dđèn rọi pr 01,,0,,0.00
pr,dđèn rọi pr 01 7w,,0,,0.00
pr,dđèn âm trần rọi pr 01,,0,,0.00
pr,dđóng góp cho chương trình pr vinamilk,,0,,0.00
pr,dđơn pr,,0,,0.00
pr,dđơn vị tính pr,,0,,0.00
pr,dđại diện pr của công ty,,0,,0.00
pr,dđại học văn lang chuyên ngành pr,,0,,0.00
pr,dđặc sản cảu chư pr ông gia lai,,0,,0.00
pr,dđặt bài viết pr,,0,,0.00
pr,dđề thi pr quan hệ công chúng vhu,,0,,0.00
pr,dđể trở thành một pr chuyên nghiệp,,0,,0.00
pr,dđể viết tốt 1 bài pr,,0,,0.00
pr,dđịnh cư đảo síp lấy pr,,0,,0.00
pr,dđịnh nghĩa bài pr,,0,,0.00
pr,dđịnh nghĩa pr,,0,,0.00
pr,dđồng bộ âm thanh bằng pr,,0,,0.00
pr,dđồng hồ pr,,0,,0.00
pr,dđổ màu chữ pr,,0,,0.00
pr,dđổi phím tắt trên pr giống vegas,,0,,0.00
pr,dđộ di động tinh trùng pr là gì,,0,,0.00
pr,dơn oad studio pr,,0,,0.00
pr,dịch chuyển hoạt động pr theo mô hình inbound,,0,,0.00
pr,dịch viết bài pr chuẩn seo,,0,,0.00
pr,dịch vụ làm pr úc,,0,,0.00
pr,dịch vụ pr facebook,,0,,0.00
pr,dịch vụ pr hot facebook,,0,,0.00
pr,dịch vụ pr là gì,,0,,0.00
pr,dịch vụ viết bài pr chuyên nghiệp,,0,,0.00
pr,dịch vụ viết bài pr chuẩn seo,,0,,0.00
pr,dịch vụ viết pr toplist,,0,,0.00
pr,dọn rác trong pr và ae,,0,,0.00
pr,dộ dài một bài pr,,0,,0.00
pr,dự an về pr đối ngoại,,0,,0.00
pr,dự đoán coritiba pr,,0,,0.00
pr,dự đoán khủng hoang trỏbg pr,,0,,0.00
pr,dự đoán tương lai trong xây dựng kế hoạch pr,,0,,0.00
pr,dựng video pr,,0,,0.00
pr,dựng video pr doanh nghiệp,,0,,0.00
pr,e học pr mà e không dám nói,,0,,0.00
pr,e phab 2 pr,,0,,0.00
pr,e vcruntime140.dll was not found pr,,0,,0.00
pr,e-commerce kommunikation pr spezialist,,0,,0.00
pr,ear wax removal aguadilla pr,,0,,0.00
pr,earthquake center pr,,0,,0.00
pr,easiest country to get pr for indian,,0,,0.00
pr,east island pr,,0,,0.00
pr,eays to.make soup better without milk.pr cream,,0,,0.00
pr,ebook nghệ thuật pr bản thân,,0,,0.00
pr,ebook nghệ thuật pr bản thân pdf,,0,,0.00
pr,echo pr,,0,,0.33
pr,ecolab pr,,0,,0.00
pr,ecommerce pr,,0,,0.00
pr,ecommerce pr agency,,0,,0.00
pr,edelman pr nyc,,0,,0.00
pr,edelman pr salary,,0,,0.00
pr,edge pr,,0,,0.00
pr,edge pr running adidas,,0,,0.00
pr,edit directory file in pr github online,,0,,0.00
pr,edit file in pr github online,,0,,0.00
pr,edtech pr,,0,,0.00
pr,education crisis pr,,0,,0.00
pr,education evaluation canada pr,,0,,0.00
pr,education pr agency,,0,,0.00
pr,education pr agency australia,,0,,0.00
pr,education pr agency sydney,,0,,0.00
pr,education pr campaign,,0,,0.00
pr,education pr firms,,0,,0.00
pr,education pr services,,0,,0.00
pr,edward bernays father of pr,,0,,0.00
pr,edward bernays nhà tiên phong của ngành pr kỳ 1,,0,,0.00
pr,edward bernays nhà tiên phong của ngành pr kỳ 2,,0,,0.00
pr,ee pr canada,,0,,0.00
pr,eea pr,,0,,0.00
pr,effect chuyển cảnh trong pr,,0,,0.00
pr,effect giấc mơ trong pr,,0,,0.00
pr,effect text pr,,0,,0.00
pr,effect translation pr,,0,,0.00
pr,effect trái tim bay trong pr,,0,,0.00
pr,ejerudgift pr måned,,0,,0.00
pr,el pris pr kwh,,0,,0.00
pr,electrical engineering pr,,0,,0.00
pr,electrical pr,,0,,0.00
pr,electronica loteria pr,,0,,0.00
pr,electronics pr agency,,0,,0.00
pr,elektriker pris pr time,,0,,0.00
pr,elemtor pr,,0,,0.00
pr,elevate pr,,0,,0.00
pr,elf pr,,0,,0.00
pr,eligiability for pr in canada,,0,,0.00
pr,eligibility of citizenship in australia for pr holders,,0,,0.00
pr,elite pr school target audience,,0,,0.00
pr,elite pr school university,,0,,0.00
pr,elza forte pr,,0,,0.00
pr,em chưa 18 nham nhi pr,,0,,0.00
pr,em pr bia sai gon,,0,,0.00
pr,em đi resort hay đi pr bản thân,,0,,0.00
pr,email pr & marketing ecopark,,0,,0.00
pr,email pr 8 3,,0,,0.00
pr,email tracking pr,,0,,0.00
pr,emater pr,,0,,0.00
pr,emea pr,,0,,0.00
pr,emerita rosaly 58 dorado pr,,0,,0.00
pr,emmy pr c++,,0,,0.00
pr,employee engagement pr firm,,0,,0.00
pr,empower pr,,0,,0.00
pr,empregos curitiba pr,,0,,0.00
pr,empregos londrina pr,,0,,0.00
pr,empresas em palmeira pr,,0,,0.00
pr,en iyi pr ajansları,,0,,0.00
pr,enable pr status sleeping ivanti,,0,,0.00
pr,enable print dynaform pr,,0,,0.00
pr,endgame duoc pr qua muc,,0,,0.00
pr,energy pr,,0,,0.00
pr,energy pr agency,,0,,0.00
pr,eng pr frees candle lace des,,0,,0.00
pr,engage pr,,0,,0.00
pr,engine pr,,0,,0.00
pr,engineering pr,,0,,0.00
pr,english cambridge exams images and pr marketing,,0,,0.00
pr,english cambridge exams images and pr marketing starters movers flyers,,0,,0.00
pr,english for pr pdf free download,,0,,0.00
pr,enhance pr effectiveness,,0,,0.00
pr,enhance the pr effectiveness,,0,,0.00
pr,enterprise technology pr,,0,,0.00
pr,entertainment pr agencies,,0,,0.00
pr,entertainment pr agencies los angeles,,0,,0.00
pr,entertainment pr australia,,0,,0.00
pr,entertainment pr firms,,0,,0.00
pr,entertainment pr london,,0,,0.00
pr,environmental pr agency,,0,,0.00
pr,environmental pr campaigns,,0,,0.00
pr,eo pr so foc là gì,,0,,0.00
pr,eoab pr,,0,,0.00
pr,ep pr singapore,,0,,0.00
pr,equals pr in java,,0,,0.00
pr,equine pr london,,0,,0.00
pr,er pr her2 blood test,,0,,0.00
pr,er pr her2 ngs,,0,,0.00
pr,er pr her2 phân tích,,0,,0.00
pr,er pr mechanism,,0,,0.00
pr,erp pr qty,,0,,0.00
pr,erp what pr quantity,,0,,0.00
pr,erp 용어 pr,,0,,0.00
pr,erro pr,,0,,0.00
pr,error cannot uninstall six it is a distutils installed pr,,0,,0.00
pr,error encorder pr,,0,,0.00
pr,es 自己 pr,,0,,0.00
pr,escali pr 500,,0,,0.00
pr,escali pr-500 gymstore,,0,,0.00
pr,escali pr-500 taobao,,0,,0.00
pr,esg pr,,0,,0.00
pr,espn pr,,0,,0.00
pr,essai 1813 gr 01 pr seppic,,0,,0.00
pr,essential sound panel trong adobe pr 2015,,0,,0.00
pr,estações meteorológicas pr,,0,,0.00
pr,estofados wilson curitiba pr,,0,,0.00
pr,estrella beer launching pr articles,,0,,0.00
pr,estée lauder pc envy lustre ls-230 pr 3.5gm 12oz,,0,,0.00
pr,esxi cli view download pr,,0,,0.00
pr,ethic in pr,,0,,0.00
pr,ethical issues in pr,,0,,0.00
pr,event & pr icon,,0,,0.00
pr,event and pr kpi,,0,,0.00
pr,event is a part of pr,,0,,0.00
pr,event là 1 phần của pr,,0,,0.00
pr,event marketing khác với pr như thế nào,,0,,0.00
pr,event pr agency,,0,,0.00
pr,event pr agency in bangalore,,0,,0.00
pr,event pr and advertising,,0,,0.00
pr,event pr companies,,0,,0.00
pr,event sponsor pr,,0,,0.00
pr,event sponsorship có phải pr,,0,,0.00
pr,events and pr,,0,,0.00
pr,evergreen pr,,0,,0.00
pr,every step you take tvb pr,,0,,0.00
pr,everything pr,,0,,0.00
pr,evh pr,,0,,0.00
pr,evolotus pr,,0,,0.00
pr,evolution of pr,,0,,0.00
pr,evolution pr,,0,,0.00
pr,evolve pr,,0,,0.00
pr,ewad295tz-pr,,0,,0.00
pr,ex-sensor pr npt 6809798 draeger safety,,0,,0.00
pr,ex-sensor pr npt draeger safety,,0,,0.00
pr,exame pratico detran pr,,0,,0.00
pr,example about people do in pr major,,0,,0.00
pr,example about people do in pr mảo,,0,,0.00
pr,example of pr goals,,0,,0.00
pr,examples of great pr campaigns,,0,,0.00
pr,examples of key messages in pr,,0,,0.00
pr,excellent pr campaigns,,0,,0.00
pr,exclusive design pr,,0,,0.00
pr,executive pr programs and events,,0,,0.00
pr,executive profiling pr proposal,,0,,0.00
pr,executive summary pr cho trà xanh không độ,,0,,0.00
pr,expired passport and pr visa canada,,0,,0.00
pr,export color photoshop to pr,,0,,0.00
pr,export color to pr,,0,,0.00
pr,export project pr,,0,,0.00
pr,exposure là gì trong pr,,0,,0.00
pr,exposure pr,,0,,0.00
pr,express entry when do i receive pr,,0,,0.00
pr,express entry xin pr canada,,0,,0.00
pr,express pr,,0,,0.00
pr,expression of interest canada pr,,0,,0.00
pr,ext-mi-ex-nl-ams-pr-p-4.northghost là,,0,,0.00
pr,ext-mi-ex-nl-ams-pr-p-4.northghost là gì,,0,,0.00
pr,ext-mi-ex-nl-ams-pr-p-4.northghost.com,,0,,0.00
pr,extension pr application canada,,0,,0.00
pr,external branch in git pr,,0,,0.00
pr,exti pr,,0,,0.00
pr,exti pr có nghĩa là gì,,0,,0.00
pr,ezreak pr,,0,,0.00
pr,f&b pr las vegas,,0,,0.00
pr,facebook app pr ad,,0,,0.00
pr,facebook giải nghĩa từ pr,,0,,0.00
pr,facebook pr campaign,,0,,0.00
pr,facebook pr chiangrai,,0,,0.00
pr,facebook pr crisis,,0,,0.00
pr,facebook pr disaster,,0,,0.00
pr,facebook pr firm,,0,,0.00
pr,facebook pr luis gonçalves,,0,,0.00
pr,facebook pr manager,,0,,0.00
pr,facebook pr manager app,,0,,0.00
pr,facebook pr status,,0,,0.00
pr,faculdades de londrina pr,,0,,0.00
pr,faded sound pr,,0,,0.00
pr,fake pr,,0,,0.00
pr,fake pr checker,,0,,0.00
pr,family pr canada,,0,,0.00
pr,family pr in malaysia,,0,,0.00
pr,famous people who are successful in pr major,,0,,0.00
pr,famous person pr,,0,,0.00
pr,fang pr,,0,,0.00
pr,fanpage pr,,0,,0.00
pr,fanpgae pr,,0,,0.00
pr,farm pr,,0,,0.00
pr,farm sk mb ab to get pr,,0,,0.00
pr,farming pr agency,,0,,0.00
pr,fashion brand pr agency,,0,,0.00
pr,fashion pr agencies in delhi,,0,,0.00
pr,fashion pr agencies in sydney,,0,,0.00
pr,fashion pr agencies melbourne,,0,,0.00
pr,fashion pr agencies sydney,,0,,0.00
pr,fashion pr agency,,0,,0.00
pr,fashion pr agency australia,,0,,0.00
pr,fashion pr agency hong kong,,0,,0.00
pr,fashion pr agency london,,0,,0.00
pr,fashion pr agency miami,,0,,0.00
pr,fashion pr agency toronto,,0,,0.00
pr,fashion pr amsterdam,,0,,0.00
pr,fashion pr campaigns,,0,,0.00
pr,fashion pr case studies,,0,,0.00
pr,fashion pr companies,,0,,0.00
pr,fashion pr companies london,,0,,0.00
pr,fashion pr companies uk,,0,,0.00
pr,fashion pr firms,,0,,0.00
pr,fashion pr firms sydney,,0,,0.00
pr,fashion pr firms toronto,,0,,0.00
pr,fashion pr girl review,,0,,0.00
pr,fashion pr leeds,,0,,0.00
pr,fashion pr london,,0,,0.00
pr,fashion pr manchester,,0,,0.00
pr,fashion pr toronto,,0,,0.00
pr,fast pris pr lønseddel,,0,,0.00
pr,fe credit pr news,,0,,0.00
pr,fedex pr card canada,,0,,0.00
pr,fenton pr,,0,,0.00
pr,ferry from dr to pr,,0,,0.00
pr,fet hyfax pr-7003,,0,,0.00
pr,ff t pr movie,,0,,0.00
pr,fifth avenue pr,,0,,0.00
pr,file bi loi trong pr,,0,,0.00
pr,file crack pr 12.1.2,,0,,0.00
pr,file crack pr adobe,,0,,0.00
pr,file iso win 10 pr bito,,0,,0.00
pr,file sách pr lý luận và ứng dụng,,0,,0.00
pr,file thuoc pr 2017 cc,,0,,0.00
pr,filezilla pr,,0,,0.00
pr,fill link pr into ticket and the opposite,,0,,0.00
pr,film layout on pr,,0,,0.00
pr,film pr agencies,,0,,0.00
pr,film pr agencies london,,0,,0.00
pr,film pr freelancer,,0,,0.00
pr,film pr london,,0,,0.00
pr,film pr specialist la gi,,0,,0.00
pr,filmes pr,,0,,0.00
pr,fin pr,,0,,0.00
pr,final cut vs pr,,0,,0.00
pr,final fantasy pr-002 reddit,,0,,0.00
pr,final fantasy tactics pr movie,,0,,0.00
pr,finance pr content,,0,,0.00
pr,finance pr firms,,0,,0.00
pr,finance technology pr,,0,,0.00
pr,financial pr agency,,0,,0.00
pr,financial pr companies london,,0,,0.00
pr,financial pr firms california,,0,,0.00
pr,financial pr firms hong kong,,0,,0.00
pr,financial pr firms london,,0,,0.00
pr,financial pr firms new york,,0,,0.00
pr,financial pr firms nyc,,0,,0.00
pr,financial pr firms uk,,0,,0.00
pr,financial services pr,,0,,0.00
pr,financial services pr agencies boston,,0,,0.00
pr,financial services pr agency boston,,0,,0.00
pr,financial services pr firms boston,,0,,0.00
pr,financial systems pr,,0,,0.00
pr,financial technology pr,,0,,0.00
pr,find a pr agency,,0,,0.00
pr,finese pr,,0,,0.00
pr,finish pr,,0,,0.00
pr,fintech pr,,0,,0.00
pr,fintech pr agency,,0,,0.00
pr,fintech pr agency london,,0,,0.00
pr,fintech pr and marketing agency,,0,,0.00
pr,fintech pr companies,,0,,0.00
pr,fintech pr firms,,0,,0.00
pr,fir pr prim,,0,,0.00
pr,fir pr prim adidas,,0,,0.00
pr,fire force pr,,0,,0.00
pr,firma pr,,0,,0.00
pr,firmware nokia n9 40.2012.21-3.454.6_pr_legacy_454,,0,,0.00
pr,first bank online login pr,,0,,0.00
pr,first impression of pr,,0,,0.00
pr,first-timer sc/pr couple buying a bto,,0,,0.00
pr,fitness club in ponce pr,,0,,0.00
pr,fitness pr,,0,,0.00
pr,fitness pr agency,,0,,0.00
pr,fix adobe pr error not receiving font,,0,,0.00
pr,fix adobe pr not receiving font,,0,,0.00
pr,fix loỗi thiếu file pr 103368,,0,,0.00
pr,fix lỗi ban your pr behavior rule of survival,,0,,0.00
pr,flamengo atletico pr,,0,,0.00
pr,flamengo vs atletico pr,,0,,0.00
pr,flamengo x athletico pr,,0,,0.00
pr,flamengo x atletico pr ao vivo,,0,,0.00
pr,fletcher marketing pr,,0,,0.00
pr,flight pr 591,,0,,0.00
pr,flight pr 592,,0,,0.00
pr,flight pr 592 what plane,,0,,0.00
pr,fliser pr m2,,0,,0.00
pr,flislegging pris pr kvm,,0,,0.00
pr,flislegging pris pr m2,,0,,0.00
pr,flourish pr,,0,,0.00
pr,flowchart pr plan template,,0,,0.00
pr,flycam mavic 2 pr,,0,,0.00
pr,fm function module for pr,,0,,0.00
pr,fmcg pr,,0,,0.00
pr,fmcg pr agency,,0,,0.00
pr,fmnh pr 2100,,0,,0.00
pr,focus pr,,0,,0.00
pr,font-family a-otf gothic mb101 pr,,0,,0.00
pr,food & drink pr,,0,,0.00
pr,food & drink pr agency birmingham,,0,,0.00
pr,food & drink pr agency london,,0,,0.00
pr,food & drink pr birmingham,,0,,0.00
pr,food & drink pr london,,0,,0.00
pr,food and beverage pr,,0,,0.00
pr,food and beverage pr agencies london,,0,,0.00
pr,food and beverage pr agency,,0,,0.00
pr,food and beverage pr agency london,,0,,0.00
pr,food and beverage pr firms,,0,,0.00
pr,food and drink pr,,0,,0.00
pr,food and drink pr agencies london,,0,,0.00
pr,food and drink pr agency,,0,,0.00
pr,food and drink pr case studies,,0,,0.00
pr,food and drink pr companies,,0,,0.00
pr,food and drink pr companies london,,0,,0.00
pr,food and drink pr london,,0,,0.00
pr,food and restaurant pr and marketing,,0,,0.00
pr,food and restaurant pr companies,,0,,0.00
pr,food and wine pr,,0,,0.00
pr,food chain pr agency,,0,,0.00
pr,food delivery pr,,0,,0.00
pr,food for pr,,0,,0.00
pr,food pr agencies sydney,,0,,0.00
pr,food pr agency,,0,,0.00
pr,food pr agency australia,,0,,0.00
pr,food pr agency london,,0,,0.00
pr,food pr agency singapore,,0,,0.00
pr,food pr agency uk,,0,,0.00
pr,food pr and marketing,,0,,0.00
pr,food pr campaigns,,0,,0.00
pr,food pr companies,,0,,0.00
pr,food pr companies london,,0,,0.00
pr,food pr experts,,0,,0.00
pr,food pr firms,,0,,0.00
pr,food pr london,,0,,0.00
pr,food pr new york,,0,,0.00
pr,food pr specialist,,0,,0.00
pr,food pr uk,,0,,0.00
pr,foodservice pr,,0,,0.00
pr,format bài pr gửi báo chí,,0,,0.00
pr,format bài pr gửi báo chí times new roman,,0,,0.00
pr,format bài pr mớ,,0,,0.00
pr,format bài pr mới,,0,,0.00
pr,formulario 1040 pr 2019,,0,,0.00
pr,fortis pr,,0,,0.00
pr,fortune cookie pr birthday cake,,0,,0.00
pr,forum dofollow high pr,,0,,0.00
pr,forum rao vat pr cao,,0,,0.00
pr,fossil pr 5057,,0,,0.00
pr,fossil pr-6105,,0,,0.00
pr,fox pr,,0,,0.00
pr,foz do iguacu pr v ceara,,0,,0.00
pr,fpt tuyen dung pr,,0,,0.00
pr,fr-a840 pr 195,,0,,0.00
pr,fr-e720-0.75k-pr,,0,,0.00
pr,france tissot pr 100,,0,,0.00
pr,francesca simons pr,,0,,0.00
pr,franchise pr,,0,,0.00
pr,franck muller aeternitas tourbillon automatic power reserve 8888 t pr,,0,,0.00
pr,frank jefkins phá vỡ bí ẩn pr,,0,,0.00
pr,frank pr,,0,,0.00
pr,frank pr careers,,0,,0.00
pr,free beauty pr article psd templates,,0,,0.00
pr,free beauty pr article psdtemplates,,0,,0.00
pr,free beauty pr article templates,,0,,0.00
pr,free beauty pr instagram templates,,0,,0.00
pr,free corlor presets pr,,0,,0.00
pr,free feature pr,,0,,0.00
pr,free high pr backlinks,,0,,0.00
pr,free online pr,,0,,0.00
pr,free opener pr pro templates,,0,,0.00
pr,free pr for startups,,0,,0.00
pr,free pr monitoring tools,,0,,0.00
pr,free pr templates,,0,,0.00
pr,free pr tools,,0,,0.00
pr,free preset pr,,0,,0.00
pr,free template pr,,0,,0.00
pr,freelance corporate pr consultant london,,0,,0.00
pr,freelance pr consultant,,0,,0.00
pr,freelance pr consultant london,,0,,0.00
pr,freelance pr consultant near me,,0,,0.00
pr,freelance pr cost per hour,,0,,0.00
pr,freelance pr day rate,,0,,0.00
pr,freelance pr film,,0,,0.00
pr,freelance pr hourly rate,,0,,0.00
pr,freelance pr rates,,0,,0.00
pr,freelance tech pr nederland,,0,,0.00
pr,freelancer viết bài pr,,0,,0.00
pr,freifeldt pr,,0,,0.00
pr,from cyprus pr to pp,,0,,0.00
pr,fromsoftware_pr,,0,,0.00
pr,front chữ đẹp cho pr,,0,,0.00
pr,fshare vocal magic pr,,0,,0.00
pr,fsrealwx pr torrent,,0,,0.00
pr,fstech pr,,0,,0.00
pr,ft. lauderdale pr agency,,0,,0.00
pr,fujifilm instax mini 8 pr,,0,,0.00
pr,fujifilm instax pr,,0,,0.00
pr,full circle pr,,0,,0.00
pr,full color pr,,0,,0.00
pr,full picture pr,,0,,0.00
pr,full pr plan for brand,,0,,0.00
pr,full pr plan for brand template,,0,,0.00
pr,funny ram video ae pr and chorme video,,0,,0.00
pr,furniture stores carolina pr,,0,,0.00
pr,fusion pr,,0,,0.00
pr,fyringsolie pris pr liter,,0,,0.00
pr,fähigkeiten pr,,0,,0.00
pr,ga i go i pr bar tv đa nă ng,,0,,0.00
pr,gach-op-tuong-gia-go-prime-pr-1250,,0,,0.00
pr,gai goi pr,,0,,0.00
pr,gal pr,,0,,0.00
pr,galpoes em pr,,0,,0.00
pr,galpão para alugar em pr,,0,,0.00
pr,game hud.pr,,0,,0.00
pr,game hup pr,,0,,0.00
pr,game nông trại pr,,0,,0.00
pr,gamek pr nham voz,,0,,0.00
pr,gamestop pr,,0,,0.00
pr,gaming gear pr,,0,,0.00
pr,gate pr,,0,,0.00
pr,gay belami pr,,0,,0.00
pr,gckey account after receiving pr,,0,,0.00
pr,gckey account remain active after pr,,0,,0.00
pr,gdhh 131securedsearch.lavasoft.com pr vmn&id webcompa&ent hp_wcyid10440__180825,,0,,0.00
pr,genarts sapphire 10 crack pr,,0,,0.00
pr,gennemsnit arbejdstimer pr måned,,0,,0.00
pr,get canadian pr through marriage,,0,,0.00
pr,get pr australia with visa 462,,0,,0.00
pr,getting pr in sweden,,0,,0.00
pr,ghi âm bằng adobe pr,,0,,0.00
pr,ghtning pr-8900x,,0,,0.00
pr,ghép chữ trong adobe pr,,0,,0.00
pr,ghép nhạc vào video cho nhạc nhỏ hơn giọng pr,,0,,0.00
pr,gia i irn pr,,0,,0.00
pr,gia máy icom 710 pr,,0,,0.00
pr,gia tri 321.pr,,0,,0.00
pr,gia đăng ba i pr trên vnexpress,,0,,0.00
pr,giaa pr foody,,0,,0.00
pr,giai thưởng pr dành cho doanh nghiệp thương mại,,0,,0.00
pr,giam flicker trong pr 2017,,0,,0.00
pr,giamr am thanh trong pr,,0,,0.00
pr,giant pr 2 disc wheelset,,0,,0.00
pr,giao duc khi co pr malta,,0,,0.00
pr,gias cuar ddien thoai sam aung galaxy j7 pr,,0,,0.00
pr,gias xe pr,,0,,0.00
pr,giga dg31 pr,,0,,0.00
pr,gioan pr,,0,,0.00
pr,girl names that start with pr,,0,,0.00
pr,girl pr tv,,0,,0.00
pr,git pr command line,,0,,0.00
pr,git revert a merged pr,,0,,0.00
pr,github automated pr,,0,,0.00
pr,github can't create pr because it's too big,,0,,0.00
pr,github close issue with pr,,0,,0.00
pr,github pr 405 not allowed,,0,,0.00
pr,giày cầu lông promax pr 17088,,0,,0.00
pr,giày cầu lông promax pr-18018,,0,,0.00
pr,giày da công sở pr 15,,0,,0.00
pr,giày promax pr 17009,,0,,0.00
pr,giày đế kép promax pr 003 và pr bb20,,0,,0.00
pr,giá 1 bài pr thông thường,,0,,0.00
pr,giá 1 bài pr trên elle.vn,,0,,0.00
pr,giá 1 bài pr trên kenh 14,,0,,0.00
pr,giá book bài pr kenh14,,0,,0.00
pr,giá bài pr báo công thương online,,0,,0.00
pr,giá bài pr báo lecourrier,,0,,0.00
pr,giá bài pr báo lecourrier online,,0,,0.00
pr,giá bài pr forbes,,0,,0.00
pr,giá bài pr trên báo bưu điện,,0,,0.00
pr,giá bài pr trên báo đẹp plus điện tử,,0,,0.00
pr,giá bài pr trên depplus online,,0,,0.00
pr,giá bài pr trên docbao online,,0,,0.00
pr,giá bài pr trên dân trí,,0,,0.00
pr,giá bài pr trên sggp hoa van dien tử,,0,,0.00
pr,giá bài pr trên thời báo kinh tế,,0,,0.00
pr,giá bài pr trên thời sự vtv1,,0,,0.00
pr,giá bài pr trên trang infonet online,,0,,0.00
pr,giá bài pr trên vnexpress,,0,,0.00
pr,giá bài pr tạp chí tài chính,,0,,0.00
pr,giá bài quảng cáo pr baomoi.com,,0,,0.00
pr,giá bài quảng cáo pr basomoi.com,,0,,0.00
pr,giá bài quảng cáo pr new.zing.vn,,0,,0.00
pr,giá bài quảng cáo pr trên autobikes.vn,,0,,0.00
pr,giá bài quảng cáo pr trên tinxe.vn,,0,,0.00
pr,giá bài viêt pr trên diadiemanuong,,0,,0.00
pr,giá bài viết pr trên zing,,0,,0.00
pr,giá card pr opc-lm1-pr,,0,,0.00
pr,giá chạy bài pr trên vneconomy là bao nhiêu,,0,,0.00
pr,giá content pr,,0,,0.00
pr,giá cáp 5c-1.5 pr,,0,,0.00
pr,giá của một bài pr trung bình hiện nay,,0,,0.00
pr,giá của nhân viên pr,,0,,0.00
pr,giá dang bài pr báo mới,,0,,0.00
pr,giá main asus h270 pr,,0,,0.00
pr,giá pr của baomoi.vn,,0,,0.00
pr,giá pr của hanoimoi.com.vn,,0,,0.00
pr,giá pr của phunutoday,,0,,0.00
pr,giá pr của tinmoi.vn,,0,,0.00
pr,giá pr của tintuconline,,0,,0.00
pr,giá pr kenh14,,0,,0.00
pr,giá pr nhịp cầu đầu tư,,0,,0.00
pr,giá pr saigon time daily,,0,,0.00
pr,giá pr sản phẩm của hot face,,0,,0.00
pr,giá pr trên website,,0,,0.00
pr,giá pr vnexpress,,0,,0.00
pr,giá pr-50p,,0,,0.00
pr,giá tiền chạy pr booking,,0,,0.00
pr,giá trị pr của facebook,,0,,0.00
pr,giá đăng bài pr trên báo điện tử,,0,,0.00
pr,giá đăng bài pr trên các báo,,0,,0.00
pr,giá đăng bài pr vnexpress 2017,,0,,0.00
pr,giám đốc khối pr và marketing,,0,,0.00
pr,giám đốc khối pr và marketing groupm,,0,,0.00
pr,giám đốc pr chuỗi bbq chicken,,0,,0.00
pr,giáo trình sketchup pr,,0,,0.00
pr,giải nghĩa từ pr trên facebook,,0,,0.00
pr,giải pháp pr admicro,,0,,0.00
pr,giải quyết khủng hoảng trong pr,,0,,0.00
pr,giảm giá vietnamairlines pr,,0,,0.00
pr,giảm giật video adobe pr,,0,,0.00
pr,giảm nhỏ âm thanh từ từ trong pr,,0,,0.00
pr,giảm rung video adobe pr,,0,,0.00
pr,giầy adidas edge pr,,0,,0.00
pr,giọng daniel lại bị khàn trong pr video produce 2,,0,,0.00
pr,giới thiệu adobe pr,,0,,0.00
pr,giới thiệu nhân viên pr là gì,,0,,0.00
pr,giới thiệu sữa pr khuyến mãi,,0,,0.00
pr,giới thiệu sữa pr moi,,0,,0.00
pr,giới thiệu trà sữa pr,,0,,0.00
pr,giới thiệu trà sữa pr khuyến mãi,,0,,0.00
pr,glassrekkverk pris pr meter,,0,,0.00
pr,glitch effect pr download,,0,,0.00
pr,global b2b pr agency,,0,,0.00
pr,global health pr,,0,,0.00
pr,global health pr winter,,0,,0.00
pr,global pr agencies in chicago,,0,,0.00
pr,global pr and marketing,,0,,0.00
pr,global pr and marketing network,,0,,0.00
pr,global pr network,,0,,0.00
pr,global pr service,,0,,0.00
pr,global pr strategies,,0,,0.00
pr,global tech pr,,0,,0.00
pr,global tech pr agency,,0,,0.00
pr,glyceryl trinitrat pr,,0,,0.00
pr,gnre pr,,0,,0.00
pr,go ic mi ic pr ic thể hiện điều gì,,0,,0.00
pr,go toubun no hanayome pr twitter,,0,,0.00
pr,go viet pr như nào,,0,,0.00
pr,goal of pr plan,,0,,0.00
pr,goals pr articles,,0,,0.00
pr,godmode9 the latest fix in citra pr,,0,,0.00
pr,goioere pr,,0,,0.00
pr,goioerê pr,,0,,0.00
pr,gold coast pr,,0,,0.00
pr,golden event pr,,0,,0.00
pr,golden event pr vietnam,,0,,0.00
pr,golden pr event,,0,,0.00
pr,golden tuyển dụng pr,,0,,0.00
pr,good pr campaigns 2016,,0,,0.00
pr,good pr campaigns vietnam,,0,,0.00
pr,good pr companies,,0,,0.00
pr,good relations pr agency,,0,,0.00
pr,good skill of pr manager,,0,,0.00
pr,good tech pr,,0,,0.00
pr,google adwords pris pr klik,,0,,0.00
pr,google camera mi8 pr,,0,,0.00
pr,google dịch pr,,0,,0.00
pr,google pr rank,,0,,0.00
pr,google pr rank checker,,0,,0.00
pr,google pr rating,,0,,0.00
pr,goohttps www.mystart.com pr vmn&id auslog&v 6_0&ent auslog9935ddf,,0,,0.00
pr,gorgeous pr,,0,,0.00
pr,got pr through csq graduate site www.canadavisa.com,,0,,0.00
pr,got pr through peq graduate site www.canadavisa.com,,0,,0.00
pr,got pr through peq student graduate site www.canadavisa.com,,0,,0.00
pr,goviet pr như nào,,0,,0.00
pr,gp pr,,0,,0.00
pr,grab cần làm gì để pr,,0,,0.00
pr,grab malaysia pr singapore,,0,,0.00
pr,grade pr,,0,,0.00
pr,graduation paper pr,,0,,0.00
pr,grafiato e textura curitiba curitiba pr,,0,,0.00
pr,graphtec pr-7500 inkjet photo printer,,0,,0.00
pr,grassroots marketing and pr,,0,,0.00
pr,gravitas pr,,0,,0.00
pr,grayling pr,,0,,0.00
pr,greece pr can free travel in eu,,0,,0.00
pr,greece pr can free travel to how many countries,,0,,0.00
pr,green pr agency,,0,,0.00
pr,green purse pr,,0,,0.00
pr,greve professores pr,,0,,0.00
pr,group usa pr,,0,,0.00
pr,growth hacking pr,,0,,0.00
pr,grund pris pr m2,,0,,0.00
pr,grunig and hunt 4 models of pr,,0,,0.33
pr,græsslåning pris pr m2,,0,,0.00
pr,gsa pr emulator,,0,,0.00
pr,guaira pr,,0,,0.00
pr,guarani sp h londrina pr,,0,,0.00
pr,guarani sp h londrina pr soi keo,,0,,0.00
pr,guaynabo pr belongs to us,,0,,0.00
pr,guaynabo pr storage units near me,,0,,0.00
pr,guide pr products,,0,,0.00
pr,guide to pr pitching,,0,,0.00
pr,guider pr products,,0,,0.00
pr,gulvafslibning priser pr m2,,0,,0.00
pr,gulvvarme meter rør pr m2,,0,,0.00
pr,gustazos hoteles pr,,0,,0.00
pr,gustazos pr ofertas de hoteles,,0,,0.00
pr,gw-b5600hr-1 pr,,0,,0.00
pr,gym memberships in san juan pr,,0,,0.00
pr,gymnastics coach pr australia,,0,,0.00
pr,gái gọi pr,,0,,0.00
pr,gái pr là gì,,0,,0.00
pr,gái pr đi khách,,0,,0.00
pr,gía book pr kenh14,,0,,0.00
pr,gía dịch vụ viết bài pr,,0,,0.00
pr,góc khuất nghề pr bar,,0,,0.00
pr,gói bài pr cho seo,,0,,0.00
pr,gói bảo hiểm nhân thọ pr,,0,,0.00
pr,gói mua bài pr giá rẻ,,0,,0.00
pr,gói pr trên báo mới,,0,,0.00
pr,gạch pr 2211,,0,,0.00
pr,gạch pr 25.25,,0,,0.00
pr,gạch pr.25.40_a1,,0,,0.00
pr,gạch prime 30x45 mã số pr 1314,,0,,0.00
pr,gạch prime 30x45 mã số pr 1315,,0,,0.00
pr,gạch prime pr code,,0,,0.00
pr,gạch ốp tường 60x90 giả gỗ pr 1200 prime,,0,,0.00
pr,gạch ốp tường 60x90 giả gỗ pr prime,,0,,0.00
pr,gạch ốp tường 60x90 prime pr giả gỗ,,0,,0.00
pr,gắn sub cứng vào video bằng pr,,0,,0.00
pr,gộp video trong pr,,0,,0.00
pr,h&m tuyển pr manaager,,0,,0.00
pr,hack cabal pr,,0,,0.00
pr,hacktheranks com pr,,0,,0.00
pr,hacktheranks com pr identity,,0,,0.00
pr,haft trick nhanh nhất pr,,0,,0.00
pr,hai pr trung quoc khoa than,,0,,0.00
pr,haihang industry co ltd pr china,,0,,0.00
pr,hal group tuyen nhan vien pr,,0,,0.00
pr,hal pr 50-36-50 w,,0,,0.00
pr,halpern pr,,0,,0.00
pr,hamburger pr agentur,,0,,0.00
pr,handwriting pr pdf,,0,,0.00
pr,hang may bay pr,,0,,0.00
pr,hanh trinh chua benh cho con của khanh van pr,,0,,0.00
pr,happy birthday pr,,0,,0.33
pr,hardware vs software encoding pr 2019,,0,,0.00
pr,harley pr et al relationship cd optic disc diameter,,0,,0.00
pr,harley pr et al relationship cup-disc ratio optic disc diameter,,0,,0.00
pr,hashtag vui nhộn cho nghề pr event,,0,,0.00
pr,hat trick nhanh nhất pr,,0,,0.00
pr,hatfield digital pr agency,,0,,0.00
pr,havas pr agency,,0,,0.00
pr,havas pr creative,,0,,0.00
pr,havas pr france,,0,,0.00
pr,havas pr uk,,0,,0.00
pr,haystack pr,,0,,0.00
pr,hc 127.483 pr,,0,,0.00
pr,hcách thức pr sản phẩm,,0,,0.00
pr,hd sex pr,,0,,0.00
pr,hda-pr m16x190 60,,0,,0.00
pr,he reproductive revolution continues htt www.infoforhealth.org pr m17.ppt,,0,,0.00
pr,he so cong suat pr,,0,,0.00
pr,head of department of pr,,0,,0.00
pr,health & beauty pr london,,0,,0.00
pr,health and beauty pr,,0,,0.00
pr,health and fitness pr,,0,,0.00
pr,health and social care pr,,0,,0.00
pr,health and wellness pr firms,,0,,0.00
pr,health care pr firm phoenix,,0,,0.00
pr,health check for pr canada,,0,,0.00
pr,health pr agency,,0,,0.00
pr,health pr campaigns,,0,,0.00
pr,health pr companies,,0,,0.00
pr,health sector pr agency,,0,,0.00
pr,healthcare pr agency,,0,,0.00
pr,healthcare pr campaign,,0,,0.00
pr,healthcare pr campaigns,,0,,0.00
pr,healthcare pr firm phoenix,,0,,0.00
pr,healthcare pr firms,,0,,0.00
pr,healthcare pr services,,0,,0.00
pr,healthtech pr,,0,,0.00
pr,hearing aid batteries aguadilla pr,,0,,0.00
pr,hearing aid batteries mayaguez pr,,0,,0.00
pr,hearing aid specialist mayaguez pr,,0,,0.00
pr,hearing aids aguadilla pr,,0,,0.00
pr,hearing test aguadilla pr,,0,,0.00
pr,hearing test mayaguez pr,,0,,0.00
pr,heart rate and pr 1 av block,,0,,0.00
pr,heil pr 40 dynamic studio recording microphone,,0,,0.00
pr,heineken pr recruitment,,0,,0.00
pr,hero pr,,0,,0.00
pr,heroku review app without pr,,0,,0.00
pr,hertford digital pr agency,,0,,0.00
pr,heure à pr,,0,,0.00
pr,hhttps kas pr 72bq,,0,,0.00
pr,hi pr us,,0,,0.00
pr,hi tech pr,,0,,0.00
pr,hidden cam pr stunt video,,0,,0.00
pr,hide dynamics link in pr,,0,,0.00
pr,hien thi bai pr,,0,,0.00
pr,hieu ung chu xoay vong trong pr,,0,,0.00
pr,hieu ung transition pr,,0,,0.00
pr,high pr article submission sites 2017,,0,,0.00
pr,high pr article submission sites list,,0,,0.00
pr,high pr backlinks 2018,,0,,0.00
pr,high pr backlinks generator,,0,,0.00
pr,high pr backlinks sites,,0,,0.00
pr,high pr backlinks sites list,,0,,0.00
pr,high pr blogs using commentluv keywordluv plugin,,0,,0.00
pr,high pr bookmarking list,,0,,0.00
pr,high pr directories,,0,,0.00
pr,high pr directory list,,0,,0.00
pr,high pr directory submission,,0,,0.00
pr,high pr directory submission list,,0,,0.00
pr,high pr directory submission site list,,0,,0.00
pr,high pr directory submission sites,,0,,0.00
pr,high pr dofollow backlinks,,0,,0.00
pr,high pr dollow forum,,0,,0.00
pr,high pr domains for sale,,0,,0.00
pr,high pr forum for seo,,0,,0.00
pr,high pr homepage backlinks,,0,,0.00
pr,high pr image sharing sites,,0,,0.00
pr,high pr infographics submission sites list,,0,,0.00
pr,high pr ironman bestblackhatforum,,0,,0.00
pr,high pr links for sale,,0,,0.00
pr,high pr ppt submission sites,,0,,0.00
pr,high pr profile creating sites list,,0,,0.00
pr,high pr profile creation site list,,0,,0.00
pr,high pr profile creation sites,,0,,0.00
pr,high pr profile creation sites list,,0,,0.00
pr,high pr rss feed submission list,,0,,0.00
pr,high pr search engine submission,,0,,0.00
pr,high pr social bookmarking,,0,,0.00
pr,high pr social bookmarking sites,,0,,0.00
pr,high pr social bookmarking sites list,,0,,0.00
pr,high pr web 2.0 sites,,0,,0.00
pr,high tech pr agency,,0,,0.00
pr,high tech pr firms,,0,,0.00
pr,higher education pr agency,,0,,0.00
pr,highlights thailand 1-2 china pr,,0,,0.00
pr,higienizacao interna de carros curitiba curitiba pr,,0,,0.00
pr,hijacking pr,,0,,0.00
pr,hilti pr 3-hvsg rotating laser kit with pra 72 wall-mount,,0,,0.00
pr,hime shiratori photokatsu pr,,0,,0.00
pr,hinh anh pr cua vinamilk,,0,,0.00
pr,hinh hop quà đá pr trog.poke,,0,,0.00
pr,hinh hop quà đá pr trong poke đại chiến,,0,,0.00
pr,hip hop music pr,,0,,0.00
pr,hip hop pr,,0,,0.00
pr,his responsibilities were to manage the pr,,0,,0.00
pr,hiêu được tầm quan trọng việc pr trên internet,,0,,0.00
pr,hiếu ứng tua ngược trong pr,,0,,0.00
pr,hiện tất cả các thanh công cụ trong pr,,0,,0.00
pr,hiện tất cả các thanh công cụ window trong pr,,0,,0.00
pr,hiệu ứng chuyển cảnh trong pr,,0,,0.00
pr,hiệu ứng chuyển cảnh trong pr có sẵn,,0,,0.00
pr,hiệu ứng chuyển động pr,,0,,0.00
pr,hiệu ứng chữ trong pr,,0,,0.00
pr,hiệu ứng làm chậm video tren pr,,0,,0.00
pr,hiệu ứng làm nét video trong pr,,0,,0.00
pr,hiệu ứng lật gương trong pr,,0,,0.00
pr,hiệu ứng lật gương video trong pr,,0,,0.00
pr,hiệu ứng text trong pr,,0,,0.00
pr,hiệu ứng trong pr,,0,,0.00
pr,hiệu ứng tua nhanh trong pr,,0,,0.00
pr,hiệu ứng tuyết rơi trên pr,,0,,0.00
pr,hiệu ứng tối dần trong pr,,0,,0.00
pr,hiệu ứng âm thanh nhỏ dần trong pr,,0,,0.00
pr,hiệu ứng đen trắng trong pr,,0,,0.00
pr,hiệu ứng ảnh rung trong pr,,0,,0.00
pr,hkami art pr-21-d-va-sequence-fmg,,0,,0.00
pr,hkami art pr-23-dxd-be-and-fmg,,0,,0.00
pr,hkami pr-21-d-va-sequence-fmg,,0,,0.00
pr,hkami pr-23-dxd-be-and-fmg,,0,,0.00
pr,hoat dong pr cua cong ty vinamilk,,0,,0.00
pr,hoat dong pr cua fpt cho nhan vien,,0,,0.00
pr,hoat dong pr cua vinamilk,,0,,0.00
pr,hoc advertising and pr la gi,,0,,0.00
pr,hoc pr o dau,,0,,0.00
pr,hoc ve 3d pr,,0,,0.00
pr,hoc ve pr ơ dau,,0,,0.00
pr,hocj marketing ve truyen thong pr,,0,,0.00
pr,hoi thoai tiếng nhật pr bản thân,,0,,0.00
pr,hold tight pr,,0,,0.00
pr,hold tight pr facebook,,0,,0.00
pr,holder has pr when she is eligible to apply resident,,0,,0.00
pr,holophone h2 pr,,0,,0.00
pr,home pr birmingham,,0,,0.00
pr,home pr specialists,,0,,0.00
pr,home.vn pr ch,,0,,0.00
pr,honda pr executive salary,,0,,0.00
pr,honda sh 2017 pr song,,0,,0.00
pr,honda vietnam pr office,,0,,0.00
pr,hondex ps-7pl pr 10001055,,0,,0.00
pr,honhaipr pr device,,0,,0.00
pr,hospitality pr agency,,0,,0.00
pr,hospitality pr agency london,,0,,0.00
pr,hospitality pr firms,,0,,0.00
pr,hospitality pr london,,0,,0.00
pr,hospitality pr services florida,,0,,0.00
pr,host pr,,0,,0.00
pr,hot face pr tren facebook duoc bao nhieu tien,,0,,0.00
pr,hot fanpage share pr,,0,,0.00
pr,hot keyboard pr,,0,,0.00
pr,hot pr mu cao dáng dep,,0,,0.00
pr,hoteis em curitiba pr,,0,,0.00
pr,hotel curitiba pr,,0,,0.00
pr,hotel duty manager australia pr opportunities,,0,,0.00
pr,hotel el convento pr,,0,,0.00
pr,hotel em pato branco pr,,0,,0.00
pr,hotel em sulina pr,,0,,0.00
pr,hotel fazenda cainã balsa nova pr,,0,,0.00
pr,hotel manager pr australia,,0,,0.00
pr,hotel no batel curitiba pr,,0,,0.00
pr,hotel pr agency,,0,,0.00
pr,hotel pr agentur,,0,,0.00
pr,hotel pr companies,,0,,0.00
pr,hotel pr plan pdf,,0,,0.00
pr,hotel pr specialist,,0,,0.00
pr,hoteles en pr,,0,,0.00
pr,hotwire pr,,0,,0.00
pr,housing assistance pr canada,,0,,0.00
pr,houston digital marketing and pr,,0,,0.00
pr,houston pr,,0,,0.00
pr,houston tx pr firm,,0,,0.00
pr,how aus dha issue pr grant,,0,,0.00
pr,how can i get backlink from my high pr site,,0,,0.00
pr,how do i get pr,,0,,0.00
pr,how huawei lost its pr battle in the west,,0,,0.00
pr,how i met your mother briney pr,,0,,0.00
pr,how i met your mother britney pr,,0,,0.00
pr,how international student get pr in germany,,0,,0.00
pr,how is pr different from advertising,,0,,0.00
pr,how long does it take to get pr after pnp,,0,,0.00
pr,how long get pr for pnp in ontario,,0,,0.00
pr,how long get pr for pnp in ontario 2019,,0,,0.00
pr,how long i can get pr after married in canada,,0,,0.00
pr,how long to change stamp 4 to pr in ireland,,0,,0.00
pr,how long to for pr to sponsor relative to australia,,0,,0.00
pr,how long to gain citizenship from pr,,0,,0.00
pr,how long to gain citizenship from pr canada,,0,,0.00
pr,how long to get netherland pr,,0,,0.00
pr,how long to process pnp ontario pr in canada,,0,,0.00
pr,how long to receive pr id after arriving in canada,,0,,0.00
pr,how long to wait for pr card after landing,,0,,0.00
pr,how many bands required for canada pr,,0,,0.00
pr,how many media coverage is good for pr,,0,,0.00
pr,how many points are required for australian pr 2019,,0,,0.00
pr,how many points pr accountant,,0,,0.00
pr,how many points required for canada pr,,0,,0.00
pr,how many seats on a350 pr,,0,,0.00
pr,how much money invest to get australian pr,,0,,0.00
pr,how much score for pr australia adelaide,,0,,0.00
pr,how much score for pr australia adelaide regional,,0,,0.00
pr,how much to invest in canada to get pr,,0,,0.00
pr,how pr agency calculate their pr value,,0,,0.00
pr,how pr agency calculate their pr value ave,,0,,0.00
pr,how pr agency calculate their pr value avr,,0,,0.00
pr,how pr get mention from keynote speaker,,0,,0.00
pr,how pr get product mention from influencer,,0,,0.00
pr,how pr get product mention from keynote speaker,,0,,0.00
pr,how pr pros decline financial report,,0,,0.00
pr,how pr pros decline financial report info to journalist,,0,,0.00
pr,how pr pros decline journalist for public client's revenue,,0,,0.00
pr,how pr pros decline journalists for paid coverage,,0,,0.00
pr,how pr pros decline journalists paid coverage,,0,,0.00
pr,how pr pros decline media ket from journalists,,0,,0.00
pr,how pr pros decline media kit from journalists,,0,,0.00
pr,how pr pros decline paid coverage,,0,,0.00
pr,how pr pros to decline journalists paid coverage,,0,,0.00
pr,how pr refuse public company revenue to journalist,,0,,0.00
pr,how pr video baby game youtube,,0,,0.00
pr,how to activate airtel pr nal data bundles in kenya,,0,,0.00
pr,how to add adjustment layer into pr,,0,,0.00
pr,how to aks for organic pr coverage,,0,,0.00
pr,how to aks journalists for organic pr coverage,,0,,0.00
pr,how to analyse objective of pr campaign,,0,,0.00
pr,how to anaylize if the pr markeing going well,,0,,0.00
pr,how to apply for canadian passport after pr,,0,,0.00
pr,how to apply pr in saskatchewan,,0,,0.00
pr,how to be a canadian citizen after pr,,0,,0.00
pr,how to be a good pr,,0,,0.00
pr,how to be pr pro,,0,,0.00
pr,how to build a pr plan,,0,,0.00
pr,how to caculate the pr of solar power plant,,0,,0.00
pr,how to calculate pr interval,,0,,0.00
pr,how to calculate pr of solar power plant,,0,,0.00
pr,how to calculate pr value for online,,0,,0.00
pr,how to calculate the pr of pv module,,0,,0.00
pr,how to calculate the pr of solar power plant,,0,,0.00
pr,how to change color background in pr,,0,,0.00
pr,how to clarifile my work experieces for pr,,0,,0.00
pr,how to create an effective pr plan,,0,,0.00
pr,how to create salesforce for pr contact list,,0,,0.00
pr,how to deal with a pr crisis,,0,,0.00
pr,how to deal with pr crisis,,0,,0.00
pr,how to decline paid coverage for organic pr coverage,,0,,0.00
pr,how to do a pr video 1 minute,,0,,0.00
pr,how to do pr for product feature,,0,,0.00
pr,how to do pr in china,,0,,0.00
pr,how to do your own pr,,0,,0.00
pr,how to email journalists for organic pr coverage,,0,,0.00
pr,how to find out 32 pr 64 bit win 10,,0,,0.00
pr,how to fly jet in pr,,0,,0.00
pr,how to get australian pr for international students,,0,,0.00
pr,how to get citizenship quebec after pr,,0,,0.00
pr,how to get england pr,,0,,0.00
pr,how to get england pr ì not an eea area,,0,,0.00
pr,how to get on pr lists,,0,,0.00
pr,how to get organic pr coverage,,0,,0.00
pr,how to get points for pr in canada,,0,,0.00
pr,how to get pr after study in singapore,,0,,0.00
pr,how to get pr after study master in canada,,0,,0.00
pr,how to get pr for your business,,0,,0.00
pr,how to get pr in canada after 1 year study,,0,,0.00
pr,how to get pr in canada from india,,0,,0.00
pr,how to get pr in france after study,,0,,0.00
pr,how to get pr in ireland after study,,0,,0.00
pr,how to get pr in london,,0,,0.00
pr,how to get pr in montenegro,,0,,0.00
pr,how to get pr in netherlands after study,,0,,0.00
pr,how to get pr in quebec after study,,0,,0.00
pr,how to get pr mail,,0,,0.00
pr,how to get pr with master in supply chain australia,,0,,0.00
pr,how to get taiwanese pr,,0,,0.00
pr,how to golden rules of pr crisis management,,0,,0.00
pr,how to handle a pr crisis,,0,,0.00
pr,how to hire a pr firm,,0,,0.00
pr,how to import mov to pr,,0,,0.00
pr,how to import multichannel audio in to pr,,0,,0.00
pr,how to import muntlchanel audio in to pr,,0,,0.00
pr,how to increase points for australian pr,,0,,0.00
pr,how to maintain canada pr,,0,,0.00
pr,how to maintain your canadian pr,,0,,0.00
pr,how to maintan portugal pr,,0,,0.00
pr,how to make the word running by in adobe pr,,0,,0.00
pr,how to make the word running by in pr,,0,,0.00
pr,how to make video pr product,,0,,0.00
pr,how to measure pr,,0,,0.00
pr,how to move up and down in pr,,0,,0.00
pr,how to move video in program of pr,,0,,0.00
pr,how to obtain pr in england,,0,,0.00
pr,how to open company in belgium and apply for pr,,0,,0.00
pr,how to open historgram pr,,0,,0.00
pr,how to post pr places for facebook marketplace,,0,,0.00
pr,how to pr a company,,0,,0.00
pr,how to pr a company in facebook,,0,,0.00
pr,how to pr a furniture brand,,0,,0.00
pr,how to pr a new preschool,,0,,0.00
pr,how to pr a new product,,0,,0.00
pr,how to pr download dmc5,,0,,0.00
pr,how to pr download dmc5 on steaem,,0,,0.00
pr,how to pr during presidential election,,0,,0.00
pr,how to pr during presidential period,,0,,0.00
pr,how to pr for a real estate manegement company,,0,,0.00
pr,how to pr gitlab,,0,,0.00
pr,how to pr in canada,,0,,0.00
pr,how to pr online business,,0,,0.00
pr,how to pr to worker office,,0,,0.00
pr,how to pr youtube,,0,,0.00
pr,how to pr youtube channel,,0,,0.00
pr,how to pronounce pr in english,,0,,0.00
pr,how to pronounce pr rachel english,,0,,0.00
pr,how to pronounce pr word,,0,,0.00
pr,how to reduce video size pr,,0,,0.00
pr,how to renounce your pr status in canada,,0,,0.00
pr,how to set reviewer when merged pr in repository,,0,,0.00
pr,how to start learning pr,,0,,0.00
pr,how to take pr in singapore,,0,,0.00
pr,how to travel with pr,,0,,0.00
pr,how to turn off volume on vegas pr o14,,0,,0.00
pr,how to turn pr to canada citizenship,,0,,0.00
pr,how to turn pr to citizenship,,0,,0.00
pr,how to update new passport to ica for pr,,0,,0.00
pr,how to update pr cc 2015,,0,,0.00
pr,how to use cube file in pr,,0,,0.00
pr,how to use pr on linkedin,,0,,0.00
pr,how to use stabilizer in pr,,0,,0.00
pr,how to wrire internal pr plan,,0,,0.00
pr,how to write a pr plan,,0,,0.00
pr,how to write a pr proposal,,0,,0.00
pr,how to write a pr strategy,,0,,0.00
pr,how to write pr freelance,,0,,0.00
pr,how to write self pr,,0,,0.00
pr,how to write self pr in cv,,0,,0.00
pr,how to zoom in pr,,0,,0.00
pr,how to zoom out in pr,,0,,0.00
pr,how to zoom out video in pr,,0,,0.00
pr,how we get pr in canada,,0,,0.00
pr,how you call someone work in pr department,,0,,0.00
pr,howard bragman pr,,0,,0.00
pr,howard johnson hotel ponce pr,,0,,0.00
pr,howard johnson ponce pr,,0,,0.00
pr,hoàng thảo anh pr leader,,0,,0.00
pr,hoơ to tracking in pr,,0,,0.00
pr,hoạch định chiến lược pr là lfam những gì,,0,,0.00
pr,hoạch định chiến lược pr là làm những gì,,0,,0.00
pr,hoạch định kế hoạch pr,,0,,0.00
pr,hoạt đông pr của samsung điện tử việt nam,,0,,0.00
pr,hoạt đọng pr,,0,,0.00
pr,hoạt động chính của bộ phận pr,,0,,0.00
pr,hoạt động chính của pr,,0,,0.00
pr,hoạt động công chúng pr,,0,,0.00
pr,hoạt động của pr tại,,0,,0.00
pr,hoạt động pr cộng đồng,,0,,0.00
pr,hoạt động pr của công ty th true milk,,0,,0.00
pr,hoạt động pr của hsc,,0,,0.00
pr,hoạt động pr của interfood,,0,,0.00
pr,hoạt động pr nổi bật năm 2018,,0,,0.00
pr,hoạt động pr ở trường học,,0,,0.00
pr,hoạt động thực tiễn pr của một doanh nghiệp,,0,,0.00
pr,hoạt động tổ chức sự kiên trong pr,,0,,0.00
pr,hoọc anh văn để viết bài pr,,0,,0.00
pr,hoỏi dap viet designer về pr,,0,,0.00
pr,hoộ chiếu dạng pr,,0,,0.00
pr,hoội thoai pr ban thân,,0,,0.00
pr,hp pr 650,,0,,0.00
pr,hq pr,,0,,0.00
pr,hr pr department,,0,,0.00
pr,htc desire 10 pr khacten,,0,,0.00
pr,http 210.211.97.179 main entry showglobal pr_id 3988738,,0,,0.00
pr,http baogia.24h.com.vn vi san-pham site 24h&module pr article&position 65,,0,,0.00
pr,http dethi.violet.vn entry showglobal pr_id 2550549,,0,,0.00
pr,http hocwebchuan.com reference csssection pr_display.php,,0,,0.00
pr,http hocwebchuan.com reference csssection pr_line-height.php,,0,,0.00
pr,http hocwebchuan.com reference csssection pr_margin.php,,0,,0.00
pr,http hocwebchuan.com reference csssection pr_padding.php,,0,,0.00
pr,http ielts-simon.com ielts-help-and-english-pr 2013 07 ielts-reading-time.html,,0,,0.00
pr,http ielts-simon.com ielts-help-and-english-pr 2015 04 2-new-videos-free.html,,0,,0.00
pr,http img-hw videos pr,,0,,0.00
pr,http inoxfivestar.com bo-noi-inox-304-cao-cap-edelkochen-plus-pr-154.aspx,,0,,0.00
pr,http inoxfivestar.com chao-chong-dinh-28-inox-fivestar-pr-27.aspx,,0,,0.00
pr,http money.cnn.com 2017 09 01 news pr-crisis-companies-advice-tips index.html,,0,,0.00
pr,http officecdn microsoft com pr ea4a4090 de26 49d7 93c1 91bff9e53fc3,,0,,0.00
pr,http pr.blonde20.com media-kit-rmi,,0,,0.00
pr,http quantri.vn dict details 13777-ban-chat-cua-pr,,0,,0.00
pr,http quydattinh.binhdinh.gov.vn content.php id 164&pr 9,,0,,0.00
pr,http quydattinh.binhdinh.gov.vn newsgroup.php id 172&pr 171,,0,,0.00
pr,http quynhm-pr.blogspot.com 2018 05 he-ve.html,,0,,0.00
pr,http tomonivj.jp cach-viet-pr-ban-than-trong-so-yeu-ly-lich,,0,,0.00
pr,http tuoi69 com clip-cap-doi-lam-tinh-pr-cho-toa-nha-the-landmark-81-dang-gat,,0,,0.00
pr,http vnpgroup.vn tuyen-dung 53 794 hcm-thuc-tap-sinh-pr-noi-bo.html,,0,,0.00
pr,http www curitiba pr gov br,,0,,0.00
pr,http www facebook com pr,,0,,0.00
pr,http www.msalzgeber.ch grammatik verben_mit_pr c3 a4positionen.htm,,0,,0.00
pr,http www.pr.com press-release 410154,,0,,0.00
pr,http www.tv-asahi.co.jp pr sphone 20180219_04891.html,,0,,0.00
pr,https 09h5.violet.vn entry showglobal pr_id 2541044,,0,,0.00
pr,https baigiang.violet.vn entry showglobal pr_id 1515017,,0,,0.00
pr,https baigiang.violet.vn entry showglobal pr_id 3801458,,0,,0.00
pr,https baigiang.violet.vn entry showglobal pr_id 3984967,,0,,0.00
pr,https d.pr f nkdcxb,,0,,0.00
pr,https dethi.violet.vn entry showglobal pr_id 3018684,,0,,0.00
pr,https dethi.violet.vn entry showglobal pr_id 3399594,,0,,0.00
pr,https dethi.violet.vn entry showglobal pr_id 406962,,0,,0.00
pr,https drive.google.com open id 1k9d5ioswobv6ukicbmczduzc4_jwm_pr,,0,,0.00
pr,https envato.d.pr j3inr9,,0,,0.00
pr,https envato.d.pr rpcvoe,,0,,0.00
pr,https envato.d.pr sl3qjf,,0,,0.00
pr,https envato.d.pr tnuof8,,0,,0.00
pr,https envato.d.pr xcpo0u,,0,,0.00
pr,https envato.d.pr xsbvt8,,0,,0.00
pr,https formations.uphf.fr cdm program fr_rne_0593279u_pr_sof-15530,,0,,0.00
pr,https formations.uphf.fr cdm program fr_rne_0593279u_pr_sof-15530 contenu,,0,,0.00
pr,https fr.wikipedia.org wiki comit c3 a9_des_chasses_pr c3 a9sidentielles,,0,,0.00
pr,https giaoan.violet.vn entry showglobal pr_id 227136,,0,,0.00
pr,https giaoan.violet.vn entry showglobal pr_id 3272490,,0,,0.00
pr,https in.admicro.vn uploads pr-5893 cafef_10m_stream_home.jpg,,0,,0.00
pr,https in.admicro.vn uploads pr-5893 cafef_15m_noibatmuc_home.jpg,,0,,0.00
pr,https in.admicro.vn uploads pr-5893 cafef_15m_stream_home.jpg,,0,,0.00
pr,https kaspersky.pr dietvirus-kaspersky-mien-phi,,0,,0.00
pr,https keep2share.cc pr 11644,,0,,0.00
pr,https myaccount.google.com device-activity service pr_sa&rfn 33&rfnc 4,,0,,0.00
pr,https myaccount.google.com device-activity service pr_sa&rfn 52&rfnc 4,,0,,0.00
pr,https platform-lookaside.fbsbx.com platform instantgames pr,,0,,0.00
pr,https pr.blonde20.com bankorus-jd,,0,,0.00
pr,https pr.blonde20.com vlb,,0,,0.00
pr,https pr.blonde20.com wepower-ico,,0,,0.00
pr,https pr.bookfunnel.com nzvgak,,0,,0.00
pr,https pr.bookfunnel.com ztslrw,,0,,0.00
pr,https quangcao.tuoitre.vn pr,,0,,0.00
pr,https search.safefinder.com st pr&q,,0,,0.00
pr,https security.google.com settings security activity service pr_sa&rfn 33&rfnc 4,,0,,0.00
pr,https tavanbinh76.violet.vn entry showglobal pr_id 3897155,,0,,0.00
pr,https vieclam24h.vn marketing-pr leasing-executive-c53p0id2761565.html,,0,,0.00
pr,https vieclam24h.vn marketing-pr nhan-vien-content-website-c53p0id2772701.html,,0,,0.00
pr,https vieclam24h.vn marketing-pr nhan-vien-marketing-c53p0id2736695.html,,0,,0.00
pr,https vieclam24h.vn marketing-pr nhan-vien-seo-c53p0id2857719.html,,0,,0.00
pr,https violet.vn entry showglobal pr_id 2849961,,0,,0.00
pr,https violet.vn entry showglobal pr_id 3380353,,0,,0.00
pr,https www.cipr.co.uk content policy careers-advice pr-you,,0,,0.00
pr,https www.cipr.co.uk content policy careers-advice what-pr,,0,,0.00
pr,https www.dropbox.com s eo7mie10u22mon0 pr 20mercedes 202p.pdf dl 0,,0,,0.00
pr,https www.etsy.com people dotpoik8 ref pr_profile,,0,,0.00
pr,https www.facebook.com pr ofile.php id 10000898386947,,0,,0.00
pr,https www.fitchratings.com site pr 1027754,,0,,0.00
pr,https www.fitchratings.com site pr 1035100,,0,,0.00
pr,https www.fossil.com pr 5465,,0,,0.00
pr,https www.slideshare.net mobile kinnguyenphu tng-quan-v-pr-14650281,,0,,0.00
pr,https www.thuengay.vn blog cach-viet-bai-pr-san-pham-hut-hon-khach-hang-495,,0,,0.00
pr,https www.w3schools.com cssref css3_pr_align-items.asp,,0,,0.00
pr,https www.w3schools.com cssref css3_pr_animation-keyframes.asp,,0,,0.00
pr,https www.w3schools.com cssref css3_pr_animation.asp,,0,,0.00
pr,https www.w3schools.com cssref css3_pr_background.asp,,0,,0.00
pr,https www.w3schools.com cssref css3_pr_box-shadow.asp,,0,,0.00
pr,https www.w3schools.com cssref css3_pr_box-sizing.asp,,0,,0.00
pr,https www.w3schools.com cssref css3_pr_flex-direction.asp,,0,,0.00
pr,https www.w3schools.com cssref css3_pr_flex.asp,,0,,0.00
pr,https www.w3schools.com cssref css3_pr_font-face_rule.asp,,0,,0.00
pr,https www.w3schools.com cssref css3_pr_mediaquery.asp,,0,,0.00
pr,https www.w3schools.com cssref css3_pr_opacity.asp,,0,,0.00
pr,https www.w3schools.com cssref css3_pr_rotation-point.asp,,0,,0.00
pr,https www.w3schools.com cssref css3_pr_rotation.asp,,0,,0.00
pr,https www.w3schools.com cssref css3_pr_target-new.asp,,0,,0.00
pr,https www.w3schools.com cssref css3_pr_text-decoration-line.asp,,0,,0.00
pr,https www.w3schools.com cssref css3_pr_text-overflow.asp,,0,,0.00
pr,https www.w3schools.com cssref css3_pr_transform.asp,,0,,0.00
pr,https www.w3schools.com cssref css3_pr_word-wrap.asp,,0,,0.00
pr,https www.w3schools.com cssref pr_background-attachment.asp,,0,,0.00
pr,https www.w3schools.com cssref pr_background-color.asp,,0,,0.00
pr,https www.w3schools.com cssref pr_background-image.asp,,0,,0.00
pr,https www.w3schools.com cssref pr_background-position.asp,,0,,0.00
pr,https www.w3schools.com cssref pr_border-style.asp,,0,,0.00
pr,https www.w3schools.com cssref pr_border-width.asp,,0,,0.00
pr,https www.w3schools.com cssref pr_class_display.asp,,0,,0.00
pr,https www.w3schools.com cssref pr_class_float.asp,,0,,0.00
pr,https www.w3schools.com cssref pr_class_position.asp,,0,,0.00
pr,https www.w3schools.com cssref pr_class_visibility.asp,,0,,0.00
pr,https www.w3schools.com cssref pr_dim_line-height.asp,,0,,0.00
pr,https www.w3schools.com cssref pr_dim_min-width.asp,,0,,0.00
pr,https www.w3schools.com cssref pr_font_font-family.asp,,0,,0.00
pr,https www.w3schools.com cssref pr_font_font.asp,,0,,0.00
pr,https www.w3schools.com cssref pr_font_weight.asp,,0,,0.00
pr,https www.w3schools.com cssref pr_gen_content.asp,,0,,0.00
pr,https www.w3schools.com cssref pr_grid.asp,,0,,0.00
pr,https www.w3schools.com cssref pr_list-style.asp,,0,,0.00
pr,https www.w3schools.com cssref pr_margin-right.asp,,0,,0.00
pr,https www.w3schools.com cssref pr_pos_overflow.asp,,0,,0.00
pr,https www.w3schools.com cssref pr_pos_right.asp,,0,,0.00
pr,https www.w3schools.com cssref pr_pos_top.asp,,0,,0.00
pr,https www.w3schools.com cssref pr_pos_vertical-align.asp,,0,,0.00
pr,https www.w3schools.com cssref pr_pos_z-index.asp,,0,,0.00
pr,https www.w3schools.com cssref pr_text_text-align.asp,,0,,0.00
pr,https www.w3schools.com cssref pr_text_text-decoration.asp,,0,,0.00
pr,https www.w3schools.com cssref pr_text_text-transform.asp,,0,,0.00
pr,https www.znetlive.com blog top-65-high-pr-social-bookmarking-sites,,0,,0.00
pr,htts demo-nodejs-starter.run.aws-usw02-pr.ice.predix.io,,0,,0.00
pr,hub pr adtima,,0,,0.00
pr,hue trong pr,,0,,0.00
pr,hulmursisolering pris pr m2,,0,,0.00
pr,humane society pr,,0,,0.00
pr,hummer pris pr kg,,0,,0.00
pr,huong dan apply offshore cho pr uc,,0,,0.00
pr,huong dan cai sexy beach pr,,0,,0.00
pr,huong dan dieu chinh micro acemic khong day pr-8,,0,,0.00
pr,huong dan dung phim bang pr,,0,,0.00
pr,huong dan ho so pr australia,,0,,0.00
pr,huong dan lam song nhac trong video bang adobe pr,,0,,0.00
pr,huong dan mask chuyen canh opacity pr,,0,,0.00
pr,huong dan pr,,0,,0.00
pr,huong dan pr marketing quan nhau,,0,,0.00
pr,huong dan su dung pr tu dau,,0,,0.00
pr,huong dan update dlc sexy beach pr,,0,,0.00
pr,huyen tran pr 30,,0,,0.00
pr,huướng dẫn bảo mật bằng adobe acrobat 11 pr,,0,,0.00
pr,hva koster en maler pr time,,0,,0.00
pr,hvad er pr,,0,,0.00
pr,hvad koster en træterrasse pr kvm,,0,,0.00
pr,hvad koster et nyt hus pr m2,,0,,0.00
pr,hvad koster et nyt sommerhus pr m2,,0,,0.00
pr,hvad koster et nyt tag pr m2,,0,,0.00
pr,hvad koster maling pr m2,,0,,0.00
pr,hvitt gull pris pr gram,,0,,0.00
pr,hvor mange gram kaffe pr kop,,0,,0.00
pr,hvor mange kjøttboller pr person,,0,,0.00
pr,hvor mange lumen pr m2,,0,,0.00
pr,hvor mange personer pr kake,,0,,0.00
pr,hvor mange solskinstimer pr dag i cambodia,,0,,0.00
pr,hvor meget dessertvin pr person,,0,,0.00
pr,hvor meget flæskesteg pr person,,0,,0.00
pr,hvor meget kød beregner man pr person,,0,,0.00
pr,hvor meget kød pr person til buffet,,0,,0.00
pr,hvor meget vin beregner man pr person,,0,,0.00
pr,hvor mye fiskesuppe pr person,,0,,0.00
pr,hvor mye maling pr m2,,0,,0.00
pr,hyip pr,,0,,0.00
pr,hype pr,,0,,0.00
pr,hyperlapse withj pr,,0,,0.00
pr,hyundai worldwide pr,,0,,0.00
pr,hà lan hương pr,,0,,0.00
pr,hàm pr trong cakephp,,0,,0.00
pr,hách đục kích pr,,0,,0.00
pr,hãng áo pr ke din ở lotte,,0,,0.00
pr,hãy nêu tầm quan trọng của pr nội bộ,,0,,0.00
pr,hãy tự pr bản thân,,0,,0.00
pr,hématologue abidjan pr tolo aïssata lmc,,0,,0.00
pr,hình thức pr của grepaco,,0,,0.00
pr,hình thức pr là gì,,0,,0.00
pr,hình thức pr sản phẩm,,0,,0.00
pr,hình xam pr rai,,0,,0.00
pr,hình ảnh làm pr,,0,,0.00
pr,hình ảnh pr cho chiến lược sport 15,,0,,0.00
pr,hình ảnh pr cho chiến lược sport 15 của adidas,,0,,0.00
pr,hình ảnh pr phục vụ bia,,0,,0.00
pr,hình ảnh về nhân viên admin pr agency,,0,,0.00
pr,hình ảnh về pr acency,,0,,0.00
pr,hình ảnh về pr agency,,0,,0.00
pr,hình ảnh đội bóng atletico pr,,0,,0.00
pr,hình ảnh đội bóng atletico pr vs avai,,0,,0.00
pr,hóa chất keo cho ngành bao bì pr 8098,,0,,0.00
pr,hóa chất keo pr 8098,,0,,0.00
pr,hóa chất keo pr 8098 là gì,,0,,0.00
pr,hóa chất pr,,0,,0.00
pr,hóa chất pr 8098 là gì,,0,,0.00
pr,hóa chất tẩy sơn nabakem pr-50a,,0,,0.00
pr,hóa chất tẩy sơn pr 50a,,0,,0.00
pr,hơ p âm pr,,0,,0.00
pr,hơ to make pr,,0,,0.00
pr,hươ ng dâ n sư du ng pr,,0,,0.00
pr,hươ ng dâ n viê t ba i pr,,0,,0.00
pr,hương dan cai pr cc 2017,,0,,0.00
pr,hương dan cài đặt pr,,0,,0.00
pr,hướng dâẫn lồng tiếng trong proshow pr,,0,,0.00
pr,hướng dẫn active bounce pack v3.0.3 pr,,0,,0.00
pr,hướng dẫn active license key bounce pack v3.0.3 pr,,0,,0.00
pr,hướng dẫn add plugin vào pr,,0,,0.00
pr,hướng dẫn adobe pr,,0,,0.00
pr,hướng dẫn chèn sub bằng pr,,0,,0.00
pr,hướng dẫn chạy chữ kiểu bản tin trong pr,,0,,0.00
pr,hướng dẫn chỉnh lại size hệ trong pr,,0,,0.00
pr,hướng dẫn chỉnh màu tươi sáng cho video trong pr,,0,,0.00
pr,hướng dẫn chỉnh màu đẹp cho video trong pr,,0,,0.00
pr,hướng dẫn chống rung trong pr,,0,,0.00
pr,hướng dẫn cài transition cho pr,,0,,0.00
pr,hướng dẫn cài win 10 pr bằng usb,,0,,0.00
pr,hướng dẫn cài đặt pr cc 2017,,0,,0.00
pr,hướng dẫn cách pr trên facebook,,0,,0.00
pr,hướng dẫn cách tải pr full crack,,0,,0.00
pr,hướng dẫn cắt ghep pr cs6 căn bản,,0,,0.00
pr,hướng dẫn cắt nhạc trong pr cs6,,0,,0.00
pr,hướng dẫn dùng write on trong pr,,0,,0.00
pr,hướng dẫn dặt backlink website pr cao,,0,,0.00
pr,hướng dẫn hiện rectangle tool trong pr,,0,,0.00
pr,hướng dẫn hiệu ứng chữ tan biến bằng ae pr,,0,,0.00
pr,hướng dẫn hiệu ứng chữ trong pr,,0,,0.00
pr,hướng dẫn import đuôi webm vào adobe pr,,0,,0.00
pr,hướng dẫn làm chữ chạy dưới video bằng pr,,0,,0.00
pr,hướng dẫn làm chữ xuất hiện bằng pr,,0,,0.00
pr,hướng dẫn làm hiệu ứng zoom pr 2017,,0,,0.00
pr,hướng dẫn làm màn hình khép lại trong pr,,0,,0.00
pr,hướng dẫn làm màn hình đen khép lại trên pr,,0,,0.00
pr,hướng dẫn làm video khớp với khung hình trong pr,,0,,0.00
pr,hướng dẫn làm video thuyết trình bằng adobe pr,,0,,0.00
pr,hướng dẫn làm video với pr,,0,,0.00
pr,hướng dẫn maxv pr,,0,,0.00
pr,hướng dẫn ntt pr-500mi,,0,,0.00
pr,hướng dẫn nối các đoạn video trong pr,,0,,0.00
pr,hướng dẫn nối liền các đoạn video trong pr,,0,,0.00
pr,hướng dẫn pr,,0,,0.00
pr,hướng dẫn pr bản thân bằng tiếng nhật,,0,,0.00
pr,hướng dẫn pr hiệu quả,,0,,0.00
pr,hướng dẫn pr sản phẩm,,0,,0.00
pr,hướng dẫn pr trên facebook,,0,,0.00
pr,hướng dẫn pr-500mi,,0,,0.00
pr,hướng dẫn quay ngang video trong pr,,0,,0.00
pr,hướng dẫn quét mã pr,,0,,0.00
pr,hướng dẫn sd pr,,0,,0.00
pr,hướng dẫn suất video trong pr,,0,,0.00
pr,hướng dẫn sử dụng zoom trong pr,,0,,0.00
pr,hướng dẫn toàn tập về pr,,0,,0.00
pr,hướng dẫn tracking ở pr,,0,,0.00
pr,hướng dẫn tua ngược video pr,,0,,0.00
pr,hướng dẫn tạo title trong pr,,0,,0.00
pr,hướng dẫn viết bài pr cho doanh nghiệp,,0,,0.00
pr,hướng dẫn xuất video trong pr,,0,,0.00
pr,hướng dẫn xuất video từ pr bằng encoder,,0,,0.00
pr,hướng dẫn đặt link chất lượng có pr cao,,0,,0.00
pr,hướng dẫn để khuôn hình trong phần mềm adobe pr,,0,,0.00
pr,hướng dẫn đọc fike hevc trên pr,,0,,0.00
pr,hướng dẫn đọc file mov từ iphone bằng pr,,0,,0.00
pr,hướng dẫn đồng nhất frame trong khung hình trong pr,,0,,0.00
pr,hướng dẫnactive bounce pack v3.0.3 pr,,0,,0.00
pr,hướng nào phát triển nghề pr in house,,0,,0.00
pr,hạn chế của pr,,0,,0.00
pr,hệ số pr điện mặt trời,,0,,0.00
pr,hệ thống book bài pr trên các báo,,0,,0.00
pr,hệ thống lý thuyết của pr,,0,,0.00
pr,hệ thống thông tin pr,,0,,0.00
pr,họat động pr của trường đại học,,0,,0.00
pr,học adobe pr,,0,,0.00
pr,học cách pr sản phẩm,,0,,0.00
pr,học cách viết bài pr,,0,,0.00
pr,học dùng pr,,0,,0.00
pr,học pr 3.0,,0,,0.00
pr,học pr marketing ở đâu,,0,,0.00
pr,học pr truyền thông,,0,,0.00
pr,học pr ở hà nội,,0,,0.00
pr,học pr ở trường nào,,0,,0.00
pr,học pr ở trường nào ở tphcm,,0,,0.00
pr,học pr ở đau6,,0,,0.00
pr,học pr ở đâu tphcm,,0,,0.00
pr,học thạc sĩ pr,,0,,0.00
pr,học truyền thông pr,,0,,0.00
pr,học viết bài pr,,0,,0.00
pr,học viết bài pr marketing ở đâu,,0,,0.00
pr,học vùng ít dân úc pr 08 2019,,0,,0.00
pr,họp báo pr,,0,,0.00
pr,họp báo pr bao gồm những gì,,0,,0.00
pr,hồ nhất thiên pr,,0,,0.00
pr,hỗ trợ pr làm website truyền trông trên tivi,,0,,0.00
pr,hỗ trợ đăng bài pr trên nhịp sống sendo,,0,,0.00
pr,hội chứng pr ngắn là gì,,0,,0.00
pr,hội pr việt nam,,0,,0.00
pr,hội thoai pr ban thân tiếng nhật,,0,,0.00
pr,hội thoại tiếng anh về pr,,0,,0.00
pr,hộp trứng sharp pr-eggbox cn,,0,,0.00
pr,hợp đồng viết bài pr,,0,,0.00
pr,i can't login xbox on minecraft pr,,0,,0.00
pr,i would be an additional value to your pr team,,0,,0.00
pr,i'd like to send you an update from pr team,,0,,0.00
pr,i'm a pr,,0,,0.00
pr,i've been reading your pr ẻ,,0,,0.00
pr,iab pr,,0,,0.00
pr,iae hồ chí minh pr executive,,0,,0.00
pr,ibiza travel pr company,,0,,0.00
pr,ica gov pr,,0,,0.00
pr,ica online pr application,,0,,0.00
pr,icdc pr,,0,,0.00
pr,icejjfish on the floor official music video thatraw.com pr,,0,,0.00
pr,icf pr,,0,,0.00
pr,ico pr,,0,,0.00
pr,ico pr companies,,0,,0.00
pr,ico pr company,,0,,0.00
pr,ico pr marketing services,,0,,0.00
pr,ico pr services,,0,,0.00
pr,ico pr wire service,,0,,0.00
pr,icon đẹp chèn pr,,0,,0.00
pr,icongnghe pr,,0,,0.00
pr,ict help teacher save time in pr,,0,,0.00
pr,id no 8915 4525 pr since 30 09 2014,,0,,0.00
pr,idea about content pr,,0,,0.00
pr,idg pr training,,0,,0.00
pr,idol pr mắt kính,,0,,0.00
pr,ielts có dùng để xin pr không,,0,,0.00
pr,ielts for canada pr,,0,,0.33
pr,ielts general for australia pr,,0,,0.00
pr,ielts points for canada pr,,0,,0.00
pr,ielts points for pr,,0,,0.00
pr,ielts requirement for canada pr,,0,,0.00
pr,ielts validity for australian pr,,0,,0.00
pr,if you have any pr,,0,,0.00
pr,if you reprimand him he'll pr,,0,,0.00
pr,iinstall androi 3.0 pr,,0,,0.00
pr,ikea poster pr,,0,,0.00
pr,im-pr-520,,0,,0.00
pr,im-pr-520g,,0,,0.00
pr,im-pr-520g 1kg,,0,,0.00
pr,immediate pr,,0,,0.00
pr,immigration nz pr,,0,,0.00
pr,immigration nz pr new rules,,0,,0.00
pr,immigration nz pr points calculator,,0,,0.00
pr,imobiliaria arapongas pr,,0,,0.00
pr,imobiliaria caioba pr,,0,,0.00
pr,imobiliaria curitiba pr,,0,,0.00
pr,imobiliaria em caiobá pr,,0,,0.00
pr,imobiliarias em castro pr,,0,,0.00
pr,imobiliarias em curitiba pr,,0,,0.00
pr,imobiliarias em londrina pr,,0,,0.00
pr,imobiliarias paranagua pr,,0,,0.00
pr,imobiliária curitiba pr,,0,,0.00
pr,imobiliária em curitiba pr,,0,,0.00
pr,imobiliária em londrina pr,,0,,0.00
pr,imobiliária ponta grossa pr,,0,,0.00
pr,imobiliárias em colombo pr,,0,,0.00
pr,imogen pr and digital indonesia,,0,,0.00
pr,imoveis a venda em curitiba pr,,0,,0.00
pr,imoveis a venda em londrina pr,,0,,0.00
pr,imoveis castro pr,,0,,0.00
pr,imoveis londrina pr,,0,,0.00
pr,imoveis para alugar em londrina pr,,0,,0.00
pr,import ae to pr,,0,,0.00
pr,import video pr theo đuôi gì,,0,,0.00
pr,imu pr,,0,,0.00
pr,in house pr and pr agency,,0,,0.00
pr,in house pr manager,,0,,0.00
pr,in recent years researchers have found that pr eople in,,0,,0.00
pr,in the period of pr,,0,,0.00
pr,inbar lavi pr,,0,,0.00
pr,inbound marketing is not pr,,0,,0.00
pr,inbound pr là gì,,0,,0.00
pr,include child in pr application,,0,,0.00
pr,incom pr,,0,,0.00
pr,incon pr,,0,,0.00
pr,increase volume audio final cut pr,,0,,0.00
pr,independent artist pr,,0,,0.00
pr,independent music pr,,0,,0.00
pr,independent pr agencies ipswich,,0,,0.00
pr,independent pr visa australia,,0,,0.00
pr,indie dev urbrus pr,,0,,0.00
pr,indie music pr firms,,0,,0.00
pr,indre værdi pr aktie,,0,,0.00
pr,industrial engineering pr,,0,,0.00
pr,industrias em ponta grossa pr,,0,,0.00
pr,industry 4.0 pr,,0,,0.00
pr,influencer marketing pr,,0,,0.00
pr,influencer pr companies,,0,,0.00
pr,influencer pr strategy,,0,,0.00
pr,influencer và pr marketing,,0,,0.00
pr,infographic báo pr,,0,,0.00
pr,informal pr,,0,,0.00
pr,information furnish pr,,0,,0.00
pr,ing pr,,0,,0.00
pr,inhouse pr,,0,,0.00
pr,initial consonant clusters online practice gr pr,,0,,0.00
pr,ink pr,,0,,0.00
pr,inox pr,,0,,0.00
pr,inpoud pr reivew sách,,0,,0.00
pr,insert and overwrite trong pr,,0,,0.00
pr,insertion trong pr là gì,,0,,0.00
pr,inside out pr,,0,,0.00
pr,insight of a successful pr plan,,0,,0.00
pr,inspiring storytelling pr production free full,,0,,0.00
pr,instagram nhận pr chéo,,0,,0.00
pr,instagram pr agency,,0,,0.00
pr,instagram pr companies,,0,,0.00
pr,install adobe pr cc 2015 cracked,,0,,0.00
pr,install pip pr pip3,,0,,0.00
pr,install twrp lemfo lem 5 pr,,0,,0.00
pr,insurance for pregnancy australian pr,,0,,0.00
pr,integral pr,,0,,0.00
pr,integrated pr and seo,,0,,0.00
pr,interactive pr,,0,,0.10
pr,interal pr plan,,0,,0.00
pr,intercontinental pr,,0,,0.00
pr,interior design pr,,0,,0.00
pr,interiors pr,,0,,0.00
pr,interiors pr agency,,0,,0.00
pr,interl pr,,0,,0.00
pr,intermediate và pr-eintermediate cái nào cao hơn,,0,,0.00
pr,internal pr activity,,0,,0.00
pr,internal pr case studies,,0,,0.00
pr,internal pr event concept,,0,,0.00
pr,internal pr executive,,0,,0.00
pr,internal pr intern,,0,,0.00
pr,internal pr là gì,,0,,0.00
pr,internal pr png,,0,,0.00
pr,internal pr salary range in vietnam,,0,,0.00
pr,internal pr tools,,0,,0.00
pr,international graduates who gained pr in pei,,0,,0.00
pr,international pr agencies,,0,,0.00
pr,international pr agency manchester,,0,,0.00
pr,international pr case studies,,0,,0.00
pr,international pr companies,,0,,0.00
pr,international pr firms,,0,,0.00
pr,international pr research,,0,,0.00
pr,international student in singapore receiving pr,,0,,0.00
pr,international technical pr,,0,,0.00
pr,interne pr,,0,,0.00
pr,internship of team pr,,0,,0.00
pr,internship pr-marketing,,0,,0.00
pr,interview skill in pr mcgraw hill,,0,,0.00
pr,intrcomp pr,,0,,0.00
pr,intro giáng sinh pr,,0,,0.00
pr,intro party pr template,,0,,0.00
pr,intro pr cc 2015,,0,,0.00
pr,intro tính toán pr,,0,,0.00
pr,intu pr campaign assignment,,0,,0.00
pr,intu pr campain assignment,,0,,0.00
pr,intu properties pr campaign,,0,,0.00
pr,intu properties pr campain,,0,,0.00
pr,inuyashiki ep 8 pr,,0,,0.00
pr,invest to get pr montenegro,,0,,0.00
pr,investiture macron.pr.legislative etranger,,0,,0.00
pr,investment into canada to get pr,,0,,0.00
pr,investment pr canada,,0,,0.00
pr,investor relations pr,,0,,0.00
pr,invitation different pitch letter in pr marketing,,0,,0.00
pr,invitation in pr marketing,,0,,0.00
pr,invitation trong pr,,0,,0.00
pr,invitation và pitch letter trong pr,,0,,0.00
pr,iobit smart defrag pr,,0,,0.00
pr,iogjhmkmmm mmmmm m4444444https search.safefinder.com st pr&q,,0,,0.00
pr,iphone solutions pr,,0,,0.00
pr,ir và pr,,0,,0.00
pr,iris pr software,,0,,0.00
pr,irish pr agencies,,0,,0.00
pr,is activation booth pr,,0,,0.00
pr,is activation booth pr tool,,0,,0.00
pr,is australian pr valid in new zealand,,0,,0.00
pr,is it easy to get pr in ireland,,0,,0.00
pr,is phd supported for australian pr,,0,,0.00
pr,is photo booth as pr or advertising,,0,,0.00
pr,is pr an interpretation of the truth,,0,,0.00
pr,is pr below the line,,0,,0.00
pr,is provincial nomination the best way for pr canada vsa,,0,,0.00
pr,is short term skilled occupation eligible for pr,,0,,0.00
pr,is that too much meeting for pr professionals,,0,,0.00
pr,is there a place for introverts in marketing and pr,,0,,0.00
pr,isaac awards winners pr,,0,,0.00
pr,iscah news aus pr,,0,,0.00
pr,isla culebra pr,,0,,0.00
pr,isle of man advertising marketing & pr,,0,,0.00
pr,isle of man pr,,0,,0.00
pr,isolant pr,,0,,0.00
pr,isolateur pr,,0,,0.00
pr,it pr,,0,,0.00
pr,it pr agency,,0,,0.00
pr,it pr uk,,0,,0.00
pr,it 営業 自己 pr,,0,,0.00
pr,item text in po sap from pr,,0,,0.00
pr,ivy lee pr theory,,0,,0.00
pr,j7 pr pico,,0,,0.00
pr,j7 pr wireless,,0,,0.00
pr,ja solar jam6 k 72-350 pr,,0,,0.00
pr,jackson pr,,0,,0.00
pr,jam pr,,0,,0.00
pr,jam6 k 72 350 pr,,0,,0.00
pr,jam6 k 72-355 pr,,0,,0.00
pr,jam6 k 72-355 pr trina solar,,0,,0.00
pr,japan pr girl,,0,,0.00
pr,japan success pr,,0,,0.00
pr,jav fa pr,,0,,0.00
pr,jav hd.pr,,0,,0.00
pr,javahd.pr,,0,,0.00
pr,jcp pr,,0,,0.00
pr,jd polardio pr-12,,0,,0.00
pr,jd pr nội bộ,,0,,0.00
pr,jebo pr 208,,0,,0.00
pr,jebo pr 208 pool,,0,,0.00
pr,jebo pr 208b,,0,,0.00
pr,jeep pr,,0,,0.00
pr,jeep usados pr,,0,,0.00
pr,jennings pr 1969 screening rice varieties blast,,0,,0.00
pr,jern pris pr kg,,0,,0.00
pr,jhin pr,,0,,0.00
pr,jijun liu southeast university nanjing pr china,,0,,0.00
pr,jira link github pr,,0,,0.00
pr,jmk325b7476km-pr,,0,,0.00
pr,jo jones pr,,0,,0.00
pr,job description của pr executive,,0,,0.00
pr,job description for pr assistant,,0,,0.00
pr,job description for pr executive,,0,,0.00
pr,job for pr in australia,,0,,0.00
pr,job list for pr in canada,,0,,0.00
pr,job profile of a pr executive,,0,,0.00
pr,job profile of a pr executive short summary,,0,,0.00
pr,job purpose on pr employers,,0,,0.00
pr,jobs easy to apply for pr in australia,,0,,0.00
pr,jobs that can apply for pr australia,,0,,0.00
pr,jobsearch pr,,0,,0.00
pr,jonathan alethico pr,,0,,0.00
pr,jquery check windows pr macos,,0,,0.00
pr,julian chiang pr blueprint,,0,,0.00
pr,julian chiang pr bluprint,,0,,0.00
pr,julian chiang pr singapore,,0,,0.00
pr,julian chiang singapore pr,,0,,0.00
pr,jungkook pr filter,,0,,0.00
pr,juninper pr,,0,,0.00
pr,junos 16.1 pr,,0,,0.00
pr,just pr'd,,0,,0.00
pr,justyfi trong pr,,0,,0.00
pr,k xuất hiện chữ trong pr,,0,,0.00
pr,k5 pr p1m,,0,,0.00
pr,kaali ghani raat badlo pr shyari,,0,,0.00
pr,kabooter dil gulabb pr mix shyari in hindi,,0,,0.00
pr,kaede x yurika pr,,0,,0.00
pr,kaffebønner pr liter,,0,,0.00
pr,kalorie indtag pr dag,,0,,0.00
pr,kamen rider agito pr,,0,,0.00
pr,kansas city pr,,0,,0.00
pr,kara nhac bang pr,,0,,0.00
pr,kartofler pr person,,0,,0.00
pr,katherine hudson pr,,0,,0.00
pr,kaunas vytauto pr,,0,,0.00
pr,ke hoach pr bat dong san,,0,,0.00
pr,ke hoach pr cho phim,,0,,0.00
pr,ke hoach pr pepsi 2019,,0,,0.00
pr,ke hoach pr san pham sua rua mat,,0,,0.00
pr,kedma pr,,0,,0.00
pr,keep s pass in singapore can get pr,,0,,0.00
pr,keep-alive juniper pr,,0,,0.00
pr,keiran lee pr,,0,,0.00
pr,keller pr 46x,,0,,0.00
pr,kem trộn pr khủng,,0,,0.00
pr,kenh pr,,0,,0.00
pr,kenh quan he pr,,0,,0.00
pr,kenh14 pr cho phía trước là bầu trời,,0,,0.00
pr,kenny dạy phát âm pr,,0,,0.00
pr,keshefoundation.org pr code,,0,,0.00
pr,ket hon voi nguoi canada bao lau moi co pr,,0,,0.00
pr,ket qua c procopense pen ce uniao pr pen,,0,,0.00
pr,ket qua c procopense vs ce uniao pr,,0,,0.00
pr,key advanced systemcare 12.2.0 pr,,0,,0.00
pr,key avast pr,,0,,0.00
pr,key message in pr,,0,,0.00
pr,key pr pro 7 ls20,,0,,0.00
pr,key setup.x86.en-us_homebusinessretail_ngmqk-wc44b-kfwqx-xhmvx-7xjc2_tx_pr_ exe,,0,,0.00
pr,key trong pr,,0,,0.00
pr,keyboard lightning pr 8900x,,0,,0.00
pr,keyboard lightning pr 8900x giá,,0,,0.00
pr,keát noái pts vôùi pr,,0,,0.00
pr,keênh pr sản phẩm,,0,,0.00
pr,keế hoạch pr,,0,,0.00
pr,keế hoạch pr & marketing,,0,,0.00
pr,keế hoạch pr cho công ty vissan,,0,,0.00
pr,keế hoạch pr dịch vụ thiết kế name card,,0,,0.00
pr,keế hoạch và chương trình pr,,0,,0.00
pr,kfc pr disaster,,0,,0.00
pr,kfd pr,,0,,0.00
pr,kg armering pr m3 betong,,0,,0.00
pr,kh-8005-pr,,0,,0.00
pr,kha i niê m pr,,0,,0.00
pr,kha pr ho meaning in english,,0,,0.00
pr,khach nhau giua ae va pr,,0,,0.00
pr,khai giảng khóa học communications pr tại hà nội,,0,,0.00
pr,khai niem ve pr-marketing,,0,,0.00
pr,khanh van pr,,0,,0.00
pr,khanh van pr's blog,,0,,0.00
pr,khas tor pr meaning in english,,0,,0.00
pr,khi chính quyền làm pr,,0,,0.00
pr,khi nao doanh nghiệp cần pr,,0,,0.00
pr,khi nào doanh nghiệp cần pr,,0,,0.00
pr,khoa hoc pr,,0,,0.00
pr,khoa luận pr,,0,,0.00
pr,khoa pr học viện báo chí và tuyên truyền,,0,,0.00
pr,khoa pr học viện báo chí và tuyên truyền logo,,0,,0.00
pr,khoa pr trường đại học văn lang,,0,,0.00
pr,khoa pr đh văn lang,,0,,0.00
pr,khoa pr đại học hòa bình,,0,,0.00
pr,khoa pr đại học văn lang,,0,,0.00
pr,khoa pug và chiêu pr bẩn,,0,,0.00
pr,khoang cach tu pr di sai gon,,0,,0.00
pr,khoang hay doan pr,,0,,0.00
pr,khoang pr,,0,,0.00
pr,khoang pr và or khac nhau,,0,,0.00
pr,khoang pr và or khac nhau trong thống kê,,0,,0.00
pr,khong co title trong pr,,0,,0.00
pr,khong the tat lop phu man hinh trong c9 pr,,0,,0.00
pr,khoá học về pr,,0,,0.00
pr,khoảng pr là gì trong cường độ t1,,0,,0.00
pr,khoảng pr trong cường độ t1,,0,,0.00
pr,khoảng pr va qt binh thường,,0,,0.00
pr,khpho 5 phường đo vinh tp pr tcham,,0,,0.00
pr,khung bao pr cua sat,,0,,0.00
pr,khung chiến dịch pr,,0,,0.00
pr,khung gánh tạ pr-02,,0,,0.00
pr,khung viết một bài pr,,0,,0.00
pr,khuyết điểm của chiến dịch pr vinamilk,,0,,0.00
pr,khác biệt giữa dòng pr và ols,,0,,0.00
pr,khác nhau giữa ae và pr,,0,,0.00
pr,khác nhau giữa marketing và pr,,0,,0.00
pr,khác nhau giữa pr và or,,0,,0.00
pr,khác nhau giữa tỉ số pr và or,,0,,0.00
pr,khái niêm ve pr,,0,,0.00
pr,khái niệm pr cộng đồng,,0,,0.00
pr,khái niệm pr là gì,,0,,0.00
pr,khái niệm quảng cáo và pr,,0,,0.00
pr,khái niệmkỹ năng viết cho pr,,0,,0.00
pr,khám sức khỏe xin pr canada,,0,,0.00
pr,khánh vân pr,,0,,0.00
pr,khánh vân pr có mấy đứa con,,0,,0.00
pr,khánh vân pr fb,,0,,0.00
pr,khánh vân pr là ai,,0,,0.00
pr,khánh vân pr sinh năm bao nhiêu,,0,,0.00
pr,khó khăn trong nghề pr,,0,,0.00
pr,khóa học ai pts pr ở tphcm,,0,,0.00
pr,khóa học pr chuyên nghiệp,,0,,0.00
pr,khóa học pr manager,,0,,0.00
pr,khóa học pr marketing online,,0,,0.00
pr,khóa học pr marketing online ybox,,0,,0.00
pr,khóa học pr ngắn hạn,,0,,0.00
pr,khóa học pr ngắn hạn tphcm,,0,,0.00
pr,khóa học pr ngắn hạn tại hà nội,,0,,0.00
pr,khóa học pr ngắn hạn ở đâu,,0,,0.00
pr,khóa học pr ngắn hạn ở đâu webtretho,,0,,0.00
pr,khóa học pr truyền thông,,0,,0.00
pr,khóa học pr trường nhân văn,,0,,0.00
pr,khóa học truyền thông pr,,0,,0.00
pr,khóa học viết bài pr,,0,,0.00
pr,khóa học viết content pr,,0,,0.00
pr,khóa học viết pr,,0,,0.00
pr,khóa học về pr,,0,,0.00
pr,khôi phục project pr chưa lưu,,0,,0.00
pr,không nghe được tiếng video trong pr,,0,,0.00
pr,không render đươ c trong pr cc2018,,0,,0.00
pr,không view được video trong pr,,0,,0.00
pr,không xuất video adobe pr,,0,,0.00
pr,khúc xạ kế kỹ thuật số pr-32α,,0,,0.00
pr,khúc xạ kế kỹ thuật số pr-32α giá,,0,,0.00
pr,khăn bàn towa nhũ bạc hình oval pr 4092 92cm,,0,,0.00
pr,khăn tắm pr-towel3,,0,,0.00
pr,khả năng pr là gì,,0,,0.00
pr,khả năng thuyết phục của pr,,0,,0.00
pr,khắc phục adobe pr hết hạn,,0,,0.00
pr,khắc phục adobe pr hết hạn 2017,,0,,0.00
pr,khắc phục pr hết hạn,,0,,0.00
pr,khủng hoảng mãn tính pr,,0,,0.00
pr,khủng hoảng mãn tính trong pr,,0,,0.00
pr,khủng hoảng truyền thông và pr,,0,,0.00
pr,khử nhiễu video với pr,,0,,0.00
pr,khử pr lạ,,0,,0.00
pr,kich thuoc anh khi cho vao pr,,0,,0.00
pr,kich thuoc bai pr chuan,,0,,0.00
pr,kickstarter pr videos,,0,,0.00
pr,kiem tra pr web,,0,,0.00
pr,kiem tra suc khoe lay pr uc o vietnam,,0,,0.00
pr,kien thuc co ban ve pr,,0,,0.00
pr,kien tuc pr la gi,,0,,0.00
pr,kieê m tra pr,,0,,0.00
pr,kii pr photokatsu,,0,,0.00
pr,kim joo hwang pr,,0,,0.00
pr,kim thu sét liva pr 188m,,0,,0.00
pr,king of pr,,0,,0.00
pr,kinh nghiem xin pr canada,,0,,0.00
pr,kinh nghiem xin pr dien dinh cu tay nghe,,0,,0.00
pr,kinh nghiệm làm pr karaoke,,0,,0.00
pr,kinh nghiệm pr hay danh tiếng,,0,,0.00
pr,kinh nghiệm viết bài pr,,0,,0.00
pr,kinh nghiệm xin pr thường trú úc,,0,,0.00
pr,kinh phí hoạt động của pr,,0,,0.00
pr,kiriyama renn tôkyô pr woman,,0,,0.00
pr,kisi pr meaning in english,,0,,0.00
pr,kiếm tiền bằng cách pr sản phẩm,,0,,0.00
pr,kiều anh hera pr lừa người,,0,,0.00
pr,kiểm tra pr của website,,0,,0.00
pr,kiểm tra pr của website online,,0,,0.00
pr,kiểm tra pr website,,0,,0.00
pr,kiểm tra pr website seoquake,,0,,0.00
pr,klabin ortigueira pr,,0,,0.00
pr,knoxville pr firms,,0,,0.00
pr,koino kh-8005-pr,,0,,0.00
pr,kommunikasjon og pr,,0,,0.00
pr,konnect pr,,0,,0.00
pr,kostenlose pr,,0,,0.00
pr,kostpris pr. kuvert,,0,,0.00
pr,kpi cho pr,,0,,0.00
pr,kpi trong pr,,0,,0.00
pr,kpis đo tương tác pr online,,0,,0.00
pr,kreatywna agencja pr,,0,,0.00
pr,krisen pr,,0,,0.00
pr,ksa pr-5 al ahli jeddah 0 0 al-sadd qat d1-1,,0,,0.00
pr,ksa pr-5 al ahli jeddah vs al-sadd qat d1-1,,0,,0.00
pr,ky năng cu a pr,,0,,0.00
pr,ky thuâ t pr la gi,,0,,0.00
pr,kylling pr person,,0,,0.00
pr,kyonggi university video pr,,0,,0.00
pr,kyonggi university video pr ánh,,0,,0.00
pr,kyuhttps search.safefinder.com st pr&q,,0,,0.00
pr,kéo pr là j,,0,,0.00
pr,kéo ảnh vừa khung hình trong pr,,0,,0.00
pr,kênh pr,,0,,0.00
pr,kênh pr uy tín,,0,,0.00
pr,kênh đăng bài pr,,0,,0.00
pr,kênh đặt pr trên kênh nào,,0,,0.00
pr,kêu goi pr,,0,,0.00
pr,kí hiểu pr,,0,,0.00
pr,kí hiệu lời chúa 1 pr,,0,,0.00
pr,kí hiệu pr là đường dùng gì,,0,,0.00
pr,kí hiệu pr là đường dùng thuốc gì,,0,,0.00
pr,kích thước eam-pr-00050b19l,,0,,0.00
pr,köln pr agentur,,0,,0.00
pr,ký hieu pb va pr,,0,,0.00
pr,ký hiệu pr,,0,,0.00
pr,ký hiệu pr trong hệ thống tài liệu,,0,,0.00
pr,ký hiệu pr trên lốp xe,,0,,0.00
pr,ký hiệu pr trên mạch điện tử,,0,,0.00
pr,kế hoạch chiến lược pr là gì,,0,,0.00
pr,kế hoạch pr & marketing,,0,,0.00
pr,kế hoạch pr chi tiết,,0,,0.00
pr,kế hoạch pr cho 1 sản phẩm,,0,,0.00
pr,kế hoạch pr cho chương trình,,0,,0.00
pr,kế hoạch pr cho các cửa hàng tiện ích,,0,,0.00
pr,kế hoạch pr cho du lịch,,0,,0.00
pr,kế hoạch pr cho du lịch đà nẵng,,0,,0.00
pr,kế hoạch pr cho một bộ phim,,0,,0.00
pr,kế hoạch pr cho một bộ phim wonder woman,,0,,0.00
pr,kế hoạch pr cho một sản phẩm mới,,0,,0.00
pr,kế hoạch pr cho quán cafe,,0,,0.00
pr,kế hoạch pr cho siêu thị,,0,,0.00
pr,kế hoạch pr cho sự kiện,,0,,0.00
pr,kế hoạch pr cho trường đại học kinh đô,,0,,0.00
pr,kế hoạch pr của coca-cola,,0,,0.00
pr,kế hoạch pr của grab,,0,,0.00
pr,kế hoạch pr của honda,,0,,0.00
pr,kế hoạch pr của tiki,,0,,0.00
pr,kế hoạch pr của yamaha,,0,,0.00
pr,kế hoạch pr là gì,,0,,0.00
pr,kế hoạch pr ma cho website,,0,,0.00
pr,kế hoạch pr nội thất,,0,,0.00
pr,kế hoạch pr phim cô ba sài gòn,,0,,0.00
pr,kế hoạch pr sản phẩm mới,,0,,0.00
pr,kế hoạch pr sản phẩm nội thất,,0,,0.00
pr,kế hoạch pr sử dụng mạng xã hội,,0,,0.00
pr,kế hoạch pr tuyển sinh đào tạo,,0,,0.00
pr,kế hoạch pr vietnamwork,,0,,0.00
pr,kế hoạch pr đào tạo,,0,,0.00
pr,kế hoạch tin bài pr,,0,,0.00
pr,kế hoạch truyền thông pr sa phẩm mới,,0,,0.00
pr,kế hoạch truyền thông pr sa phẩm mới 2019,,0,,0.00
pr,kế hoạch viết cho bài pr,,0,,0.00
pr,kết nối component y pb pr,,0,,0.00
pr,kết nối cáp component y pb pr,,0,,0.00
pr,kết nối pr 750 với plc,,0,,0.00
pr,kết quả ecg pr ngắn là gì,,0,,0.00
pr,kết tủa pr trong trứng muối,,0,,0.00
pr,kịch bản phát thanh pr sản phẩm,,0,,0.00
pr,kỹ năng pr prezi,,0,,0.00
pr,kỹ năng viết bà pr sản phẩm,,0,,0.00
pr,kỹ năng viết bài pr bán hàng,,0,,0.00
pr,kỹ năng viết bài pr chuẩn seo,,0,,0.00
pr,kỹ năng viết bài pr chuẩn seo ebook,,0,,0.00
pr,kỹ năng viết bài pr fb,,0,,0.00
pr,kỹ năng viết bài pr tăng doanh số bán hàng,,0,,0.00
pr,kỹ năng viết cho pr là gì,,0,,0.00
pr,kỹ năng viết pr,,0,,0.00
pr,kỹ thuật nghiên cứu pr,,0,,0.00
pr,kỹ thuật pr,,0,,0.00
pr,kỹ thuật pr cho sản phẩm công nghệ,,0,,0.00
pr,kỹ thuật pr của mcdonalds va o viê t nam,,0,,0.00
pr,kỹ thuật pr của mcdonalds vào việt nam,,0,,0.00
pr,kỹ thuật viết bài pr,,0,,0.00
pr,kỹ thuật viết bài pr pdf,,0,,0.00
pr,kỹ thuật viết bài pr quảng cáo pdf,,0,,0.00
pr,kỹ thuật viết pr quảng cáo bán hàng,,0,,0.00
pr,l'oreal brow artist designer pr,,0,,0.00
pr,l'oreal brow artist designer pr sheis,,0,,0.00
pr,la casa de nuestra gente pr,,0,,0.00
pr,la pr firms,,0,,0.00
pr,laboratorio anchieta resultados toledo pr,,0,,0.00
pr,lacoruna food pr,,0,,0.00
pr,lai tv pr,,0,,0.00
pr,lai xuat pr,,0,,0.00
pr,lakers pr,,0,,0.00
pr,laks pr person,,0,,0.00
pr,lam hieu ung logo xoay trong pr,,0,,0.00
pr,lam mo guong mat trong pr,,0,,0.00
pr,lam mờ nền trong pr,,0,,0.00
pr,lamf pr thanh toan la gi,,0,,0.00
pr,lan huong pr mua laptop xong 20150413,,0,,0.00
pr,lance armstrong ironman pr result,,0,,0.00
pr,lander pr,,0,,0.00
pr,landmark 81 pr,,0,,0.00
pr,lane pr,,0,,0.00
pr,lane pr portland,,0,,0.00
pr,lapola materiais de construção curitiba pr,,0,,0.00
pr,laravel cache directory must be pr esent and writable,,0,,0.00
pr,las ruinas aguadilla pr,,0,,0.00
pr,las vegas pr,,0,,0.00
pr,last stand dead zone pr,,0,,0.00
pr,latte coffee pr,,0,,0.00
pr,launchpad pr 95 step sequencer,,0,,0.00
pr,laura pr,,0,,0.00
pr,laura sakubara pr,,0,,0.00
pr,laura sakubaraa pr,,0,,0.00
pr,law firm pr,,0,,0.00
pr,law pr companies,,0,,0.00
pr,lay pr latvia,,0,,0.00
pr,lazada vietnam pr executive,,0,,0.00
pr,laàm sao thay đổi thứ hạng pr trang website,,0,,0.00
pr,laàm video ảnh cưới bằng adobe pr cc,,0,,0.00
pr,laập kế hoach pr,,0,,0.00
pr,le bich ngoc linkedin yamaha pr,,0,,0.00
pr,le bich ngoc yamaha pr,,0,,0.00
pr,le bich ngoc yamaha pr manager,,0,,0.00
pr,le phi khám sức khỏe xin pr canada,,0,,0.00
pr,lead bài pr là gì,,0,,0.00
pr,leading legal pr agency,,0,,0.00
pr,leading pr agencies in india,,0,,0.00
pr,leading pr agency,,0,,0.00
pr,leading pr agency for cannabis,,0,,0.00
pr,leading pr agency in bangalore,,0,,0.00
pr,leading pr firm for cannabis,,0,,0.00
pr,leading pr firms,,0,,0.00
pr,learn online pr,,0,,0.00
pr,learning japanese kanji pr,,0,,0.00
pr,lebros pr,,0,,0.00
pr,led light led-pr-25-b-3,,0,,0.00
pr,led pr,,0,,0.00
pr,ledingham 2003 190 theory of relationship management for pr,,0,,0.00
pr,ledvance spotlight pr,,0,,0.00
pr,legal pr agency,,0,,0.00
pr,legal pr companies,,0,,0.00
pr,legal pr firms,,0,,0.00
pr,legal pr london,,0,,0.00
pr,leicester digital pr,,0,,0.00
pr,leisure industry pr,,0,,0.00
pr,leisure pr,,0,,0.00
pr,leisure pr agency,,0,,0.00
pr,leisure pr london,,0,,0.00
pr,lemongrass pr,,0,,0.00
pr,len mau pr,,0,,0.00
pr,lengthened pr interval,,0,,0.00
pr,lephuongthao251.pr gmail.com,,0,,0.00
pr,les deux pr,,0,,0.00
pr,les facon pour la publicite de pr éservatif,,0,,0.00
pr,lethal pr,,0,,0.00
pr,letter pr ess s p p in in ting,,0,,0.00
pr,letters to votes at election time send pr.simple,,0,,0.00
pr,leverage pr là gì,,0,,0.00
pr,levy 2007 pr,,0,,0.00
pr,levy 2007 pr practice,,0,,0.00
pr,lewis pr,,0,,0.33
pr,lewis pr san francisco,,0,,0.00
pr,li hôn pr,,0,,0.00
pr,liberty cable pr,,0,,0.00
pr,library for pr video,,0,,0.00
pr,license key eset mobil security pr,,0,,0.00
pr,lien hệ viet bai pr zing,,0,,0.00
pr,lien minh pr osu,,0,,0.00
pr,life coach pr,,0,,0.00
pr,life science and healthcare pr and marketing agency,,0,,0.00
pr,life science pr,,0,,0.00
pr,life sciences pr agencies,,0,,0.00
pr,life sciences pr firms,,0,,0.00
pr,lifestyle brand pr agency,,0,,0.00
pr,lifestyle pr,,0,,0.00
pr,lifestyle pr agencies london,,0,,0.33
pr,lifestyle pr agencies melbourne,,0,,0.00
pr,lifestyle pr agency,,0,,0.00
pr,lifestyle pr agency sydney,,0,,0.00
pr,lifestyle pr companies,,0,,0.00
pr,lifestyle pr firms,,0,,0.00
pr,lifestyle pr melbourne,,0,,0.00
pr,lighting rescue pr,,0,,0.00
pr,lighting rescue pr megazord,,0,,0.00
pr,lightning led pr 1368,,0,,0.00
pr,lightning pr 1368,,0,,0.00
pr,lightning pr 8600,,0,,0.00
pr,lightning pr 8900,,0,,0.00
pr,lightning pr 8900x,,0,,0.00
pr,lightning pr-8800 led giả cơ,,0,,0.00
pr,lightning pr-8801,,0,,0.00
pr,lightroom effects for pr,,0,,0.00
pr,likehack pr,,0,,0.00
pr,lilie shirogane pr photokatsu,,0,,0.00
pr,limit switch ac250v-5a kh-8005-pr,,0,,0.00
pr,line adobe pr,,0,,0.00
pr,line pr,,0,,0.00
pr,linhart pr,,0,,0.00
pr,linhntp.pr gmail.com,,0,,0.00
pr,link github pr to jira,,0,,0.00
pr,link hera pr,,0,,0.00
pr,link issue and pr,,0,,0.00
pr,lipton pr,,0,,0.00
pr,list backlink high pr,,0,,0.00
pr,list course easy to get pr in victoria australia,,0,,0.00
pr,list down pr,,0,,0.00
pr,list down pr sap mm,,0,,0.00
pr,list of pr australia government,,0,,0.00
pr,list of pr editorial articles in online media,,0,,0.00
pr,list of pr in sap,,0,,0.33
pr,list of top pr agencies in india,,0,,0.00
pr,list of top pr agencies in mumbai,,0,,0.00
pr,list pr in sap,,0,,0.00
pr,list_of_countries_by_past_and_pr,,0,,0.00
pr,lita pr,,0,,0.00
pr,liter maling pr m2,,0,,0.00
pr,liter mælk pr ko,,0,,0.00
pr,litigation pr firms,,0,,0.00
pr,litmus pr,,0,,0.00
pr,little mole pr,,0,,0.00
pr,little red pr,,0,,0.00
pr,live long and pr,,0,,0.00
pr,livehack com.pr,,0,,0.00
pr,livehack cơm pr,,0,,0.00
pr,liverpool pr,,0,,0.00
pr,liên hệ bài pr trên vnexpress,,0,,0.00
pr,liên kết ae với pr adobe,,0,,0.00
pr,lm pr nguyen van kham,,0,,0.00
pr,lmr-bac-pr,,0,,0.00
pr,lo c pr tây,,0,,0.00
pr,loa pr neo 15,,0,,0.00
pr,lobby trong pr,,0,,0.00
pr,lobbying in pr hotel strategy,,0,,0.00
pr,lobbying in pr meaning,,0,,0.00
pr,lobbying pr function,,0,,0.00
pr,loc tap am trong pr,,0,,0.00
pr,local control box 2 pr,,0,,0.00
pr,local control box 2 pr abb,,0,,0.00
pr,local pr agencies,,0,,0.00
pr,local pr firms,,0,,0.00
pr,lock and lock pr-llpal24,,0,,0.00
pr,lock&lock hpl931nbk-pr,,0,,0.00
pr,lock&lock llg659blu-pr,,0,,0.00
pr,lock&lock llg659blu-pr shopee,,0,,0.00
pr,lock&lock tuyển dụng pr marketing executive,,0,,0.00
pr,login use pr code,,0,,0.00
pr,logistics pr agency,,0,,0.00
pr,logistics pr consultant,,0,,0.00
pr,logistics pr firm,,0,,0.00
pr,logistics pr speaker,,0,,0.00
pr,logo appear pr tempalte,,0,,0.00
pr,logo havas pr,,0,,0.00
pr,logo khoa pr-ads,,0,,0.00
pr,logo omnicom pr group,,0,,0.00
pr,logo pr adpbe,,0,,0.00
pr,logo pr-ads,,0,,0.00
pr,logo senai pr,,0,,0.00
pr,logtech g pr gaming,,0,,0.00
pr,loi api-ms-win-core-pr-l1-1-1.dll,,0,,0.00
pr,loi pr 2018,,0,,0.00
pr,loi pr hay cho quan cafe,,0,,0.00
pr,loja de moveis em curitiba pr,,0,,0.00
pr,loja evangelizar é preciso curitiba pr,,0,,0.00
pr,lojas frança curitiba pr,,0,,0.00
pr,london b2b pr agency,,0,,0.00
pr,london digital pr,,0,,0.00
pr,london media pr,,0,,0.00
pr,london pr agencies freelance solutions,,0,,0.00
pr,london travel pr,,0,,0.00
pr,london travel pr agency,,0,,0.00
pr,londrina pr figueirense sc,,0,,0.00
pr,londrina pr h criciuma ec sc,,0,,0.00
pr,londrina pr h criciuma ec sc soi keo,,0,,0.00
pr,londrina pr h figueirense sc,,0,,0.00
pr,londrina pr h parana pr,,0,,0.00
pr,londrina pr h parana pr soi keo,,0,,0.00
pr,londrina pr h sao bento sp,,0,,0.00
pr,londrina pr v botafogo sp nhận định,,0,,0.00
pr,long pr,,0,,0.00
pr,long-form pr article,,0,,0.00
pr,lop casumina 650-16 14 pr tai ha noi,,0,,0.00
pr,lop xe 1200 20 20 pr,,0,,0.00
pr,los angeles cannabis pr agency,,0,,0.00
pr,lost canadian pr card outside canada,,0,,0.00
pr,lotte e-commerce vietnam pr & partnership,,0,,0.00
pr,lotteria pr manager,,0,,0.00
pr,lotteria tuyen dung pr manager,,0,,0.00
pr,lotteria tuyen pr manager,,0,,0.00
pr,lotus pr,,0,,0.00
pr,lovemark pr,,0,,0.00
pr,low exception in pr,,0,,0.00
pr,lower third intro pr,,0,,0.00
pr,loại bỏ âm thanh trong video trên adobe pr,,0,,0.00
pr,loỗi không mở đc pr,,0,,0.00
pr,loỗi không mở được pr,,0,,0.00
pr,loỗi không mở được pr 2019,,0,,0.00
pr,loỗi pr,,0,,0.00
pr,loỗi pr tự thoát,,0,,0.00
pr,ltvp spouse of pr,,0,,0.00
pr,luat pr,,0,,0.00
pr,lucien matrat pr,,0,,0.00
pr,lucien matrat pr definition,,0,,0.00
pr,lulu pr,,0,,0.00
pr,lumen pr m2,,0,,0.00
pr,luong khoi diem cua pr specialist tai avery dennison,,0,,0.00
pr,lut màu pr video du lich,,0,,0.00
pr,lut pr ceremony pre wedding,,0,,0.00
pr,luts filter for japan for pr,,0,,0.00
pr,lux pr,,0,,0.00
pr,luxury brand pr,,0,,0.00
pr,luxury brand pr agency,,0,,0.00
pr,luxury brand pr london,,0,,0.00
pr,luxury fashion pr,,0,,0.00
pr,luxury fashion pr companies london,,0,,0.00
pr,luxury fashion pr london,,0,,0.00
pr,luxury hotel pr uk,,0,,0.00
pr,luxury lifestyle pr,,0,,0.00
pr,luxury pr,,0,,0.00
pr,luxury pr agency,,0,,0.00
pr,luxury pr agency london,,0,,0.00
pr,luxury pr companies,,0,,0.00
pr,luxury pr companies london,,0,,0.00
pr,luxury pr consultancy,,0,,0.00
pr,luxury pr group,,0,,0.00
pr,luxury pr london,,0,,0.00
pr,luxury travel pr,,0,,0.00
pr,luxury travel pr agency,,0,,0.00
pr,luxury travel pr companies,,0,,0.00
pr,luxury travel pr london,,0,,0.00
pr,luận văn thạc sĩ về pr,,0,,0.00
pr,luật & quan hệ công chúng và pr,,0,,0.00
pr,ly hôn pr,,0,,0.00
pr,ly na pr director,,0,,0.00
pr,ly nhựa cao cấp pr-dhp1 km,,0,,0.00
pr,ly sứ cao cấp pr dhc2,,0,,0.00
pr,ly thủy tinh 3 pr-nts3,,0,,0.00
pr,ly thủy tinh sharp pr-nts3,,0,,0.00
pr,là viral clip pr công ty,,0,,0.00
pr,làm chữ chạy xuyên suốt video pr,,0,,0.00
pr,làm chữ cuộn trong pr,,0,,0.00
pr,làm cách nào để pr thương hiệu cá nhân,,0,,0.00
pr,làm gì khi chi phí pr quá nhỏ,,0,,0.00
pr,làm hồ sợ nộp pr tư vấn,,0,,0.00
pr,làm intro bằng pr,,0,,0.00
pr,làm meme bằng pr,,0,,0.00
pr,làm mượt hiệu ứng chuyển động trong pr,,0,,0.00
pr,làm mờ logo trên video bằng mask pr,,0,,0.00
pr,làm mờ video theo key time pr,,0,,0.00
pr,làm mờ video trong adobe pr,,0,,0.00
pr,làm nhỏ tiếng cuối video pr,,0,,0.00
pr,làm nền video mờ pr,,0,,0.00
pr,làm pr trong chư pescial,,0,,0.00
pr,làm pr trực tiếp,,0,,0.00
pr,làm pr úc,,0,,0.00
pr,làm sao pr bản thân trên facebook cho hiệu quả,,0,,0.00
pr,làm sao pr sản phẩm tốt,,0,,0.00
pr,làm sao để giúp người khác pr,,0,,0.00
pr,làm sao để pr 1 cuốn sách,,0,,0.00
pr,làm sao để pr cho người khác,,0,,0.00
pr,làm sao để pr truyện minh trên wattpad,,0,,0.00
pr,làm sao để pr trên facebook,,0,,0.00
pr,làm sao để quet mã pr trên chplay,,0,,0.00
pr,làm sao để viết bài pr,,0,,0.00
pr,làm thế nào để pr,,0,,0.00
pr,làm thế nào để pr trên facebook,,0,,0.00
pr,làm thế nào để viết một pr plan,,0,,0.00
pr,làm thế nào để đánh giá một kế hoạch pr,,0,,0.00
pr,làm thể nào pr 2017 chạy 2018,,0,,0.00
pr,làm video chuyen động lùi trong pr,,0,,0.00
pr,làm video chạy chậm lại bằng pr,,0,,0.00
pr,làm video hình pr,,0,,0.00
pr,làm video time lapse pr,,0,,0.00
pr,làm video ảnh bằng pr,,0,,0.00
pr,làm việc lĩnh vực pr,,0,,0.00
pr,làm việc ở mảng pr,,0,,0.00
pr,làm vì pr,,0,,0.00
pr,làm vì pr tên tuổi,,0,,0.00
pr,lâ p ngan sach pr,,0,,0.00
pr,lâ p ngân sa ch pr,,0,,0.00
pr,lægning af fliser pris pr m2,,0,,0.00
pr,lægning af klinker pris pr m2,,0,,0.00
pr,lê bê la pr,,0,,0.00
pr,lê minh tâm chuyên gia pr event,,0,,0.00
pr,lên bài pr baomoi,,0,,0.00
pr,lên chương tri nh pr,,0,,0.00
pr,lên kế hoạch pr,,0,,0.00
pr,lên kế hoạch pr sản phẩm,,0,,0.00
pr,lên kế hoạch pr sản phẩm thiết kế,,0,,0.00
pr,lên plan pr article,,0,,0.00
pr,lô i pr 2018,,0,,0.00
pr,lý do chọn từ thiện để pr,,0,,0.00
pr,lý do nên làm internal pr,,0,,0.00
pr,lý thuyết học tập xã hội trong pr,,0,,0.00
pr,lý thuyết nền tảng cho pr,,0,,0.00
pr,lý thuyết về pr,,0,,0.00
pr,lĩnh vực hoạt động của pr,,0,,0.00
pr,lương của nhân viên pr,,0,,0.00
pr,lượt view trung bình cho bài pr hieeu,,0,,0.00
pr,lấy pr,,0,,0.00
pr,lấy pr là gì,,0,,0.00
pr,lấy pr singapore,,0,,0.00
pr,lấy raw anime pr đâu,,0,,0.00
pr,lập bảng so sánh pr với báo chí,,0,,0.00
pr,lập chiến lược pr,,0,,0.00
pr,lập kế hoạch pr angle,,0,,0.00
pr,lập kế hoạch pr cho một doanh nghiệp,,0,,0.00
pr,lật ngược hình trong pr,,0,,0.00
pr,lặp lại chạy chữ trong pr,,0,,0.00
pr,lệnh lặp trong pr,,0,,0.00
pr,lệnh pr trong linux,,0,,0.00
pr,lệnh pr ubuntu,,0,,0.00
pr,lịch sử chỉnh sủa của adobe pr,,0,,0.00
pr,lịch sử của pr,,0,,0.00
pr,lịch sử hình thành pr,,0,,0.00
pr,lịch sử nghiên cứu của pr,,0,,0.00
pr,lịch sử ngành pr ở việt nam marketing coffee,,0,,0.00
pr,lịch sử phát triển của ngành pr,,0,,0.00
pr,lịch sử phát triển của pr trên thế giới,,0,,0.00
pr,lịch sử pr sản phẩm durex,,0,,0.00
pr,lịch trình pr,,0,,0.00
pr,lịch tuần ubnd tp pr tc,,0,,0.00
pr,lọc phông xanh trong pr,,0,,0.00
pr,lọc âm trong pr,,0,,0.00
pr,lốp 550-13dc 33b 12 pr,,0,,0.00
pr,lốp drc550-13 14 pr,,0,,0.00
pr,lốp xe bao gồm yếm lót 7.00-15 12 pr,,0,,0.00
pr,lốp xe máy 9 pr,,0,,0.00
pr,lốp xe pr là gì,,0,,0.00
pr,lỗi cài đặt pr cc 2017,,0,,0.00
pr,lỗi export pr,,0,,0.00
pr,lỗi import file video vào pr lại ra file audio,,0,,0.00
pr,lỗi k hiện chữ title trong pr,,0,,0.00
pr,lỗi link media pr,,0,,0.00
pr,lỗi loa pr,,0,,0.00
pr,lỗi mme device pr,,0,,0.00
pr,lỗi pr,,0,,0.00
pr,lỗi pr không nhận card,,0,,0.00
pr,lỗi pr không xuất được ảnh,,0,,0.00
pr,lỗi pr tự thoát,,0,,0.00
pr,lỗi pr_connect_reset_error,,0,,0.00
pr,lỗi project pr newer version,,0,,0.00
pr,lỗi wmvcore dll pr,,0,,0.00
pr,lộ trình công danh của pr,,0,,0.00
pr,lợi thế khi có pr canada,,0,,0.00
pr,lợi ích của pr canada,,0,,0.00
pr,lợi ích của pr online trong kinh doanh,,0,,0.00
pr,lụa thái tuấn may áo dài pr văn lang,,0,,0.00
pr,lựa chọn chương trình pr,,0,,0.00
pr,m mn pr mk np kp,,0,,0.00
pr,ma code pr,,0,,0.00
pr,ma iata hãng pr,,0,,0.00
pr,ma pr cua fb o dau,,0,,0.00
pr,ma pr i com s.p.a,,0,,0.00
pr,ma.pr.i.com s.p.a,,0,,0.00
pr,maarketing báo chí và pr có gì khác nhau,,0,,0.00
pr,mac pr 2017 nang bao nheiu,,0,,0.00
pr,macbook air có dùng được pr,,0,,0.00
pr,machine learning pr,,0,,0.00
pr,madero indústria e comércio s.a curitiba pr,,0,,0.00
pr,mai an tieêm pr trái phép,,0,,0.00
pr,mai an tiêm pr trái phép,,0,,0.00
pr,mai phương thúy pr vgi,,0,,0.00
pr,mail pr card,,0,,0.00
pr,mailovesbeauty pr kem trộn,,0,,0.00
pr,maintain pr bo dao nha,,0,,0.00
pr,maintain pr portugal,,0,,0.00
pr,maintenance service pr,,0,,0.00
pr,major pr firms,,0,,0.33
pr,make an internal pr campaign của vinamilk,,0,,0.00
pr,make pr em uv defense sun cream,,0,,0.00
pr,make pr em uv defense sun cream ban,,0,,0.00
pr,make pr em uv defense sun cream trinhpham,,0,,0.00
pr,make zoom in effect pr,,0,,0.00
pr,making intro with pr,,0,,0.00
pr,maler pris pr time,,0,,0.00
pr,maling pris pr m2,,0,,0.00
pr,malta pr benefits,,0,,0.00
pr,malta pr for indian,,0,,0.00
pr,malta pr process,,0,,0.00
pr,malta pr program,,0,,0.00
pr,malta pr requirements,,0,,0.00
pr,malta pr rules,,0,,0.00
pr,malta pr to citizenship,,0,,0.00
pr,malta pr visa,,0,,0.00
pr,malta pr visa for indian,,0,,0.00
pr,malware foighter pr licence code2019,,0,,0.00
pr,malwarebytes pr,,0,,0.00
pr,man hinh samsung j5 pr,,0,,0.00
pr,management consultant australia pr,,0,,0.00
pr,management consulting australia pr,,0,,0.00
pr,mang pr,,0,,0.00
pr,manufacturing pr,,0,,0.00
pr,mapa pr,,0,,0.00
pr,mapfre pr empleos,,0,,0.00
pr,marcus oil pr-700,,0,,0.00
pr,marijuana pr agency,,0,,0.00
pr,marijuana pr firms,,0,,0.00
pr,marin county pr firm,,0,,0.00
pr,marin county pr services,,0,,0.00
pr,marine pr,,0,,0.00
pr,markeitng pr là gì,,0,,0.00
pr,marker in pr,,0,,0.00
pr,marketing communications pr smith and ze zook,,0,,0.00
pr,marketing khac pr va quang cao,,0,,0.00
pr,marketing khác pr khác promotion,,0,,0.00
pr,marketing mass media kol pr,,0,,0.00
pr,marketing pr advertising promotion personal selling,,0,,0.00
pr,marketing pr and branding,,0,,0.00
pr,marketing pr australia,,0,,0.00
pr,marketing pr branding,,0,,0.00
pr,marketing pr campaign,,0,,0.00
pr,marketing pr digital,,0,,0.00
pr,marketing pr executive in novotel,,0,,0.00
pr,marketing pr executive job description in novotel danang,,0,,0.00
pr,marketing pr học trường nao,,0,,0.00
pr,marketing pr quang cao,,0,,0.00
pr,marketing tech pr,,0,,0.00
pr,marketing va pr cho vi du,,0,,0.00
pr,marketing va pr co gi khac,,0,,0.00
pr,marketing vaf pr khac nhau cho nao,,0,,0.00
pr,marketing viết pr,,0,,0.00
pr,marketing vs pr in truyền thông,,0,,0.00
pr,marketing và pr là gì,,0,,0.00
pr,marla aaron mrm worldwide pr definition,,0,,0.00
pr,martin cohn the important role of pr,,0,,0.00
pr,masahiro inoue tôkyô pr woman,,0,,0.00
pr,masahiro inoue tôkyô pr woman phim,,0,,0.00
pr,masan pr,,0,,0.00
pr,maschinenbau pr,,0,,0.00
pr,mason pr,,0,,0.00
pr,massan pr,,0,,0.00
pr,massgeschneidert pr,,0,,0.00
pr,masso vietnam đạt giải pr,,0,,0.00
pr,master degree in pr industry,,0,,0.00
pr,master digital pr milano,,0,,0.00
pr,master plan pr bất động sản,,0,,0.00
pr,master program for pr professional,,0,,0.00
pr,master two year ontario pr,,0,,0.00
pr,masterfan pr ab,,0,,0.00
pr,matchbox pr,,0,,0.00
pr,matter pr,,0,,0.00
pr,mau bai pr ve san pham tre em,,0,,0.00
pr,mavic pr wts cosmic elite 23,,0,,0.00
pr,maxim shishlenin southeast university nanjing pr china,,0,,0.00
pr,may in kim olivetti pr 2,,0,,0.00
pr,may in kim olivetti pr 2 in bang tot nghiep,,0,,0.00
pr,may la ep pr 230,,0,,0.00
pr,maáy đóng đai thép pr 40,,0,,0.00
pr,maẫu pr pr purchase requisition,,0,,0.00
pr,maẫu pr quán ăn,,0,,0.00
pr,maặt bằng c1 the pr,,0,,0.00
pr,mbc pr,,0,,0.00
pr,mc duotwists pr off,,0,,0.00
pr,mc pr event,,0,,0.00
pr,mcdonald tuyển dụng pr communication specialist,,0,,0.00
pr,mcdonald's pr,,0,,0.00
pr,mdfe pr,,0,,0.00
pr,measure effective pr,,0,,0.00
pr,measuring pr roi,,0,,0.00
pr,mecgris của elite pr school,,0,,0.00
pr,mechanical engineer pr invitation october 2019,,0,,0.00
pr,mechanical engineering pr,,0,,0.00
pr,media database for pr,,0,,0.00
pr,media kit in pr including,,0,,0.00
pr,media pr agency in bangalore,,0,,0.00
pr,media pr companies,,0,,0.00
pr,media pr companies in bangalore,,0,,0.00
pr,media pr company ipswich,,0,,0.00
pr,media pr firms,,0,,0.00
pr,media relations pr agency,,0,,0.00
pr,medical pr agency,,0,,0.00
pr,medical pr companies,,0,,0.00
pr,medico urologista pato branco pr,,0,,0.00
pr,medtech pr,,0,,0.00
pr,mega tv en vivo pr,,0,,0.00
pr,memoria photo gallery pr,,0,,0.00
pr,menaikkan pr blog,,0,,0.00
pr,mengerjakan pr,,0,,0.00
pr,mercearia bresser batel curitiba pr,,0,,0.00
pr,mercearia bresser cabral curitiba pr,,0,,0.00
pr,mercearia bresser curitiba pr,,0,,0.00
pr,mercedes-benz test drive pr new,,0,,0.00
pr,merchandizing of pr,,0,,0.00
pr,merely pr tool,,0,,0.00
pr,merry christmas pr,,0,,0.00
pr,messe berlin gmbh in pr,,0,,0.00
pr,messe pr,,0,,0.00
pr,messe-pr transport logistic,,0,,0.00
pr,metformin pr,,0,,0.00
pr,method pr,,0,,0.00
pr,metoo pr,,0,,0.00
pr,metoo pr disadvantage,,0,,0.00
pr,mi claro pr,,0,,0.00
pr,mibox 3 pr,,0,,0.00
pr,michelin 825r16 agilis 14 pr,,0,,0.00
pr,michelin 825r16 agilis 16 pr,,0,,0.00
pr,michelin 825r16 agilis 18 pr,,0,,0.00
pr,midlands pr,,0,,0.00
pr,midlands pr agency,,0,,0.00
pr,mikazuki augus pr,,0,,0.00
pr,milestones pr oyects document,,0,,0.00
pr,millenios pr campaign,,0,,0.00
pr,milton keynes pr photographer,,0,,0.00
pr,milwaukee pr,,0,,0.00
pr,milwaukee pr firms,,0,,0.00
pr,mind the brand pr agency,,0,,0.00
pr,mindshare pr,,0,,0.00
pr,minecraft pr 0.10.5 apk dat ola,,0,,0.00
pr,minecraft pr 1.2.14.3,,0,,0.00
pr,minimal pairs br and pr,,0,,0.00
pr,minimal pairs pr and br,,0,,0.00
pr,minimalist slide pr article,,0,,0.00
pr,minimum ielts score for canada pr,,0,,0.00
pr,minimum point score australian pr,,0,,0.00
pr,minimum points for canada pr,,0,,0.00
pr,minimum points for nz pr,,0,,0.00
pr,minimum salary for pr sponsoring ltvp,,0,,0.00
pr,minion pr là gì,,0,,0.00
pr,minneapolis business to business pr,,0,,0.00
pr,minneapolis pr communications,,0,,0.00
pr,minneapolis tech pr firm,,0,,0.00
pr,minnesota pr firms,,0,,0.00
pr,minor thesis about pr,,0,,0.00
pr,miss world china pr,,0,,0.00
pr,missing action button pr application payment,,0,,0.00
pr,missing action button pr application payment site www.canadavisa.com,,0,,0.00
pr,miucorap pr,,0,,0.00
pr,mix effect in pr,,0,,0.00
pr,mix effect pr,,0,,0.00
pr,mizuki kanzaki pr photokatsu,,0,,0.00
pr,mk7 pr,,0,,0.00
pr,mmc adobe pr,,0,,0.00
pr,mnl sgn pr,,0,,0.00
pr,mo marketing & pr,,0,,0.00
pr,mo project proxy trong pr,,0,,0.00
pr,mo ta cong viec chuyen vien pr,,0,,0.00
pr,mobiistar tuyển dụng pr,,0,,0.00
pr,mobile industry pr,,0,,0.00
pr,mobile pr agency,,0,,0.00
pr,mobistar tuyển dụng pr,,0,,0.00
pr,mode pr,,0,,0.00
pr,mode world pr,,0,,0.00
pr,model cs1-pr bộ chỉ thị,,0,,0.00
pr,model pr 1550a,,0,,0.00
pr,mohamed và pr,,0,,0.00
pr,molde pr,,0,,0.00
pr,momentum media pr,,0,,0.00
pr,monster pr,,0,,0.00
pr,monty pr,,0,,0.00
pr,morgan pr,,0,,0.00
pr,morgan pump pr-20,,0,,0.00
pr,morjava pr 06,,0,,0.00
pr,most popular pr agency singapore,,0,,0.00
pr,mot so thuat ngu trong pr,,0,,0.00
pr,mother day pr shyari in hindi,,0,,0.00
pr,motion factory v2 39 for ae pr,,0,,0.00
pr,motion tracking pr,,0,,0.00
pr,motivationsschreiben praktikum pr,,0,,0.00
pr,motor mitsubishi sf-pr 30kw,,0,,0.00
pr,motor pr,,0,,0.00
pr,motorsport pr agency,,0,,0.00
pr,moving text pr,,0,,0.00
pr,moô t va i vi du vê pr,,0,,0.00
pr,moô tả công việc pr,,0,,0.00
pr,msl pr,,0,,0.00
pr,mu pr,,0,,0.00
pr,mua nha tra gop o uc co pr,,0,,0.00
pr,mua nê m pr,,0,,0.00
pr,mua pin pr-48,,0,,0.00
pr,mua pr,,0,,0.00
pr,mua pr contact,,0,,0.00
pr,mua sa ch sách pr lý luận và ứng dụng,,0,,0.00
pr,mua samsung j7 pr,,0,,0.00
pr,mua sách kỹ thuật viết bài pr,,0,,0.00
pr,mua sách pr lý luận và ứng dụng,,0,,0.00
pr,muc gia pr cua cac bao,,0,,0.00
pr,mucois pr,,0,,0.00
pr,multicam monitor bằng pr 2019,,0,,0.00
pr,multicam pr,,0,,0.00
pr,multicultural pr agency,,0,,0.00
pr,multiturbo distribuidora curitiba pr,,0,,0.00
pr,music pr adelaide,,0,,0.00
pr,music pr agency,,0,,0.33
pr,music pr agency london,,0,,0.00
pr,music pr australia,,0,,0.00
pr,music pr brisbane,,0,,0.00
pr,music pr campaigns,,0,,0.00
pr,music pr companies,,0,,0.33
pr,music pr companies london,,0,,0.00
pr,music pr companies manchester,,0,,0.00
pr,music pr jobs,,0,,0.00
pr,music pr london,,0,,0.00
pr,music pr manchester,,0,,0.00
pr,music pr services,,0,,0.00
pr,music pr strategies,,0,,0.00
pr,music pr uk,,0,,0.00
pr,mvp pr 25 060 fxmvp tc 10 130 fx,,0,,0.00
pr,my cloud pr 4100 gia nhieu,,0,,0.00
pr,my cloud pr seriese usb port,,0,,0.00
pr,my cloud pro pr 4100,,0,,0.00
pr,my girlfriend is the pr,,0,,0.00
pr,my little pony pr,,0,,0.00
pr,myimmitracker pr card,,0,,0.00
pr,mysql pr status is statistics,,0,,0.00
pr,mystarbucksvisit pr,,0,,0.00
pr,myỹ phẩm đào bá lộc pr,,0,,0.00
pr,màn hình pr bị trắng đỏ,,0,,0.00
pr,màn hình samsung j7 pr,,0,,0.00
pr,màu pr,,0,,0.00
pr,máy in pr c5100s,,0,,0.00
pr,máy in thẻ nhựa nisca pr-c101,,0,,0.00
pr,máy in thẻ nisca pr-c101,,0,,0.00
pr,máy kẹp tay đo nhịp tim oled spo2 pr,,0,,0.00
pr,máy lọc nước organo pr-0040-sg-001,,0,,0.00
pr,máy nghe nhạc pr,,0,,0.00
pr,máy nisca pr tiki,,0,,0.00
pr,máy sấy tay prolax pr-036,,0,,0.00
pr,máy sấy tay prolax pr-037,,0,,0.00
pr,máy thêu brother pr 670,,0,,0.00
pr,máy tính tín hiệu y pb pr,,0,,0.00
pr,máy xay đa năng ukoeo pr 10,,0,,0.00
pr,máy đóng đai thép macroleague pr 40,,0,,0.00
pr,máy đóng đai thép pr 40,,0,,0.00
pr,máy ủi pr 746,,0,,0.00
pr,mây in thẻ nisca pr-c101,,0,,0.00
pr,mã pr cho shipper ghtk,,0,,0.00
pr,mã pr trên máy anh sony,,0,,0.00
pr,mã qr pr cho ty,,0,,0.00
pr,mình ở đây để pr cho jung kook,,0,,0.00
pr,mô hình 1 công ty pr chuyên nghiệp,,0,,0.00
pr,mô hình các tầng hiệu quả pr,,0,,0.00
pr,mô hình hoạch định chiến lược pr,,0,,0.00
pr,mô hình kim tự tháp ngược trong viết bài pr,,0,,0.00
pr,mô hình lập kế hoạch toàn diện pr,,0,,0.00
pr,mô hình marketing race trong pr,,0,,0.00
pr,mô hình pest trong pr,,0,,0.00
pr,mô hình pestel trong pr,,0,,0.00
pr,mô hình phân tích pest trong pr,,0,,0.00
pr,mô hình pr chương trình thi english cambridge,,0,,0.00
pr,mô hình pr mecgris,,0,,0.00
pr,mô hình tháp ngược trong pr,,0,,0.00
pr,mô hình truyền thông trong pr,,0,,0.00
pr,mô hình và công cụ đánh giá pr,,0,,0.00
pr,mô hình và công cụ đánh giá pr prezi,,0,,0.00
pr,mô i quan hê pr va marketing,,0,,0.00
pr,mô phỏng quá trình pr,,0,,0.00
pr,mô ta công viê c cu a pr marketing,,0,,0.00
pr,mô tả công việc của nhân viên pr,,0,,0.00
pr,mô tả công việc của nhân viên truyền thông pr,,0,,0.00
pr,mô tả công việc của pr,,0,,0.00
pr,mô tả công việc hoạch định chiến lược pr,,0,,0.00
pr,mô tả công việc pr,,0,,0.00
pr,mô tả công việc pr content,,0,,0.00
pr,mô tả công việc pr content marketing,,0,,0.00
pr,mô tả công việc pr event,,0,,0.00
pr,mô tả công việc pr executive,,0,,0.00
pr,mô tả công việc pr executive chuẩn chuyên nghiệp,,0,,0.00
pr,mô tả công việc pr manager,,0,,0.00
pr,mô tả công việc pr nội bộ,,0,,0.00
pr,mô tả công việc pr nội bộ tmđt,,0,,0.00
pr,mô tả công việc vị trí pr,,0,,0.00
pr,mô tả công việc vị trí pr & marketing manager,,0,,0.00
pr,mô tả đánh giá hoạt động pr của vinamilk,,0,,0.00
pr,môn pr,,0,,0.00
pr,mørtel pr m2,,0,,0.00
pr,münchen pr agentur,,0,,0.00
pr,mạng xã hội pr,,0,,0.00
pr,mạt thế phàm nhân pr,,0,,0.00
pr,mấy dell core i3 dow pr được không,,0,,0.00
pr,mẫu 1 bài pr,,0,,0.00
pr,mẫu bài pr bất động sản theo công thức,,0,,0.00
pr,mẫu bài pr cho sự kiện,,0,,0.00
pr,mẫu bài pr hay,,0,,0.00
pr,mẫu bài pr theo aida,,0,,0.00
pr,mẫu bài pr theo công thức aida,,0,,0.00
pr,mẫu bài pr xe tải,,0,,0.00
pr,mẫu bài viết pr sản phẩm,,0,,0.00
pr,mẫu bài viết pr về khách sạn,,0,,0.00
pr,mẫu cv nhân viên pr,,0,,0.00
pr,mẫu câu pr trong tiếng nhật,,0,,0.00
pr,mẫu giấy pr bản thân,,0,,0.00
pr,mẫu hộp cơm cao cấp pr-lb,,0,,0.00
pr,mẫu hợp đồng pr sản phẩm,,0,,0.00
pr,mẫu pr,,0,,0.00
pr,mẫu pr bản thân tiếng nhật,,0,,0.00
pr,mẫu pr quần áo,,0,,0.00
pr,mẫu project mừng thọ adobe pr,,0,,0.00
pr,mẫu sms pr,,0,,0.00
pr,mẫu sms pr hay,,0,,0.00
pr,mẫu xây dựng bản kế hoạch pr,,0,,0.00
pr,mẫu xây dựng bản kế hoạch pr hoàn chỉnh,,0,,0.00
pr,mẫu đăng tuyển dụng pr,,0,,0.00
pr,mắt kính pr,,0,,0.00
pr,mối quan hệ giữa truyền thông và pr,,0,,0.00
pr,một bài pr mẫu cho ra mắt sản phẩm mới,,0,,0.00
pr,một bài pr ấn tượng,,0,,0.00
pr,một số bài pr hay,,0,,0.00
pr,một số bài pr mẫu,,0,,0.00
pr,một số bài pr mẫu sự kiện,,0,,0.00
pr,một số kí hiệu nên đặt pr đáy chảo,,0,,0.00
pr,một số lut đẹp cho video trong pr,,0,,0.00
pr,mở file mov trong pr,,0,,0.00
pr,mở prj ae pr,,0,,0.00
pr,mở prj aep pr,,0,,0.00
pr,mở project trong pr chưa lưu,,0,,0.00
pr,mục tieu pr cho phim chuyện chưa kể,,0,,0.00
pr,mục tiêu của biên tập nội dung pr,,0,,0.00
pr,mục tiêu của biên tập nội dung pr là gì,,0,,0.00
pr,mục tiêu của kế hoạch pr,,0,,0.00
pr,mục tiêu của pr là gì,,0,,0.00
pr,mục tiêu nghề nghiệp của pr,,0,,0.00
pr,mục tiêu nghề nghiệp trong ngành pr,,0,,0.00
pr,mục tiêu nghệ nghiệp nhân viên pr trong khách sạn,,0,,0.00
pr,mục tiêu nghệ nghiệp pr,,0,,0.00
pr,mục tiêu pr cộng đồng,,0,,0.00
pr,mục tiêu pr smart của vinamilk,,0,,0.00
pr,mục tiêu vai trò của pr,,0,,0.00
pr,mục đích cu a pr di ch vu,,0,,0.00
pr,mục đích của các chiến lược pr,,0,,0.00
pr,mục đích của pr là gì,,0,,0.00
pr,mục đích và mục tiêu trong pr,,0,,0.00
pr,mục đích đăng bài tuyển dụng để pr,,0,,0.00
pr,mức lương của chuyên viên pr,,0,,0.00
pr,mức lương của nhân viên pr,,0,,0.00
pr,mỹ thanh tuyển pr,,0,,0.00
pr,nabakem pr 50a giá,,0,,0.00
pr,nabaken pr-50a,,0,,0.00
pr,najlepsze agencje pr,,0,,0.00
pr,nam do huyn pr,,0,,0.00
pr,name start with pr end with es,,0,,0.00
pr,nancy pr,,0,,0.00
pr,nancy wallpaper pr,,0,,0.00
pr,nap pr,,0,,0.00
pr,narzędzia pr,,0,,0.00
pr,nashville pr,,0,,0.00
pr,natalie 2007 pr,,0,,0.00
pr,national pr firm,,0,,0.00
pr,natural pr,,0,,0.00
pr,neden pr hizmeti,,0,,0.00
pr,neden pr hizmeti alınır,,0,,0.00
pr,nedsat tidsforbrug pr. palle,,0,,0.00
pr,need medical exam applying for pr,,0,,0.00
pr,need medical exam applying for pr in canada,,0,,0.00
pr,need medical exam applying for pr in canadavisa,,0,,0.00
pr,need solutions pr,,0,,0.00
pr,need to air pr content soon,,0,,0.00
pr,negative aspects to working of pr,,0,,0.00
pr,negative aspects to working of pr careers,,0,,0.00
pr,negri firman pr & communication,,0,,0.00
pr,nelson madela talk about pr,,0,,0.00
pr,nen apply for pr australia vao thoi diem nao,,0,,0.00
pr,nen hoc ae hay pr truoc,,0,,0.00
pr,nen tai adobe pr ban nao,,0,,0.00
pr,neptune pr,,0,,0.00
pr,nestle bài pr,,0,,0.00
pr,net a pr,,0,,0.00
pr,nets pr,,0,,0.00
pr,netsuite pr and po,,0,,0.00
pr,network london pr,,0,,0.00
pr,network pr,,0,,0.00
pr,new conference trong pr,,0,,0.00
pr,new england pr,,0,,0.00
pr,new music pr,,0,,0.00
pr,new orleans pr,,0,,0.00
pr,new pr news and trending,,0,,0.00
pr,new pr strategies,,0,,0.00
pr,new pr strategy,,0,,0.00
pr,new pr tools,,0,,0.00
pr,new rules of marketing and pr 6th edition pdf,,0,,0.00
pr,new rules of marketing and pr 6th edition vk.com,,0,,0.00
pr,new rules of marketing and pr pdf,,0,,0.00
pr,new rules of marketing and pr review,,0,,0.00
pr,new south wale pr 190 matrix,,0,,0.00
pr,new south wales pr 190 matrix,,0,,0.00
pr,new york pr specialist jobs,,0,,0.00
pr,new zealand or canada for pr,,0,,0.00
pr,new zealand pr by investment,,0,,0.00
pr,new zealand pr calculator,,0,,0.00
pr,new zealand pr investment,,0,,0.00
pr,new zealand pr through investment,,0,,0.00
pr,new zealand tourist visa for australian pr,,0,,0.00
pr,newblue transitions pr 2015,,0,,0.00
pr,newsjacking in digital pr,,0,,0.00
pr,newsletter pr,,0,,0.00
pr,next & pr,,0,,0.00
pr,neên đi bài pr như thế nào,,0,,0.00
pr,neên đăn bài pr sản phẩm trên báo nào,,0,,0.00
pr,neên đăng bài pr lên báo nào,,0,,0.00
pr,nfs no limit pagani zonda max pr,,0,,0.00
pr,ng chui ting pr,,0,,0.00
pr,nga8n l tu75 ap pr cho hinh2,,0,,0.00
pr,ngan hang pr,,0,,0.00
pr,ngaành pr,,0,,0.00
pr,nghe pr bar la gi,,0,,0.00
pr,nghe thuat pr,,0,,0.00
pr,nghia của từ pr,,0,,0.00
pr,nghia vu cu tru ho so the pr canada,,0,,0.00
pr,nghiê p vu pr,,0,,0.00
pr,nghiê p vu pr com,,0,,0.00
pr,nghiên cứu pr là gì,,0,,0.00
pr,nghiên cứu về bài pr,,0,,0.00
pr,nghiên cứu về pr,,0,,0.00
pr,nghiệp vụ pr,,0,,0.00
pr,nghiệp vụ pr có những khó khăn gì,,0,,0.00
pr,nghành pr có dễ thất nghiệp không,,0,,0.00
pr,nghành pr ở nhật bản,,0,,0.00
pr,nghĩ về ngành pr việt nam,,0,,0.00
pr,nghĩa của chữ viết tắt pr,,0,,0.00
pr,nghĩa của từ viết tắt pr là gì,,0,,0.00
pr,nghề internal pr intern,,0,,0.00
pr,nghề pr là làm gì,,0,,0.00
pr,nghề quảng cáo là pr hay pa,,0,,0.00
pr,nghề viết bài pr,,0,,0.00
pr,nghệ thuật pr bản thân mobi,,0,,0.00
pr,nghệ thuật pr công ty,,0,,0.00
pr,nghệ thuật viết bài pr,,0,,0.00
pr,nghệ thuật viết pr hiệu quả,,0,,0.00
pr,nghệ thuật viết pr hiệu quả fahasa,,0,,0.00
pr,nghị định về pr nội bộ,,0,,0.00
pr,ngoalong pr,,0,,0.00
pr,ngoại hình pr,,0,,0.00
pr,nguoi gio i trong nga nh pr,,0,,0.00
pr,nguoi lam pr,,0,,0.00
pr,nguoi mau nam va linh chi pr onoff,,0,,0.00
pr,nguyen binh pr bun,,0,,0.00
pr,nguyen hoang anh pr manager saigon signature,,0,,0.00
pr,nguyen to pr,,0,,0.00
pr,nguyeên tắc iets một bài pr thương hiệu,,0,,0.00
pr,nguyên lý hoạt động pr,,0,,0.00
pr,nguyên tă c tô ng hơ p cu a pr,,0,,0.00
pr,nguyên tắc kỹ thuật realtime pr,,0,,0.00
pr,nguyên tắc viết bài pr,,0,,0.00
pr,nguyên tắc viết bài pr trên báo chí,,0,,0.00
pr,nguyễn minh thảo nghèo cần pr,,0,,0.00
pr,nguyễn nhật minh trưởng nhóm pr & marketing beto.vn,,0,,0.00
pr,nguyễn thùy dương phó giám đốc pr marketing ecopark,,0,,0.00
pr,nguyễn thị bích vân pr unilever,,0,,0.00
pr,nguyễn đình thành co founder elite pr school,,0,,0.00
pr,nguyễn đình thành cty elite pr school,,0,,0.00
pr,nguyễn đình thành elite pr,,0,,0.00
pr,nguyễn đình thành elite pr school,,0,,0.00
pr,nguồn gốc của pr,,0,,0.00
pr,nguồn gốc pr,,0,,0.00
pr,ngàh pr,,0,,0.00
pr,ngành marketing và pr,,0,,0.00
pr,ngành nursing cần bao nhiêu điểm để xin pr,,0,,0.00
pr,ngành pr brand,,0,,0.00
pr,ngành pr học dược gì ơ đạo nho,,0,,0.00
pr,ngành pr học gì,,0,,0.00
pr,ngành pr truyền thông,,0,,0.00
pr,ngành pr trường văn lang,,0,,0.00
pr,ngành pr tại việt nam đinh thị thúy hằng,,0,,0.00
pr,ngành pr ở mỹ,,0,,0.00
pr,ngành truyền thông về pr and advertising ở canada,,0,,0.00
pr,ngày pr ở nhật bản,,0,,0.00
pr,ngân sách pr,,0,,0.00
pr,ngô thanh vân hay có chiêu pr phim,,0,,0.00
pr,ngõ component pb pr là gì,,0,,0.00
pr,ngõ component y pb pr là gì,,0,,0.00
pr,người làm pr cần có gì,,0,,0.00
pr,người nổi tiếng pr kem trộn,,0,,0.00
pr,người quản lý pr của giám đốc,,0,,0.00
pr,nhan vien pr cao,,0,,0.00
pr,nhan vien pr cao.nganh kien truc.noi that,,0,,0.00
pr,nhan vien pr casa land,,0,,0.00
pr,nhan vien pr là làm gì,,0,,0.00
pr,nhan viet bai pr,,0,,0.00
pr,nhanh vien quan ly pr,,0,,0.00
pr,nhap pr singapore,,0,,0.00
pr,nhiệm vụ bộ phận pr truyền thông,,0,,0.00
pr,nhiệm vụ cơ bản của người làm pr,,0,,0.00
pr,nhiệm vụ của ban pr,,0,,0.00
pr,nhiệm vụ của nhân viên pr tại trường quay phim,,0,,0.00
pr,nhiệm vụ của pr nội bộ,,0,,0.00
pr,nhom cong chung của pr,,0,,0.00
pr,nhu huynh pr coordinator linkedin,,0,,0.00
pr,nhung bai viet pr thuong hieu,,0,,0.00
pr,nhung bài viết pr bán nhà đất,,0,,0.00
pr,nhung bài viết pr bán nhà đất hay,,0,,0.00
pr,nhung cach pr quan trong hem,,0,,0.00
pr,nhung ngon nen chay tan pr,,0,,0.00
pr,nhung trang cho dat backlink co pr 10,,0,,0.00
pr,nhung trang mang pr website mien phi,,0,,0.00
pr,nhung tu kho hiu tren fb nhu pr ps,,0,,0.00
pr,nhung ý tưởng pr sản phẩm,,0,,0.00
pr,nhuom hoa mo mien dich e pr,,0,,0.00
pr,nhuư thế nào là pr,,0,,0.00
pr,nhà báo & pr fc,,0,,0.00
pr,nhà báo & pr fc giải bóng đá,,0,,0.00
pr,nhà hàng có pr,,0,,0.00
pr,nhà hàng pr hoàng việt,,0,,0.00
pr,nhà pr long,,0,,0.00
pr,nhà thuốc mỹ châu hoat đông pr,,0,,0.00
pr,nhà xuất bản giáo dục về pr,,0,,0.00
pr,nhân viên admin công ty pr,,0,,0.00
pr,nhân viên pr & digital,,0,,0.00
pr,nhân viên pr công ty tnhh dược phẩm tâm bình,,0,,0.00
pr,nhân viên pr karaoke la gì,,0,,0.00
pr,nhân viên pr là gì tiếng anh,,0,,0.00
pr,nhân viên pr marketing kim cương,,0,,0.00
pr,nhân viên pr marketing la gì,,0,,0.00
pr,nhân viên pr marketing là gì,,0,,0.00
pr,nhân viên pr marketing truyền thông kim cương,,0,,0.00
pr,nhân viên pr nội bộ,,0,,0.00
pr,nhân viên pr nội bộ là gì,,0,,0.00
pr,nhân viên pr pg là làm gì,,0,,0.00
pr,nhân viên pr qua n karaoke,,0,,0.00
pr,nhân viên pr tiếng anh là gì,,0,,0.00
pr,nhân viên pr trong khách sạn,,0,,0.00
pr,nhân viên pr tại tphcm,,0,,0.00
pr,nhân viên pr đà nẵng,,0,,0.00
pr,nhân viên pr&digital,,0,,0.00
pr,nhân viên quan hệ công chúng pr,,0,,0.00
pr,nhân viên viết bài pr,,0,,0.00
pr,nhân định londrina pr vs criciuma ec sc,,0,,0.00
pr,nhóm ngành báo chí marketing quảng cáo pr,,0,,0.00
pr,nhúng enco vào pr,,0,,0.00
pr,nhưng lợi ích khi có pr úc,,0,,0.00
pr,nhược điểm của chiến dịch pr vinamilk,,0,,0.00
pr,nhược điểm của pr theo kotler,,0,,0.00
pr,nhạc nền clip pr mc,,0,,0.00
pr,nhạc nền pr maketting,,0,,0.00
pr,nhạc nền pr marketing,,0,,0.00
pr,nhạc pr cho hình ảnh công ty,,0,,0.00
pr,nhạc pr cho hình ảnh hông ty,,0,,0.00
pr,nhận pr chéo cho các chị em,,0,,0.00
pr,nhận pr chéo instagram,,0,,0.00
pr,nhận pr chéo là gì,,0,,0.00
pr,nhận pr facebook,,0,,0.00
pr,nhận pr úc,,0,,0.00
pr,nhận quảng cáo pr sản phẩm,,0,,0.00
pr,nhận viết bài pr,,0,,0.00
pr,nhận xét về pr của trump,,0,,0.00
pr,nhật lê pr không có tâm zing.vn,,0,,0.00
pr,nhỏ tiếng clip trong pr,,0,,0.00
pr,nhờ các facebook cá nhân viết bài pr,,0,,0.00
pr,nhờ gửi thẻ pr từ canada,,0,,0.00
pr,những bài pr dịch vụ educate consumers,,0,,0.00
pr,những bài pr game hay,,0,,0.00
pr,những bài pr hay nhất,,0,,0.00
pr,những bài pr hầm rượu vang hay,,0,,0.00
pr,những bài pr nổi tiếng,,0,,0.00
pr,những bài pr nổi tiếng fb,,0,,0.00
pr,những bài pr pas mẫu,,0,,0.00
pr,những bài pr đăng cuối năm,,0,,0.00
pr,những bài viết pr cho ngày hội sách,,0,,0.00
pr,những bài viết pr cho sự kiện ngày hội sách,,0,,0.00
pr,những bài viết pr cho trung tâm tiếng anh,,0,,0.00
pr,những bài viết pr hay,,0,,0.00
pr,những bài viết pr hay nhất,,0,,0.00
pr,những bài viết pr về shop hay,,0,,0.00
pr,những bí quyết căn bản để thành công trong pr,,0,,0.00
pr,những cap pr hay,,0,,0.00
pr,những cap pr hay cho fb,,0,,0.00
pr,những cap pr hay ảnh đại diện,,0,,0.00
pr,những chiêu trò pr tung ra sản phẩm,,0,,0.00
pr,những chiến dịch pr của coca cola,,0,,0.00
pr,những chiến dịch pr thất bại,,0,,0.00
pr,những chương trình pr chủ yếu của doanh nghiệp,,0,,0.00
pr,những chương trình pr của vinamilk trong 2018,,0,,0.00
pr,những cuốn sách hay về pr,,0,,0.00
pr,những cách pr bá đạo,,0,,0.00
pr,những cách pr của apple,,0,,0.00
pr,những cách pr hiệu quả,,0,,0.00
pr,những cách pr hiệu quả trên facebook,,0,,0.00
pr,những cách pr thương hiệu,,0,,0.00
pr,những cách pr độc đáo trên mạng xã hội,,0,,0.00
pr,những câu hỏi khi phỏng vấn pr,,0,,0.00
pr,những câu hỏi trắc nghiệm liên quan đến nghề pr,,0,,0.00
pr,những câu hỏi trắc nghiệm về nghề pr,,0,,0.00
pr,những câu pr add hay nhất,,0,,0.00
pr,những câu pr bạn bè hay nhất,,0,,0.00
pr,những câu pr cho bạn bè hay nhất,,0,,0.00
pr,những câu pr cho đồ ăn hay,,0,,0.00
pr,những câu pr chất,,0,,0.00
pr,những câu pr hay,,0,,0.33
pr,những câu pr hay nhất,,0,,0.00
pr,những câu pr hay nhất facebook,,0,,0.00
pr,những câu pr hay trên fb,,0,,0.00
pr,những cô gái pr,,0,,0.00
pr,những công cụ chính của pr,,0,,0.00
pr,những công cụ của pr,,0,,0.00
pr,những diễn đàn pr món ăn chất lượng nhất,,0,,0.00
pr,những khủng hoảng của s thể xảy ra trong pr,,0,,0.00
pr,những kĩ năng má tính nhân viên pr cần có,,0,,0.00
pr,những kỹ thuật phát hiện sản phẩm pr,,0,,0.00
pr,những mẹ bỉm nổi tiếng pr,,0,,0.00
pr,những ngành nghề xin pr và workpermit dễ,,0,,0.00
pr,những người pr nổi tiếng trên facebook,,0,,0.00
pr,những phương pháp pr hiệu quả,,0,,0.00
pr,những stt keo pr hay,,0,,0.00
pr,những trang mạng có thể pr bất động sản,,0,,0.00
pr,những từ tiếng anh bắt đầu bằng chữ pr,,0,,0.00
pr,những vấn đề được team pr giải quyết,,0,,0.00
pr,những website có độ pr cao,,0,,0.00
pr,những yêu tố khiến chiến dịch pr thành công,,0,,0.00
pr,những ý tưởng pr sáng tạo,,0,,0.00
pr,những điều kiện gì để pr,,0,,0.00
pr,những điều kiện gì để pr trong doanh nghiep,,0,,0.00
pr,niche pr,,0,,0.00
pr,nijino yume pr,,0,,0.00
pr,nike alliance 550 hd lt pr,,0,,0.00
pr,nike alnce 550 hd lt pr,,0,,0.00
pr,nike alnce 550 hd lt pr site vn,,0,,0.00
pr,nike zoom stefan janoski pr,,0,,0.00
pr,ninh binh pr,,0,,0.00
pr,nisca pr c201 datasheet,,0,,0.00
pr,nisca pr-c101 vs matica xid8100,,0,,0.00
pr,nitto 消費者向け pr,,0,,0.00
pr,niềm tin đối với hoạt động pr,,0,,0.00
pr,nj pr,,0,,0.00
pr,njnjjjnnhttps search.safefinder.com st pr&q,,0,,0.00
pr,no action button pr application,,0,,0.00
pr,no action pr application,,0,,0.00
pr,no action pr application payment,,0,,0.00
pr,no brand can pr on fanclub pages,,0,,0.00
pr,no progress bar pr application,,0,,0.00
pr,nokia n9 40.2012.21-3.454.6_pr_legacy,,0,,0.00
pr,nokia n9 pr_339 firmware,,0,,0.00
pr,nokia n9 pr_454 firmware,,0,,0.00
pr,nonprofit pr crisis examples,,0,,0.00
pr,nor pr,,0,,0.00
pr,norgen r13 g1 2 inlet pr.12bar set pr 3.5bar,,0,,0.00
pr,normal pr interval in ecg,,0,,0.00
pr,northwest pr,,0,,0.00
pr,note pr ha noi ban,,0,,0.00
pr,nric define new pr,,0,,0.00
pr,nro gamehub.pr,,0,,0.00
pr,nss.pr.4.0-00,,0,,0.00
pr,nss.pr.4.0-00364,,0,,0.00
pr,nu pr booking quan bar,,0,,0.00
pr,nu pr hoa than,,0,,0.00
pr,nu quang pr viet,,0,,0.00
pr,nua pr booking quan bar,,0,,0.00
pr,nude pr girl wallpaper,,0,,0.00
pr,number of international graduate gained pr in canada,,0,,0.00
pr,number of international graduate gained pr in canada statistics,,0,,0.00
pr,number of international graduates who gained pr in pei,,0,,0.00
pr,number of international students in canada who gained pr status,,0,,0.00
pr,numer pr,,0,,0.00
pr,nuoc hoa pr,,0,,0.00
pr,nursing points for pr in australia,,0,,0.00
pr,nutrition pr,,0,,0.00
pr,nutrition pr agency,,0,,0.00
pr,nutritionist pr,,0,,0.00
pr,nux loopcore v nux jtc pr,,0,,0.00
pr,nvidia không chạy adobe pr,,0,,0.00
pr,ny pr,,0,,0.00
pr,nyt hus pris pr m2,,0,,0.00
pr,nz pr work in australia,,0,,0.00
pr,nâng cấp cấu hình làm pr,,0,,0.00
pr,nâng cấp j7 pr lên rom 64gb,,0,,0.00
pr,nên chạy chiến dịch pr du lịch o đâu,,0,,0.00
pr,nên cài davinci resolve hay pr cc,,0,,0.00
pr,nên cài pr cc hay cs6,,0,,0.00
pr,nên dùng ae hay pr,,0,,0.00
pr,nên dùng pr hay sony vegas cho máy tính yếu,,0,,0.00
pr,nên sử dụng ae hay pr,,0,,0.00
pr,nông nghiệp pr như thế nào,,0,,0.00
pr,nút phóng to màn hình tren pr,,0,,0.00
pr,nút phóng to màn hình tren pr cc,,0,,0.00
pr,nĩ pr,,0,,0.00
pr,nơi export pr,,0,,0.00
pr,nước mía sầu riêng pr chém gió,,0,,0.00
pr,nước mỹ và ngành pr,,0,,0.00
pr,nếu có ai xin pr thì phải làm sao,,0,,0.00
pr,nền pr,,0,,0.00
pr,nối 2 thanh âm trong pr,,0,,0.00
pr,nối liền các đoạn video và âm thanh trong pr,,0,,0.00
pr,nồi inox 3 đáy quà tawnhj từ shap pr-hec20a,,0,,0.00
pr,nồi inox cao cấp 20 pr hec20a,,0,,0.00
pr,nồi inox pr hec20a,,0,,0.00
pr,nồi đất cao cấp sharp pr-pot,,0,,0.00
pr,nội dung của bảng kế hoạch pr,,0,,0.00
pr,nữ hoàng pr khánh vân,,0,,0.00
pr,nữ hoàng pr việt bnam,,0,,0.00
pr,nữ hoàng pr việt nam,,0,,0.00
pr,nữ hoàng pr việt nam khánh vân,,0,,0.00
pr,nữ pr,,0,,0.00
pr,oavhd.pr,,0,,0.00
pr,objective for pr,,0,,0.00
pr,obs pr,,0,,0.00
pr,oc thanh van pr hang gia,,0,,0.00
pr,occupation pr profession,,0,,0.00
pr,oeste fc sp h coritiba pr,,0,,0.00
pr,oeste fc sp h coritiba pr soi keo,,0,,0.00
pr,oeste fc sp londrina pr,,0,,0.00
pr,ofertas de t mobile pr,,0,,0.00
pr,ofertas t mobile pr,,0,,0.00
pr,offshore pr 189,,0,,0.00
pr,offshore pr vietnam,,0,,0.00
pr,ogilvy pr australia,,0,,0.00
pr,ogilvy pr clients,,0,,0.00
pr,ogilvy pr sydney,,0,,0.00
pr,oil and gas pr,,0,,0.00
pr,oksestek pr person,,0,,0.00
pr,olx imbituva pr,,0,,0.00
pr,omega pr-11-2-100-m30-150-e,,0,,0.00
pr,once returned to tesla as ceo elon fired pr team,,0,,0.00
pr,oneplus 7 pr khong co tai nghe 3,,0,,0.00
pr,ong pr d20,,0,,0.00
pr,onkyo pr sc5530,,0,,0.00
pr,online digital pr services,,0,,0.00
pr,online pr agency,,0,,0.00
pr,online pr agency in bangalore,,0,,0.00
pr,online pr agentur,,0,,0.00
pr,online pr agentur düsseldorf,,0,,0.00
pr,online pr agentur graz,,0,,0.00
pr,online pr agentur köln,,0,,0.00
pr,online pr agentur nrw,,0,,0.00
pr,online pr agentur steiermark,,0,,0.00
pr,online pr ajansı,,0,,0.00
pr,online pr and reputation management,,0,,0.00
pr,online pr article guidelines,,0,,0.00
pr,online pr brand protection,,0,,0.00
pr,online pr campaign,,0,,0.00
pr,online pr community participation,,0,,0.00
pr,online pr company,,0,,0.00
pr,online pr consultant,,0,,0.00
pr,online pr event marketing,,0,,0.00
pr,online pr examples,,0,,0.00
pr,online pr firm,,0,,0.00
pr,online pr firms in bangalore,,0,,0.00
pr,online pr for startups,,0,,0.00
pr,online pr hizmeti,,0,,0.00
pr,online pr icon yellow,,0,,0.00
pr,online pr iocn,,0,,0.00
pr,online pr köln,,0,,0.00
pr,online pr management,,0,,0.00
pr,online pr meaning,,0,,0.00
pr,online pr media,,0,,0.00
pr,online pr montreal,,0,,0.00
pr,online pr nedir,,0,,0.00
pr,online pr news,,0,,0.00
pr,online pr or pr online,,0,,0.00
pr,online pr plan,,0,,0.00
pr,online pr pr trực tuyến là gì,,0,,0.00
pr,online pr seo,,0,,0.00
pr,online pr services,,0,,0.00
pr,online pr services gurgaon,,0,,0.00
pr,online pr services in bangalore,,0,,0.00
pr,online pr sites,,0,,0.00
pr,online pr specialist,,0,,0.00
pr,online pr strategy,,0,,0.00
pr,online pr theme pptx,,0,,0.00
pr,online pr training,,0,,0.00
pr,online pr uk,,0,,0.00
pr,online tools pr,,0,,0.00
pr,ontarion pr for graduated,,0,,0.00
pr,op lung đien thoai samsubg galaxy j7 pr,,0,,0.00
pr,op lung đien thoai samsung galaxy j7 pr,,0,,0.00
pr,opacity trong pr,,0,,0.00
pr,open 2 prọect in pr 2015,,0,,0.00
pr,open a company in singapore and get pr,,0,,0.00
pr,open a company in singapore and get pr turnover,,0,,0.00
pr,open a composition in pr,,0,,0.00
pr,open insta360 video adobe pr,,0,,0.00
pr,open pr in aftereffect,,0,,0.00
pr,open pr report in sap,,0,,0.00
pr,opening nail business get pr in canada,,0,,0.00
pr,openproject login redirect 80 pr_end_of_file_error,,0,,0.00
pr,openproject pr_end_of_file_error,,0,,0.00
pr,operario pr h guarani sp,,0,,0.00
pr,operario pr h guarani sp soi keo,,0,,0.00
pr,oportunity for pr direction,,0,,0.00
pr,oppa thinking wanna one pr video,,0,,0.00
pr,opsigelse pr mail,,0,,0.00
pr,oraciones con pr y pl,,0,,0.00
pr,oraclesecuredsearch.lavasoft.com pr vmn&id webcompa&ent hp_wcyid10420__181116,,0,,0.00
pr,order gcms for canadian pr,,0,,0.00
pr,ore wo suki nano wa omae dake ka yo pr,,0,,0.00
pr,organo pr-0040-sg-001,,0,,0.00
pr,orient 046966 6a pr,,0,,0.00
pr,ortoti pr,,0,,0.00
pr,ortoti pr-25mb,,0,,0.00
pr,osaka pr,,0,,0.00
pr,oslo pr agency income statement,,0,,0.00
pr,oslo this is pr agency income statement,,0,,0.00
pr,other document replace child passport pr application canada,,0,,0.00
pr,our enduring spirit pr,,0,,0.00
pr,our pr,,0,,0.00
pr,our pr activities went super good with a big hit,,0,,0.00
pr,out video treen pr bị mất tiéng,,0,,0.00
pr,out_error_message pr_rel300_04_get ora-01722 invalid number varchar2 256,,0,,0.00
pr,outdoor pr,,0,,0.00
pr,outdoor pr agencies,,0,,0.00
pr,outdoors industry pr,,0,,0.00
pr,outil en ligne pr,,0,,0.00
pr,outline master trong pr là gì,,0,,0.00
pr,outsourced pr services,,0,,0.00
pr,overnight meal pr,,0,,0.00
pr,oversættelse pris pr ord,,0,,0.00
pr,oxy prime rmv-o-pr-sh,,0,,0.00
pr,oống pr là gì,,0,,0.00
pr,p rwo5w pr,,0,,0.00
pr,p-l-ppl p p pr-op,,0,,0.00
pr,pa khác pr,,0,,0.00
pr,pa pr là gì,,0,,0.00
pr,pa va pr la gi,,0,,0.00
pr,package disable pr,,0,,0.00
pr,packaging pr,,0,,0.00
pr,packaging pr agency,,0,,0.00
pr,pad steelseries qck virtus pr,,0,,0.00
pr,padilla pr,,0,,0.00
pr,pagar claro pr,,0,,0.00
pr,pages for pr on magazines,,0,,0.00
pr,paid pr internships,,0,,0.00
pr,paige pr,,0,,0.00
pr,parana pr,,0,,0.00
pr,parana pr brasil de pelotas rs,,0,,0.00
pr,parana pr figueirense sc,,0,,0.00
pr,parana pr h ac goianiense go,,0,,0.00
pr,parana pr h america mg,,0,,0.00
pr,parana pr h coritiba pr,,0,,0.00
pr,parana pr h criciuma ec sc,,0,,0.00
pr,parim pr 82409,,0,,0.00
pr,park and fly pr,,0,,0.00
pr,part a shall choose to the pr article,,0,,0.00
pr,part of pr is event,,0,,0.00
pr,partner has been granted pr on family violence grounds,,0,,0.00
pr,party opener pr pro templates,,0,,0.00
pr,party opener pr templates,,0,,0.00
pr,pasionate about pr,,0,,0.00
pr,pasta reparaciones pladur pr,,0,,0.00
pr,path crack pr adobe,,0,,0.00
pr,path to canadian pr aas an international students,,0,,0.00
pr,path to canadian pr as an international student,,0,,0.00
pr,pathogenesis-related pr protein,,0,,0.00
pr,pato lanches cafelandia pr,,0,,0.00
pr,pay as you go pr,,0,,0.00
pr,pay for performance pr,,0,,0.00
pr,pay pr application fee 20 minutes,,0,,0.00
pr,payeer pr,,0,,0.00
pr,payer par carte.pr.avoir liquide vietnam,,0,,0.00
pr,payroll to revenue ratio pr agency,,0,,0.00
pr,pazarlama karması ve pr,,0,,0.00
pr,pc envy lustre ls-230 pr 3.5gm 12oz 230,,0,,0.00
pr,pc shutting down outlet pr,,0,,0.00
pr,pencils of pr,,0,,0.00
pr,pentaray p n pr-eb128,,0,,0.00
pr,people no pr,,0,,0.00
pr,pep8 git pr check,,0,,0.00
pr,peppermint pr,,0,,0.00
pr,pepsi pr blunder,,0,,0.00
pr,pepsico suntory pr,,0,,0.00
pr,percentage of international students gaining pr in canada,,0,,0.00
pr,perfect body chinese cam girl pr teases and masturbates,,0,,0.00
pr,perfect pr,,0,,0.00
pr,perfect solution pr mkt,,0,,0.00
pr,performance based pr,,0,,0.00
pr,permanent pr,,0,,0.00
pr,personal brand pr agency,,0,,0.00
pr,personal loans for bad credit pr,,0,,0.00
pr,personal relationship pr,,0,,0.00
pr,pest pr,,0,,0.00
pr,pet girl gangrape pr,,0,,0.00
pr,pet industry pr,,0,,0.00
pr,pet industry pr agencies,,0,,0.00
pr,pet industry pr agency,,0,,0.00
pr,pet industry pr firm,,0,,0.00
pr,pet industry pr firms,,0,,0.00
pr,pet pr agency,,0,,0.00
pr,petrie pr hong kong,,0,,0.00
pr,petroleum engineering pr australia,,0,,0.00
pr,petroleum engineering pr australia expat,,0,,0.00
pr,petronas pressol syn pr 100,,0,,0.00
pr,petts pr,,0,,0.00
pr,pfr va pr,,0,,0.00
pr,pg khác pr thế nào,,0,,0.00
pr,pg và pr,,0,,0.00
pr,pgwp to pr,,0,,0.00
pr,pha vo bi an pr,,0,,0.00
pr,pha vo bi an pr ebook,,0,,0.00
pr,phan biet quang cao voi pr,,0,,0.00
pr,phan mem adobe pr,,0,,0.00
pr,phan mem chinh sua phim pr,,0,,0.00
pr,phan mem dung video ps ai pr ae au an,,0,,0.00
pr,phan mem xu ly in printer 55.pr.p,,0,,0.00
pr,phan men ve pr,,0,,0.00
pr,phan mêm pr,,0,,0.00
pr,phan mềm pr,,0,,0.00
pr,phan nguyễn thùy dương pr communication manager,,0,,0.00
pr,phan tich chien luoc pr cua son tung,,0,,0.00
pr,phan tich hoat dong pr thành công,,0,,0.00
pr,pharmacist prospect of pr,,0,,0.00
pr,phase in pr plan,,0,,0.00
pr,phases in pr campaign,,0,,0.00
pr,phat am pr trong tieng anh,,0,,0.00
pr,phaân tích swot trong pr,,0,,0.00
pr,philippine airlines pr 97,,0,,0.00
pr,phim cong ty pr,,0,,0.00
pr,phim ngoc rong pr,,0,,0.00
pr,phim sex iori kogawa javhd pr,,0,,0.00
pr,phim tôkyô pr woman,,0,,0.00
pr,phimhot pr,,0,,0.00
pr,phimsd.pr,,0,,0.00
pr,phone best pro beat pr,,0,,0.00
pr,phong cách pr chuyên nghiệp nxb lao động xã hội,,0,,0.00
pr,phong de londrina pr ponte preta sp,,0,,0.00
pr,phong dolondrina pr ponte preta sp,,0,,0.00
pr,photo research pr 655,,0,,0.00
pr,photoshop for pr manager,,0,,0.00
pr,php pr with td,,0,,0.00
pr,phung thieu phong va trieu le dinh cvieu tro.pr,,0,,0.00
pr,phuúc long chiến dịch pr,,0,,0.00
pr,phuương án để pr một sản phẩm,,0,,0.00
pr,phá vỡ bí ẩn pr epub,,0,,0.00
pr,phân biệt 1 bài báo và 1 bài pr,,0,,0.00
pr,phân biệt bài viết pr,,0,,0.00
pr,phân biệt direct marketing và pr,,0,,0.00
pr,phân biệt giữa pr và tr,,0,,0.00
pr,phân biệt giữa thường trú nhân pr và tr,,0,,0.00
pr,phân biệt pr,,0,,0.00
pr,phân biệt pr marketing quảng cáo,,0,,0.00
pr,phân biệt pr so sanh pr marketing va advertising,,0,,0.00
pr,phân biệt pr và dân vận,,0,,0.00
pr,phân biệt pr và quảng cáo,,0,,0.00
pr,phân biệt pr và truyền thông,,0,,0.00
pr,phân biệt pr và xúc tiến bán hàng,,0,,0.00
pr,phân biệt pr với quảng cáo,,0,,0.00
pr,phân biệt prso sanh pr marketing va advertising,,0,,0.00
pr,phân biệt quảng cáo và pr,,0,,0.00
pr,phân biệt tuyên truyền pr trong du lịch,,0,,0.00
pr,phân cấp bài pr,,0,,0.00
pr,phân loại bài pr,,0,,0.00
pr,phân loại bài viết pr,,0,,0.00
pr,phân loại báo chí trong nghành pr,,0,,0.00
pr,phân loại nguồn lực pr,,0,,0.00
pr,phân mem pr,,0,,0.00
pr,phân ti ch hoa t đô ng pr,,0,,0.00
pr,phân tích chiến dịch pr 40 năm vinamilk,,0,,0.00
pr,phân tích chiến lược pr,,0,,0.00
pr,phân tích chiến lược pr của prudential,,0,,0.00
pr,phân tích các hoạt động nghiên cứucủa pr,,0,,0.00
pr,phân tích các lĩnh vực hoạt động của pr,,0,,0.00
pr,phân tích câu cuyện pr thành công,,0,,0.00
pr,phân tích hoạt động pr của tổ chức saigon children,,0,,0.00
pr,phân tích hoạt động pr của tổ chức saigon's children,,0,,0.00
pr,phân tích hoạt động quản lí khủng hoảng trong pr,,0,,0.00
pr,phân tích hoạt động tổ chức sự kiên trong pr,,0,,0.00
pr,phân tích khái niệm pr của frank jerkins,,0,,0.00
pr,phân tích một bài pr trên báo,,0,,0.00
pr,phân tích pr,,0,,0.00
pr,phân tích xu hướng pr brand advocacy,,0,,0.00
pr,phân tích ưu khuyết điểm của kế hoạch pr,,0,,0.00
pr,phân tích ưu khuyết điểm của pr doanh nghiệp vừa,,0,,0.00
pr,phí chụp ảnh làm pr,,0,,0.00
pr,phí duy tri cong thanh toan pr,,0,,0.00
pr,phí pr,,0,,0.00
pr,phí pr cho nghệ six,,0,,0.00
pr,phía trước bầu trời pr bán sách,,0,,0.00
pr,phím lightning pr 8900,,0,,0.00
pr,phím lightning pr-8600,,0,,0.00
pr,phòng ban pr gồm,,0,,0.00
pr,phòng pr event,,0,,0.00
pr,phòng pr nội bộ,,0,,0.00
pr,phòng pr và communication,,0,,0.00
pr,phòng pr và marketing,,0,,0.00
pr,phương pháp làm đẹp pr của hàn quốc,,0,,0.00
pr,phương pháp pr hiệu quả cho doanh nghiep,,0,,0.00
pr,phước thịnh pr ninh thuận,,0,,0.00
pr,phường tấn tài tp pr tc ninh thuận,,0,,0.00
pr,phường văn hải tp pr tháp chàm,,0,,0.00
pr,phầm mềm tương tự pr,,0,,0.00
pr,phầm mềm tương tự pr của adobe,,0,,0.00
pr,phần mềm a dog pr,,0,,0.00
pr,phần mềm chỉnh sửa video pr full crack,,0,,0.00
pr,phần mềm chỉnh sửa video pr win 7,,0,,0.00
pr,phần mềm chỉnh sửa video pr window 7,,0,,0.00
pr,phần mềm chỉnh video pr,,0,,0.00
pr,phần mềm fundo pr,,0,,0.00
pr,phần mềm kick pr,,0,,0.00
pr,phần mềm làm video adobe ae_pr_cs6,,0,,0.00
pr,phần mềm làm video adobe ae_pr_cs6 full crack,,0,,0.00
pr,phần mềm làm ảnh pr cho điện thoại,,0,,0.00
pr,phần mềm pr trên máy tính,,0,,0.00
pr,phần mềm pr trên máy yinhs,,0,,0.00
pr,phần mềm sửa video pr,,0,,0.00
pr,phần mềm xr12-array115-pr,,0,,0.00
pr,phần mềm xử lý phim adobe pr,,0,,0.00
pr,phần mền pr,,0,,0.00
pr,phần mở đầu của một bài pr,,0,,0.00
pr,phẩm chất của người làm quảng cáo và pr,,0,,0.00
pr,phụ gia pr plast s,,0,,0.00
pr,phụ trách mảng pr,,0,,0.00
pr,phụng pr girl,,0,,0.00
pr,pi-pr camera,,0,,0.00
pr,pi-pr minolta,,0,,0.00
pr,piano dien roland pr 401 r,,0,,0.00
pr,pictorial pr,,0,,0.00
pr,pid temperature controller pr 69 manual rs485 noise,,0,,0.00
pr,pid temperature controller series pr 69 manual,,0,,0.00
pr,pid temperature controller series pr 69 manual rs485 noise,,0,,0.00
pr,pilgrims pr,,0,,0.00
pr,pilot wash pr-2302,,0,,0.00
pr,pin acer pr 3258c7g,,0,,0.00
pr,pineapple pr,,0,,0.00
pr,pinta tu casa pr,,0,,0.00
pr,pioneer pr 7820,,0,,0.00
pr,pipi pr,,0,,0.00
pr,pipo x10 pr cũ,,0,,0.00
pr,pitch letter in pr marketing,,0,,0.00
pr,pitch trong pr,,0,,0.00
pr,pitching tip for digital pr,,0,,0.00
pr,pittsburgh pr,,0,,0.00
pr,pitusa pr,,0,,0.00
pr,pizzaria em cascavel pr,,0,,0.00
pr,pizzaria em curitiba pr,,0,,0.00
pr,pl-2 pr-2 rounded,,0,,0.00
pr,placa ranurada pl.xps n iii pr,,0,,0.00
pr,placas solares pr,,0,,0.00
pr,places to stay in pr,,0,,0.00
pr,plan nghiên cứu chiến lược pr của tiki,,0,,0.00
pr,plan pr 2020,,0,,0.00
pr,plan pr marketing,,0,,0.00
pr,plan this pr can be on air before,,0,,0.00
pr,plan truyền thông đẩy bán sản phẩm pr,,0,,0.00
pr,plane to pr daddy yankee wiki,,0,,0.00
pr,platform pr los angeles,,0,,0.00
pr,plug pr agency hong kong,,0,,0.00
pr,plymouth pr,,0,,0.00
pr,pm giám sát pr,,0,,0.00
pr,pnc tuyển dụng pr,,0,,0.00
pr,pneu pr,,0,,0.00
pr,po box 52311 toa baja pr 00950-2311,,0,,0.00
pr,po pr bpa,,0,,0.00
pr,po pr purchase,,0,,0.00
pr,po pr so,,0,,0.00
pr,pobediteley pr 59 st,,0,,0.00
pr,point school pr,,0,,0.00
pr,points for australian pr 2017,,0,,0.00
pr,points system pr schanges,,0,,0.00
pr,poke đại chiến cách kiếm kim cương pr,,0,,0.00
pr,poke đại chiến cách kiếm đá pr,,0,,0.00
pr,poke đại chiến giá hộp quà bán đá pr,,0,,0.00
pr,poke đại chiến kim cương pr,,0,,0.00
pr,pokemon rayquaza pr groudon pr kyogre,,0,,0.00
pr,pol pot pr,,0,,0.00
pr,polic check for pr austrlaia,,0,,0.00
pr,policlínica são marcos curitiba pr,,0,,0.00
pr,policy to get pr for it sector in canada,,0,,0.00
pr,political leader pr agency in delhi ncr,,0,,0.00
pr,political pr agency in delhi ncr,,0,,0.00
pr,political pr firms,,0,,0.00
pr,political pr firms nyc,,0,,0.00
pr,polymedia pr,,0,,0.00
pr,polícia federal curitiba pr,,0,,0.00
pr,ponce pr storage units near me,,0,,0.00
pr,pontos turísticos de curitiba pr,,0,,0.00
pr,population pr country,,0,,0.00
pr,pora pr-lps,,0,,0.00
pr,porch light pr,,0,,0.00
pr,porn apksecuredsearch.lavasoft.com pr vmn&id webcompa&ent hp_wcyid10440__180825,,0,,0.00
pr,porta de enrolar pr,,0,,0.00
pr,portland health care pr,,0,,0.00
pr,portland pr firms,,0,,0.00
pr,portoti pr,,0,,0.00
pr,portoti pr 25,,0,,0.00
pr,portoti pr 25mb,,0,,0.00
pr,portugal pr visa,,0,,0.00
pr,portugal pr visa requirements,,0,,0.00
pr,positive rumors in pr,,0,,0.00
pr,possessed hatchet pr piranha gun,,0,,0.00
pr,poster pr company,,0,,0.00
pr,poster pr công ty,,0,,0.00
pr,poster pr công ty thiết kế,,0,,0.00
pr,poster pr food,,0,,0.00
pr,poster pr goods,,0,,0.00
pr,poster pr make up,,0,,0.00
pr,poster pr makeup,,0,,0.00
pr,poster pr sản phẩm,,0,,0.00
pr,poster pr trang điê m,,0,,0.00
pr,pousada em morretes pr,,0,,0.00
pr,power hyfax pr 4023 fet,,0,,0.00
pr,ppf pr+ luxury,,0,,0.00
pr,pr & a watch sagl,,0,,0.00
pr,pr & ads,,0,,0.00
pr,pr & ads ajc,,0,,0.00
pr,pr & communicatie,,0,,0.00
pr,pr & communications executive jd,,0,,0.00
pr,pr & communications executive jobs,,0,,0.00
pr,pr & company,,0,,0.00
pr,pr & content intern là,,0,,0.00
pr,pr & content plan,,0,,0.00
pr,pr & corporate communications manager,,0,,0.00
pr,pr & digital assistant manager,,0,,0.00
pr,pr & event design,,0,,0.00
pr,pr & event design picture,,0,,0.00
pr,pr & event executive nghề gì,,0,,0.00
pr,pr & event intern vero,,0,,0.00
pr,pr & event room,,0,,0.00
pr,pr & event symbol,,0,,0.00
pr,pr & marketing executive canadian tuyen dung,,0,,0.00
pr,pr & marketing leader,,0,,0.00
pr,pr & media relations,,0,,0.00
pr,pr & mkt manager,,0,,0.00
pr,pr & po,,0,,0.00
pr,pr & po là gì,,0,,0.00
pr,pr & sales,,0,,0.00
pr,pr & social agency,,0,,0.00
pr,pr & social executive lê nhật duy,,0,,0.00
pr,pr &amp,,0,,0.00
pr,pr 00604,,0,,0.00
pr,pr 00728,,0,,0.00
pr,pr 00777,,0,,0.00
pr,pr 00949,,0,,0.00
pr,pr 01 speakers,,0,,0.00
pr,pr 016-017,,0,,0.00
pr,pr 03 km 100.5 yabucoa pr 00767,,0,,0.00
pr,pr 0333 comiket,,0,,0.00
pr,pr 0392,,0,,0.00
pr,pr 0393,,0,,0.00
pr,pr 0395,,0,,0.00
pr,pr 0551,,0,,0.00
pr,pr 0591,,0,,0.00
pr,pr 0661,,0,,0.00
pr,pr 1 2b financial statements,,0,,0.00
pr,pr 1 khu vườn,,0,,0.00
pr,pr 1 san pham,,0,,0.00
pr,pr 1-2b,,0,,0.00
pr,pr 100 automatic black dial men's watch,,0,,0.00
pr,pr 100 automatic blue dial men's watch,,0,,0.00
pr,pr 100 automatic men's watch,,0,,0.00
pr,pr 100 automatic men's watch hai trieu,,0,,0.00
pr,pr 100 automatic men's watch item no t101.408.22.031.00,,0,,0.00
pr,pr 100 automatic men's watch t101.408.11.031.00,,0,,0.00
pr,pr 100 automatic mens watch,,0,,0.00
pr,pr 100 cosc black dial men's watch t1014511105100,,0,,0.00
pr,pr 100 silver dial ladies red leather watch,,0,,0.00
pr,pr 100 silver dial red leather ladies watch,,0,,0.00
pr,pr 100ka 4p catalogue,,0,,0.00
pr,pr 100ka 4p schneider,,0,,0.00
pr,pr 101 ss2,,0,,0.00
pr,pr 101 tin cậy,,0,,0.00
pr,pr 11-1a,,0,,0.00
pr,pr 11-2a,,0,,0.00
pr,pr 110 min,,0,,0.00
pr,pr 110 min meaning,,0,,0.00
pr,pr 11be,,0,,0.00
pr,pr 12.0.0,,0,,0.00
pr,pr 1309944 junos 16.1r7,,0,,0.00
pr,pr 137211,,0,,0.00
pr,pr 1419108801,,0,,0.00
pr,pr 1422 a 2 le joint francais ljf stillman,,0,,0.00
pr,pr 1422 a 2 na le joint francais ljf stillman,,0,,0.00
pr,pr 15 4.8v 0.5a,,0,,0.00
pr,pr 155sp,,0,,0.00
pr,pr 161935,,0,,0.00
pr,pr 168,,0,,0.00
pr,pr 16ts,,0,,0.00
pr,pr 16ts ty7098,,0,,0.00
pr,pr 1784 b1 2,,0,,0.00
pr,pr 1784 class b,,0,,0.00
pr,pr 1784 class b cure time,,0,,0.00
pr,pr 1784b cure time diagram,,0,,0.00
pr,pr 1823,,0,,0.00
pr,pr 1826 b 1 2,,0,,0.00
pr,pr 1826 b1 4,,0,,0.00
pr,pr 1829,,0,,0.00
pr,pr 189 offshore processing time,,0,,0.00
pr,pr 189 offshore take longer,,0,,0.00
pr,pr 189 offshore vs onshore,,0,,0.00
pr,pr 189 visa invite parents,,0,,0.00
pr,pr 189 visa parents visiting visa,,0,,0.00
pr,pr 189 visa parents visiting visa 600,,0,,0.00
pr,pr 19-5a cost behavior and cost volume profit analysis,,0,,0.00
pr,pr 19-6a,,0,,0.00
pr,pr 19-6a cost behavior and cost volume profit analysis,,0,,0.00
pr,pr 1loai trai cay,,0,,0.00
pr,pr 1loai trai cay mận,,0,,0.00
pr,pr 2 km 29.7 km 29.7 vega alta 00692,,0,,0.00
pr,pr 2 km 29.7 km 29.7 vega alta 692,,0,,0.00
pr,pr 2-1a,,0,,0.00
pr,pr 2.0 trên website,,0,,0.00
pr,pr 2001 class b,,0,,0.33
pr,pr 2015,,0,,0.00
pr,pr 2015.0 畫面定格,,0,,0.00
pr,pr 2017 cc,,0,,0.00
pr,pr 2017 download,,0,,0.00
pr,pr 2019 cc,,0,,0.00
pr,pr 206 boat,,0,,0.00
pr,pr 22 r festo,,0,,0.00
pr,pr 2200000865,,0,,0.00
pr,pr 224 e,,0,,0.00
pr,pr 224 e cân,,0,,0.00
pr,pr 224 e vinh khôi,,0,,0.00
pr,pr 224566662,,0,,0.00
pr,pr 2261,,0,,0.00
pr,pr 2261 chuyển đổi,,0,,0.00
pr,pr 231 p,,0,,0.00
pr,pr 2500 manual,,0,,0.00
pr,pr 27,,0,,0.00
pr,pr 275 denial code,,0,,0.00
pr,pr 3.0,,0,,0.00
pr,pr 300se,,0,,0.00
pr,pr 310 npe,,0,,0.00
pr,pr 33,,0,,0.33
pr,pr 350 là gì,,0,,0.00
pr,pr 361,,0,,0.00
pr,pr 37,,0,,0.00
pr,pr 4-6a,,0,,0.00
pr,pr 4-6a managerial accounting,,0,,0.00
pr,pr 4000,,0,,0.00
pr,pr 407,,0,,0.00
pr,pr 43 là cỡ,,0,,0.00
pr,pr 443,,0,,0.00
pr,pr 44461,,0,,0.00
pr,pr 44461 24vdc 6a 250v,,0,,0.00
pr,pr 4u pelican hardigg pro rack,,0,,0.00
pr,pr 5-6b sale related,,0,,0.00
pr,pr 5-6b sale related coursehero,,0,,0.00
pr,pr 500 tẩy sơn,,0,,0.00
pr,pr 500 tẩy sơn bề mặt nhựa,,0,,0.00
pr,pr 5014a,,0,,0.00
pr,pr 50a,,0,,0.00
pr,pr 5104a manual,,0,,0.00
pr,pr 5104b manual,,0,,0.00
pr,pr 5104b manual dimensions,,0,,0.00
pr,pr 5104b repeater power supply,,0,,0.00
pr,pr 5104bx2b,,0,,0.00
pr,pr 514,,0,,0.00
pr,pr 517565,,0,,0.00
pr,pr 517565 ex,,0,,0.00
pr,pr 5202b manual,,0,,0.00
pr,pr 5202b2,,0,,0.00
pr,pr 5214a,,0,,0.00
pr,pr 5223a việt nam,,0,,0.00
pr,pr 52us,,0,,0.00
pr,pr 52us prada,,0,,0.00
pr,pr 53ss,,0,,0.00
pr,pr 592o,,0,,0.00
pr,pr 596o,,0,,0.00
pr,pr 596o hanoi manila,,0,,0.00
pr,pr 5p10,,0,,0.00
pr,pr 60e03,,0,,0.00
pr,pr 612,,0,,0.00
pr,pr 6240,,0,,0.00
pr,pr 664475,,0,,0.00
pr,pr 664475 junos,,0,,0.00
pr,pr 668657 juniper,,0,,0.00
pr,pr 67ts,,0,,0.00
pr,pr 67ts vix3o1 63,,0,,0.00
pr,pr 7 website,,0,,0.00
pr,pr 7 website list,,0,,0.00
pr,pr 750 series,,0,,0.00
pr,pr 751,,0,,0.00
pr,pr 8098 là gì,,0,,0.00
pr,pr 812,,0,,0.00
pr,pr 8b221,,0,,0.00
pr,pr 9 backlink website,,0,,0.00
pr,pr 9350,,0,,0.00
pr,pr 9350 02,,0,,0.00
pr,pr a intersects b,,0,,0.00
pr,pr abbreviation in marketing,,0,,0.00
pr,pr abbriviation,,0,,0.00
pr,pr above the line,,0,,0.00
pr,pr abu dhabi,,0,,0.00
pr,pr academy london,,0,,0.00
pr,pr academy reviews,,0,,0.00
pr,pr accomplishment on resume,,0,,0.00
pr,pr account executive job description,,0,,0.00
pr,pr account manager avc,,0,,0.00
pr,pr account manager salary,,0,,0.00
pr,pr account manager tieng viet,,0,,0.00
pr,pr account managet,,0,,0.00
pr,pr accounting,,0,,0.00
pr,pr accreditation,,0,,0.00
pr,pr achivement,,0,,0.00
pr,pr action plan coca cola,,0,,0.00
pr,pr action plan coca cola in 2019 vietnam,,0,,0.00
pr,pr activities for events,,0,,0.00
pr,pr activities for restaurants,,0,,0.00
pr,pr activities ideas,,0,,0.00
pr,pr activities in india,,0,,0.00
pr,pr activities marketing,,0,,0.00
pr,pr activities meaning,,0,,0.00
pr,pr activities of amul,,0,,0.00
pr,pr activities of apple,,0,,0.00
pr,pr activities of coca cola,,0,,0.00
pr,pr activities of innisfree,,0,,0.00
pr,pr activities of mcdonalds,,0,,0.00
pr,pr activities of saigon children's charity,,0,,0.00
pr,pr add la gì,,0,,0.00
pr,pr add là gì,,0,,0.00
pr,pr add sharpening,,0,,0.00
pr,pr admicro,,0,,0.00
pr,pr adobe cắt mp3,,0,,0.00
pr,pr adobe portable,,0,,0.00
pr,pr adobe undock panel,,0,,0.00
pr,pr ads mkt,,0,,0.00
pr,pr advantec,,0,,0.00
pr,pr advertising agency,,0,,0.00
pr,pr advertorial là gì,,0,,0.00
pr,pr advertorial là gì editorial,,0,,0.00
pr,pr advertorial và editorial,,0,,0.00
pr,pr advice for small business,,0,,0.00
pr,pr ae 教程,,0,,0.00
pr,pr after masters in quebec,,0,,0.00
pr,pr agencies boston,,0,,0.00
pr,pr agencies chicago il,,0,,0.00
pr,pr agencies dallas,,0,,0.00
pr,pr agencies dc,,0,,0.00
pr,pr agencies for fashion bloggers,,0,,0.00
pr,pr agencies in africa,,0,,0.00
pr,pr agencies in alabama,,0,,0.00
pr,pr agencies in baltimore,,0,,0.00
pr,pr agencies in brazil,,0,,0.00
pr,pr agencies in charleston sc,,0,,0.00
pr,pr agencies in chicago,,0,,0.00
pr,pr agencies in cincinnati,,0,,0.00
pr,pr agencies in delhi,,0,,0.00
pr,pr agencies in delhi ncr,,0,,0.00
pr,pr agencies in durban,,0,,0.00
pr,pr agencies in florida,,0,,0.00
pr,pr agencies in gauteng,,0,,0.00
pr,pr agencies in gurgaon,,0,,0.00
pr,pr agencies in houston,,0,,0.00
pr,pr agencies in ikeja,,0,,0.00
pr,pr agencies in india,,0,,0.00
pr,pr agencies in johannesburg,,0,,0.00
pr,pr agencies in johannesburg giving internships,,0,,0.00
pr,pr agencies in kansas city,,0,,0.00
pr,pr agencies in la,,0,,0.00
pr,pr agencies in mumbai,,0,,0.00
pr,pr agencies in nashville,,0,,0.00
pr,pr agencies in new jersey,,0,,0.00
pr,pr agencies in orlando,,0,,0.00
pr,pr agencies in port elizabeth,,0,,0.00
pr,pr agencies in pune,,0,,0.00
pr,pr agencies in sandton,,0,,0.00
pr,pr agencies in south africa,,0,,0.00
pr,pr agencies in south delhi,,0,,0.00
pr,pr agencies in texas,,0,,0.00
pr,pr agencies in utah,,0,,0.00
pr,pr agencies indianapolis,,0,,0.00
pr,pr agencies ireland,,0,,0.00
pr,pr agencies milwaukee,,0,,0.00
pr,pr agencies near me,,0,,0.00
pr,pr agencies philadelphia,,0,,0.00
pr,pr agencies portland,,0,,0.00
pr,pr agencies portland or,,0,,0.00
pr,pr agencies raleigh nc,,0,,0.00
pr,pr agencies seattle,,0,,0.00
pr,pr agencies south affrica,,0,,0.00
pr,pr agencies toronto,,0,,0.00
pr,pr agencies vancouver,,0,,0.00
pr,pr agencies washington dc,,0,,0.00
pr,pr agencies with cannabis practice,,0,,0.00
pr,pr agencja,,0,,0.00
pr,pr agency 1,,0,,0.00
pr,pr agency abu dhabi,,0,,0.00
pr,pr agency africa,,0,,0.00
pr,pr agency amsterdam,,0,,0.00
pr,pr agency asia,,0,,0.00
pr,pr agency austin,,0,,0.00
pr,pr agency b2b,,0,,0.00
pr,pr agency bay area,,0,,0.00
pr,pr agency berkshire,,0,,0.00
pr,pr agency beverly hills,,0,,0.00
pr,pr agency birmingham,,0,,0.00
pr,pr agency blog,,0,,0.00
pr,pr agency brief,,0,,0.00
pr,pr agency brighton,,0,,0.00
pr,pr agency brisbane,,0,,0.00
pr,pr agency bristol,,0,,0.00
pr,pr agency bury st edmunds,,0,,0.00
pr,pr agency byron,,0,,0.00
pr,pr agency cambridge,,0,,0.00
pr,pr agency cambridgeshire,,0,,0.00
pr,pr agency cape town,,0,,0.00
pr,pr agency cary,,0,,0.00
pr,pr agency central london,,0,,0.00
pr,pr agency charleston,,0,,0.00
pr,pr agency cheltenham,,0,,0.00
pr,pr agency cheshire,,0,,0.00
pr,pr agency chester,,0,,0.00
pr,pr agency colchester,,0,,0.00
pr,pr agency columbia,,0,,0.00
pr,pr agency copenhagen,,0,,0.00
pr,pr agency cost,,0,,0.00
pr,pr agency credential,,0,,0.00
pr,pr agency credential creative,,0,,0.00
pr,pr agency credential pdf,,0,,0.00
pr,pr agency denver,,0,,0.00
pr,pr agency derby,,0,,0.00
pr,pr agency devon,,0,,0.00
pr,pr agency dublin,,0,,0.00
pr,pr agency durham,,0,,0.00
pr,pr agency east midlands,,0,,0.00
pr,pr agency edinburgh,,0,,0.00
pr,pr agency essex,,0,,0.00
pr,pr agency europe,,0,,0.00
pr,pr agency exeter,,0,,0.00
pr,pr agency fitness,,0,,0.00
pr,pr agency for accountants,,0,,0.00
pr,pr agency for artists,,0,,0.00
pr,pr agency for influencers,,0,,0.00
pr,pr agency for insolvency practitioners,,0,,0.00
pr,pr agency for professional services,,0,,0.00
pr,pr agency for small business,,0,,0.00
pr,pr agency fort lauderdale,,0,,0.00
pr,pr agency fort myers,,0,,0.00
pr,pr agency ft lauderdale,,0,,0.00
pr,pr agency geelong,,0,,0.00
pr,pr agency germany,,0,,0.00
pr,pr agency glasgow,,0,,0.00
pr,pr agency gold coast,,0,,0.00
pr,pr agency hampshire,,0,,0.00
pr,pr agency home interiors,,0,,0.00
pr,pr agency hong kong career,,0,,0.00
pr,pr agency hong kong list,,0,,0.00
pr,pr agency hong kong luxury,,0,,0.00
pr,pr agency hong kong ranking,,0,,0.00
pr,pr agency hong kong salary,,0,,0.00
pr,pr agency houston tx,,0,,0.00
pr,pr agency in bryanston,,0,,0.00
pr,pr agency in copenhagen,,0,,0.00
pr,pr agency in hyderabad,,0,,0.00
pr,pr agency in johanessburg,,0,,0.00
pr,pr agency in latin america,,0,,0.00
pr,pr agency in myanmar,,0,,0.00
pr,pr agency in new delhi,,0,,0.00
pr,pr agency in the south west,,0,,0.00
pr,pr agency indonesia,,0,,0.00
pr,pr agency instagram verification,,0,,0.00
pr,pr agency internships,,0,,0.00
pr,pr agency ipswich,,0,,0.00
pr,pr agency italy,,0,,0.00
pr,pr agency jacksonville,,0,,0.00
pr,pr agency johamnesburg,,0,,0.00
pr,pr agency khác nhau,,0,,0.00
pr,pr agency la gi,,0,,0.00
pr,pr agency lagos,,0,,0.00
pr,pr agency las vegas,,0,,0.00
pr,pr agency leciester,,0,,0.00
pr,pr agency leeds,,0,,0.00
pr,pr agency legal,,0,,0.00
pr,pr agency leicester,,0,,0.00
pr,pr agency lincoln,,0,,0.00
pr,pr agency long island,,0,,0.00
pr,pr agency los angeles,,0,,0.00
pr,pr agency management in bangalore,,0,,0.00
pr,pr agency manchester,,0,,0.00
pr,pr agency melbourne,,0,,0.00
pr,pr agency miami,,0,,0.00
pr,pr agency midlands,,0,,0.00
pr,pr agency milton keynes,,0,,0.00
pr,pr agency minneapolis,,0,,0.00
pr,pr agency montreal,,0,,0.00
pr,pr agency munich,,0,,0.00
pr,pr agency newcastle,,0,,0.00
pr,pr agency newmarket,,0,,0.00
pr,pr agency northampton,,0,,0.00
pr,pr agency nottingham,,0,,0.00
pr,pr agency of the year,,0,,0.33
pr,pr agency one,,0,,0.00
pr,pr agency our people,,0,,0.00
pr,pr agency oxford,,0,,0.00
pr,pr agency penarth,,0,,0.00
pr,pr agency people,,0,,0.00
pr,pr agency person,,0,,0.00
pr,pr agency peterborough,,0,,0.00
pr,pr agency philippines,,0,,0.00
pr,pr agency phoenix,,0,,0.00
pr,pr agency plymouth,,0,,0.00
pr,pr agency positioning,,0,,0.00
pr,pr agency profile,,0,,0.00
pr,pr agency raleigh,,0,,0.00
pr,pr agency rfp,,0,,0.00
pr,pr agency richmond va,,0,,0.00
pr,pr agency san diego,,0,,0.00
pr,pr agency san francisco,,0,,0.00
pr,pr agency scotland,,0,,0.00
pr,pr agency scottsdale,,0,,0.00
pr,pr agency services,,0,,0.00
pr,pr agency services in bangalore,,0,,0.00
pr,pr agency sheffield,,0,,0.00
pr,pr agency silicon valley,,0,,0.00
pr,pr agency somerset,,0,,0.00
pr,pr agency spain,,0,,0.00
pr,pr agency stafford,,0,,0.00
pr,pr agency suffolk,,0,,0.00
pr,pr agency surrey,,0,,0.00
pr,pr agency sussex,,0,,0.00
pr,pr agency sydney,,0,,0.00
pr,pr agency tampa,,0,,0.00
pr,pr agency titles,,0,,0.00
pr,pr agency usa,,0,,0.00
pr,pr agency va in house,,0,,0.00
pr,pr agency west midlands,,0,,0.00
pr,pr agency worcester,,0,,0.00
pr,pr agency work,,0,,0.00
pr,pr agency yorkshire,,0,,0.00
pr,pr agency ไทย,,0,,0.00
pr,pr agentur,,0,,0.00
pr,pr agentur agrar,,0,,0.00
pr,pr agentur b2b,,0,,0.00
pr,pr agentur baden württemberg,,0,,0.00
pr,pr agentur basel,,0,,0.00
pr,pr agentur bau,,0,,0.00
pr,pr agentur blogbeiträge,,0,,0.00
pr,pr agentur bonn,,0,,0.00
pr,pr agentur china,,0,,0.00
pr,pr agentur deutschland,,0,,0.00
pr,pr agentur digital,,0,,0.00
pr,pr agentur duesseldorf,,0,,0.00
pr,pr agentur düsseldorf,,0,,0.00
pr,pr agentur energie,,0,,0.00
pr,pr agentur fertigung,,0,,0.00
pr,pr agentur finanzen,,0,,0.00
pr,pr agentur finanzkommunikation,,0,,0.00
pr,pr agentur fintech,,0,,0.00
pr,pr agentur food,,0,,0.00
pr,pr agentur gastronomie,,0,,0.00
pr,pr agentur gesundheit,,0,,0.00
pr,pr agentur graz,,0,,0.00
pr,pr agentur hamburg,,0,,0.00
pr,pr agentur hamburg mode,,0,,0.00
pr,pr agentur heidelberg,,0,,0.00
pr,pr agentur hotel,,0,,0.00
pr,pr agentur industrie,,0,,0.00
pr,pr agentur it,,0,,0.00
pr,pr agentur jobs,,0,,0.00
pr,pr agentur köln,,0,,0.00
pr,pr agentur lifestyle,,0,,0.00
pr,pr agentur lifestyle düsseldorf,,0,,0.00
pr,pr agentur logistik,,0,,0.00
pr,pr agentur mannheim,,0,,0.00
pr,pr agentur maschinenbau,,0,,0.00
pr,pr agentur medizintechnik,,0,,0.00
pr,pr agentur mode,,0,,0.00
pr,pr agentur mode köln,,0,,0.00
pr,pr agentur mode nrw,,0,,0.00
pr,pr agentur müchen,,0,,0.00
pr,pr agentur münchen,,0,,0.00
pr,pr agentur münchen fashion,,0,,0.00
pr,pr agentur münchen jobs,,0,,0.00
pr,pr agentur münchen lifestyle,,0,,0.00
pr,pr agentur münchen maximilianstr,,0,,0.00
pr,pr agentur münchen mode,,0,,0.00
pr,pr agentur münchen praktikum,,0,,0.00
pr,pr agentur münchen sport,,0,,0.00
pr,pr agentur münchen tourismus,,0,,0.00
pr,pr agentur münchen werkstudent,,0,,0.00
pr,pr agentur münster,,0,,0.00
pr,pr agentur pharma,,0,,0.00
pr,pr agentur potsdam,,0,,0.00
pr,pr agentur ranking,,0,,0.00
pr,pr agentur schweiz,,0,,0.00
pr,pr agentur seo,,0,,0.00
pr,pr agentur social media,,0,,0.00
pr,pr agentur software,,0,,0.00
pr,pr agentur sport,,0,,0.00
pr,pr agentur steiermark,,0,,0.00
pr,pr agentur stuttgart,,0,,0.00
pr,pr agentur telekommunikation bonn,,0,,0.00
pr,pr agentur wien,,0,,0.00
pr,pr agentur österreich,,0,,0.00
pr,pr agentura praha,,0,,0.00
pr,pr ageny in delhi,,0,,0.00
pr,pr airline route map,,0,,0.00
pr,pr airline surcharge,,0,,0.00
pr,pr aitta kontiolahti,,0,,0.00
pr,pr ajansları,,0,,0.00
pr,pr ajansları listesi,,0,,0.00
pr,pr ajansı nedir,,0,,0.00
pr,pr american status,,0,,0.00
pr,pr analysis of adidas,,0,,0.00
pr,pr analytics,,0,,0.00
pr,pr analytics reviews,,0,,0.00
pr,pr analytics software,,0,,0.00
pr,pr analytics software reviews,,0,,0.00
pr,pr analytics tools,,0,,0.00
pr,pr and advertising agencies in chicago,,0,,0.00
pr,pr and advertising agency,,0,,0.00
pr,pr and advertising internships,,0,,0.00
pr,pr and advertising salary,,0,,0.00
pr,pr and br,,0,,0.00
pr,pr and communications agency,,0,,0.00
pr,pr and communications agency canada,,0,,0.00
pr,pr and communications agency toronto,,0,,0.00
pr,pr and communications short courses,,0,,0.00
pr,pr and communications short courses in vietnam,,0,,0.00
pr,pr and communications skills,,0,,0.00
pr,pr and content for construction,,0,,0.00
pr,pr and content manager,,0,,0.00
pr,pr and content officer,,0,,0.00
pr,pr and digital marketing agency,,0,,0.00
pr,pr and event management,,0,,0.00
pr,pr and event management dublin,,0,,0.00
pr,pr and event planning,,0,,0.00
pr,pr and events company in bangalore,,0,,0.00
pr,pr and events courses,,0,,0.00
pr,pr and hr 1 av b,,0,,0.00
pr,pr and influencer marketing,,0,,0.00
pr,pr and link building on resume,,0,,0.00
pr,pr and lonk buidling on resume,,0,,0.00
pr,pr and marketing agencies johannesburg,,0,,0.00
pr,pr and marketing channel for real estate developers,,0,,0.00
pr,pr and marketing companies,,0,,0.00
pr,pr and marketing consultant in glasgow,,0,,0.00
pr,pr and marketing consultants,,0,,0.00
pr,pr and marketing courses,,0,,0.00
pr,pr and marketing firms,,0,,0.00
pr,pr and marketing firms in cincinnati ohio,,0,,0.00
pr,pr and marketing for real estate developers,,0,,0.00
pr,pr and marketing jobs in can tho,,0,,0.00
pr,pr and marketing manchester,,0,,0.00
pr,pr and marketing plan for real estate,,0,,0.00
pr,pr and marketing recruitment agencies,,0,,0.00
pr,pr and marketing services,,0,,0.00
pr,pr and marketing skills,,0,,0.00
pr,pr and media positioning,,0,,0.00
pr,pr and new media cork institute,,0,,0.00
pr,pr and new media ireland,,0,,0.00
pr,pr and pl minimal pairs,,0,,0.00
pr,pr and social media agency,,0,,0.00
pr,pr and social media agency san diego,,0,,0.00
pr,pr and social media skills,,0,,0.00
pr,pr and social plan corporate branding,,0,,0.00
pr,pr and strategic communications,,0,,0.00
pr,pr angle example,,0,,0.00
pr,pr angle examples,,0,,0.00
pr,pr angle hay,,0,,0.00
pr,pr angles là gì,,0,,0.00
pr,pr annual salary,,0,,0.00
pr,pr antibody,,0,,0.00
pr,pr app sửa video,,0,,0.00
pr,pr application child passport express entry,,0,,0.00
pr,pr application child passport express entry site www.canadavisa.com,,0,,0.00
pr,pr application consultant,,0,,0.00
pr,pr application documents checklist provincé nominees,,0,,0.00
pr,pr application payment receip,,0,,0.00
pr,pr application payment receipt,,0,,0.00
pr,pr application status canadavisa,,0,,0.00
pr,pr application translation,,0,,0.00
pr,pr apply for energy field in vancouver,,0,,0.00
pr,pr apply for energy management field in vancouver,,0,,0.00
pr,pr ar,,0,,0.00
pr,pr architecture,,0,,0.00
pr,pr argencies,,0,,0.00
pr,pr ariel detergent,,0,,0.00
pr,pr army,,0,,0.00
pr,pr art design,,0,,0.00
pr,pr articel,,0,,0.00
pr,pr article demo,,0,,0.00
pr,pr article demo icon,,0,,0.00
pr,pr article event,,0,,0.00
pr,pr article example web template,,0,,0.00
pr,pr article icon,,0,,0.00
pr,pr article la gì,,0,,0.00
pr,pr article logo,,0,,0.00
pr,pr article logo vietnam,,0,,0.00
pr,pr article on magazine,,0,,0.00
pr,pr article report template,,0,,0.00
pr,pr article vector,,0,,0.00
pr,pr article vent,,0,,0.00
pr,pr articles for hotel,,0,,0.00
pr,pr articles icon,,0,,0.00
pr,pr articles là gì,,0,,0.00
pr,pr articles portfolio,,0,,0.00
pr,pr asian,,0,,0.00
pr,pr assistant aboo,,0,,0.00
pr,pr assistant abott job description,,0,,0.00
pr,pr associate job description,,0,,0.00
pr,pr associate salary,,0,,0.00
pr,pr association,,0,,0.00
pr,pr attribution help,,0,,0.00
pr,pr attribution solution,,0,,0.00
pr,pr attribution tool,,0,,0.00
pr,pr auc or roc auc,,0,,0.00
pr,pr audit model,,0,,0.00
pr,pr audit model author,,0,,0.00
pr,pr audit model smith,,0,,0.00
pr,pr audit model wikipedia,,0,,0.00
pr,pr audit report,,0,,0.00
pr,pr australia job list,,0,,0.33
pr,pr australia management consultant,,0,,0.00
pr,pr australia points evaluation,,0,,0.00
pr,pr autonics pdf,,0,,0.00
pr,pr avenue,,0,,0.00
pr,pr aviation,,0,,0.00
pr,pr award asian 2018,,0,,0.00
pr,pr awards 2020,,0,,0.00
pr,pr awos,,0,,0.00
pr,pr background creative,,0,,0.00
pr,pr ballance schemes uk,,0,,0.00
pr,pr ban than bang tieng nhat,,0,,0.00
pr,pr banner booking,,0,,0.00
pr,pr bans ddoof,,0,,0.00
pr,pr bao chi,,0,,0.00
pr,pr bar pub,,0,,0.00
pr,pr bau,,0,,0.00
pr,pr beer club,,0,,0.00
pr,pr beer club là gì,,0,,0.00
pr,pr before event,,0,,0.00
pr,pr belpomme imposteur,,0,,0.00
pr,pr benh vien filetype pdf,,0,,0.00
pr,pr berater,,0,,0.00
pr,pr berater köln,,0,,0.00
pr,pr beraterin,,0,,0.00
pr,pr beratung agentur,,0,,0.00
pr,pr beratung düsseldorf,,0,,0.00
pr,pr beratung graz,,0,,0.00
pr,pr beratung logistikunternehmen,,0,,0.00
pr,pr beratung steiermark,,0,,0.00
pr,pr best practices,,0,,0.00
pr,pr betydning,,0,,0.00
pr,pr beyonder vs living tribunal,,0,,0.00
pr,pr beyonder vs living tribunal site comicvine.gamespot.com,,0,,0.00
pr,pr bf2 servers,,0,,0.00
pr,pr bia budweiser,,0,,0.00
pr,pr bia dep,,0,,0.00
pr,pr bia xxx,,0,,0.00
pr,pr bilder,,0,,0.00
pr,pr birmingham,,0,,0.00
pr,pr blanco,,0,,0.00
pr,pr blends,,0,,0.00
pr,pr blog topics,,0,,0.00
pr,pr blog uk,,0,,0.00
pr,pr blunder meaning,,0,,0.00
pr,pr blunders,,0,,0.00
pr,pr bo dao nha thi phai o bao lau,,0,,0.00
pr,pr bond texas,,0,,0.00
pr,pr booking bar,,0,,0.00
pr,pr booking icon,,0,,0.00
pr,pr booking la gi,,0,,0.00
pr,pr booking lcd,,0,,0.00
pr,pr booking moringa kid,,0,,0.00
pr,pr booking team,,0,,0.00
pr,pr books to read,,0,,0.00
pr,pr boss là gì,,0,,0.00
pr,pr bot dau,,0,,0.00
pr,pr boutique,,0,,0.00
pr,pr brief template,,0,,0.00
pr,pr brief writing,,0,,0.00
pr,pr brighton,,0,,0.00
pr,pr brisbane,,0,,0.00
pr,pr briso.vn,,0,,0.00
pr,pr budget template,,0,,0.00
pr,pr build,,0,,0.00
pr,pr bureau amsterdam,,0,,0.00
pr,pr bureau brussel,,0,,0.00
pr,pr bureau cosmetica,,0,,0.00
pr,pr bureau fashion nederland,,0,,0.00
pr,pr bureau københavn,,0,,0.00
pr,pr bureau leuven,,0,,0.00
pr,pr bureau mode,,0,,0.00
pr,pr bureau odense,,0,,0.00
pr,pr bureau århus,,0,,0.00
pr,pr bureaus nederland,,0,,0.00
pr,pr business australia,,0,,0.00
pr,pr business boca,,0,,0.00
pr,pr business cards,,0,,0.00
pr,pr business development pvt ltd,,0,,0.00
pr,pr business listing,,0,,0.00
pr,pr business plan,,0,,0.00
pr,pr business reviews,,0,,0.00
pr,pr business search,,0,,0.00
pr,pr business solutions,,0,,0.00
pr,pr business wire,,0,,0.00
pr,pr buy hdb,,0,,0.00
pr,pr buzz,,0,,0.00
pr,pr by investment 2019,,0,,0.00
pr,pr by investment in australia,,0,,0.00
pr,pr by investment in europe,,0,,0.00
pr,pr by investment in uk,,0,,0.00
pr,pr by investment in us,,0,,0.00
pr,pr by investment in usa,,0,,0.00
pr,pr by investment new zealand,,0,,0.00
pr,pr by investment singapore,,0,,0.00
pr,pr by stormi butler,,0,,0.00
pr,pr by stormi butler in west lebanon,,0,,0.00
pr,pr by stormi butler in west lebanon in,,0,,0.00
pr,pr by stormi butler west lebanon in,,0,,0.00
pr,pr by stormy butler,,0,,0.00
pr,pr by the book,,0,,0.00
pr,pr byrå,,0,,0.00
pr,pr byrå linköping,,0,,0.00
pr,pr byrå oslo,,0,,0.00
pr,pr bá đ,,0,,0.00
pr,pr bá đạo,,0,,0.00
pr,pr bán hàng giảm giá,,0,,0.00
pr,pr bán hàng giảm giá mà không lộ,,0,,0.00
pr,pr bán vé máy bay,,0,,0.00
pr,pr bánh bông lan,,0,,0.00
pr,pr bánh bông lan hài hước,,0,,0.00
pr,pr báo 24h,,0,,0.00
pr,pr báo kenh14,,0,,0.00
pr,pr báo là gì,,0,,0.00
pr,pr báo mới,,0,,0.00
pr,pr báo điện tử,,0,,0.00
pr,pr bâ t đô ng sa n,,0,,0.00
pr,pr bình,,0,,0.00
pr,pr bút bi thiên long tl 027,,0,,0.00
pr,pr bút bi thiên long tl027,,0,,0.00
pr,pr bạn bè trên facebook,,0,,0.00
pr,pr bản dịch là gì manga,,0,,0.00
pr,pr bản thân bằng tiêng nhật,,0,,0.00
pr,pr bản thân bằng tiếng anh,,0,,0.00
pr,pr bản thân qua facebook,,0,,0.00
pr,pr bản thân trong cv dân cntt,,0,,0.00
pr,pr bẩn kieu minh tuan,,0,,0.00
pr,pr bằng mv ca nhạc,,0,,0.00
pr,pr bằng người nổi tiếng,,0,,0.00
pr,pr bệnh viện,,0,,0.00
pr,pr c101 中古,,0,,0.00
pr,pr c101 価格,,0,,0.00
pr,pr c151,,0,,0.00
pr,pr c201,,0,,0.00
pr,pr c201 nisca,,0,,0.00
pr,pr c201 価格,,0,,0.00
pr,pr cafef,,0,,0.00
pr,pr cal,,0,,0.00
pr,pr camera phuc binh,,0,,0.00
pr,pr campaign against fake illicit product,,0,,0.00
pr,pr campaign assigment,,0,,0.00
pr,pr campaign assignment,,0,,0.00
pr,pr campaign circle,,0,,0.00
pr,pr campaign costs,,0,,0.00
pr,pr campaign essay,,0,,0.00
pr,pr campaign evaluation tools,,0,,0.00
pr,pr campaign examples analysis,,0,,0.00
pr,pr campaign for lotteria,,0,,0.00
pr,pr campaign goals,,0,,0.00
pr,pr campaign in 2000,,0,,0.00
pr,pr campaign in vietnam,,0,,0.00
pr,pr campaign là gì,,0,,0.00
pr,pr campaign nổi bạt,,0,,0.00
pr,pr campaign nổi bật,,0,,0.00
pr,pr campaign nổi bật 2016,,0,,0.00
pr,pr campaign phase,,0,,0.00
pr,pr campaign phases,,0,,0.00
pr,pr campaign proposal,,0,,0.33
pr,pr campaign proposal template,,0,,0.00
pr,pr campaign report,,0,,0.00
pr,pr campaign strategies,,0,,0.00
pr,pr campaign tactics,,0,,0.00
pr,pr campaign target millenial,,0,,0.00
pr,pr campaign that causes misunderstanding,,0,,0.00
pr,pr campaign that make people misunderstand,,0,,0.00
pr,pr campaign that mislead viewers,,0,,0.00
pr,pr campaign that stirs controversy,,0,,0.00
pr,pr campaign to improve service in fast food restaurant,,0,,0.00
pr,pr campaign to promote brand awareness,,0,,0.00
pr,pr campaigns 2016,,0,,0.00
pr,pr campaigns 2018,,0,,0.00
pr,pr campaigns for authors,,0,,0.00
pr,pr campain in 2000,,0,,0.00
pr,pr campain jell-o,,0,,0.00
pr,pr cana,,0,,0.00
pr,pr canada application elements,,0,,0.00
pr,pr canada có giá trị bao lâu,,0,,0.00
pr,pr canada có thể mang con cái theo không,,0,,0.00
pr,pr canada la gi,,0,,0.00
pr,pr canada statistics,,0,,0.00
pr,pr cannot export frame,,0,,0.00
pr,pr cant export frame,,0,,0.00
pr,pr canvas,,0,,0.00
pr,pr card bulgaria,,0,,0.00
pr,pr card của canada,,0,,0.00
pr,pr card of ireland,,0,,0.00
pr,pr card or since,,0,,0.00
pr,pr card renewal eligibility,,0,,0.00
pr,pr card send overseas,,0,,0.00
pr,pr card sent by ups,,0,,0.00
pr,pr career goals,,0,,0.00
pr,pr career guernsey,,0,,0.00
pr,pr case study dove,,0,,0.00
pr,pr case study pepsi,,0,,0.00
pr,pr case study pepsi kendall jenner,,0,,0.00
pr,pr case study spiin reality the best,,0,,0.00
pr,pr case study spin reality the best,,0,,0.00
pr,pr cc 2015,,0,,0.00
pr,pr cc 2015 cho macbook drive,,0,,0.00
pr,pr cc 2017,,0,,0.00
pr,pr cc 2017 crack,,0,,0.00
pr,pr cc 2017 free download,,0,,0.00
pr,pr cc 2017 import flv,,0,,0.00
pr,pr cc 2017 khong import flv,,0,,0.00
pr,pr cc 2017 yotube,,0,,0.00
pr,pr cc 2017full,,0,,0.00
pr,pr cc 2018 báo lỗi code 183,,0,,0.00
pr,pr cc 2018 full crack,,0,,0.00
pr,pr cc 2019,,0,,0.00
pr,pr cc 2019n không cha y,,0,,0.00
pr,pr cc crack,,0,,0.00
pr,pr celebrity management,,0,,0.00
pr,pr channel kol,,0,,0.00
pr,pr channels list,,0,,0.00
pr,pr charleston sc,,0,,0.00
pr,pr checker addon chrome,,0,,0.00
pr,pr checker chrome,,0,,0.00
pr,pr checklist for tech products,,0,,0.00
pr,pr cheshire,,0,,0.00
pr,pr childcare leave,,0,,0.00
pr,pr china 1936 capital,,0,,0.00
pr,pr chinh sua video,,0,,0.00
pr,pr chiêu thị,,0,,0.00
pr,pr cho 1 sản phẩm giáo dục,,0,,0.00
pr,pr cho ai,,0,,0.00
pr,pr cho ai pr làm gì,,0,,0.00
pr,pr cho ban be,,0,,0.00
pr,pr cho ban be fb khi mat nick,,0,,0.00
pr,pr cho ban be tim ban,,0,,0.00
pr,pr cho bia,,0,,0.00
pr,pr cho bạn bè,,0,,0.00
pr,pr cho bạn bè trên facebook,,0,,0.00
pr,pr cho bạn bè trên facebook là gì,,0,,0.00
pr,pr cho chợ an đông,,0,,0.00
pr,pr cho clb nghê thuâ t,,0,,0.00
pr,pr cho cloud vps,,0,,0.00
pr,pr cho concert,,0,,0.00
pr,pr cho các dự án resort 5 sao,,0,,0.00
pr,pr cho doanh nghiệp,,0,,0.00
pr,pr cho doanh nghiệp nhỏ,,0,,0.00
pr,pr cho fanpage,,0,,0.00
pr,pr cho gas,,0,,0.00
pr,pr cho giáo dục như thế nào là hợp lý,,0,,0.00
pr,pr cho giầy,,0,,0.00
pr,pr cho mình lm gì,,0,,0.00
pr,pr cho mật ong rừng hay,,0,,0.00
pr,pr cho ngân hang,,0,,0.00
pr,pr cho nhà hàng,,0,,0.00
pr,pr cho nhà hàng là gì,,0,,0.00
pr,pr cho quan cafe,,0,,0.00
pr,pr cho sp tiền gui,,0,,0.00
pr,pr cho sp tiền gui của vietcombank,,0,,0.00
pr,pr cho sản phẩm là gì,,0,,0.00
pr,pr cho sản phẩm mới ra thị trường,,0,,0.00
pr,pr cho sự kiện,,0,,0.00
pr,pr cho tiki,,0,,0.00
pr,pr cho trung tâm tiê ng anh,,0,,0.00
pr,pr cho tên tuổi,,0,,0.00
pr,pr chokolade,,0,,0.00
pr,pr chokolade job,,0,,0.00
pr,pr chris,,0,,0.00
pr,pr chuong trinh ve sinh cuoi nam,,0,,0.00
pr,pr chuyên mục tài,,0,,0.00
pr,pr chéo insta,,0,,0.00
pr,pr chéo là gì,,0,,0.00
pr,pr chính phủ ở việt nam,,0,,0.00
pr,pr chùa ba vàng,,0,,0.00
pr,pr chất,,0,,0.00
pr,pr chỉnh sửa video tải vê laptop,,0,,0.00
pr,pr chủ đề giáng sinh,,0,,0.00
pr,pr chủ động adtima,,0,,0.00
pr,pr cikk,,0,,0.00
pr,pr cikk ár,,0,,0.00
pr,pr cikk írás,,0,,0.00
pr,pr clipping report là gì,,0,,0.00
pr,pr cloning kit from thermofisher,,0,,0.00
pr,pr cmpanies in sydney,,0,,0.00
pr,pr co khi,,0,,0.00
pr,pr co tam,,0,,0.00
pr,pr coating process,,0,,0.00
pr,pr code bao hie,,0,,0.00
pr,pr code on hot tub,,0,,0.00
pr,pr code vw,,0,,0.00
pr,pr coffee austin,,0,,0.00
pr,pr coffee roasters,,0,,0.00
pr,pr coils n55,,0,,0.00
pr,pr colchester,,0,,0.00
pr,pr college,,0,,0.00
pr,pr colorado denver,,0,,0.00
pr,pr com pricing,,0,,0.00
pr,pr com reviews,,0,,0.00
pr,pr command in linux,,0,,0.00
pr,pr command in linux with examples,,0,,0.00
pr,pr commentary,,0,,0.00
pr,pr commercial painting,,0,,0.00
pr,pr comms là j,,0,,0.00
pr,pr communicate,,0,,0.00
pr,pr communicatie,,0,,0.00
pr,pr communications recruitment agencies london,,0,,0.00
pr,pr companies bay area,,0,,0.00
pr,pr companies birmingham,,0,,0.00
pr,pr companies boston,,0,,0.00
pr,pr companies brisbane,,0,,0.00
pr,pr companies bristol,,0,,0.00
pr,pr companies byron,,0,,0.00
pr,pr companies cambridge,,0,,0.00
pr,pr companies cardiff,,0,,0.00
pr,pr companies cheshire,,0,,0.00
pr,pr companies dallas,,0,,0.00
pr,pr companies denver,,0,,0.00
pr,pr companies dublin,,0,,0.00
pr,pr companies for bloggers,,0,,0.00
pr,pr companies galway,,0,,0.00
pr,pr companies glasgow,,0,,0.00
pr,pr companies hampshire,,0,,0.00
pr,pr companies houston,,0,,0.00
pr,pr companies in abu dhabi,,0,,0.00
pr,pr companies in atlanta,,0,,0.00
pr,pr companies in cape town,,0,,0.00
pr,pr companies in chicago,,0,,0.00
pr,pr companies in delhi,,0,,0.00
pr,pr companies in india,,0,,0.00
pr,pr companies in johannesburg,,0,,0.00
pr,pr companies in new york,,0,,0.00
pr,pr companies in nigeria,,0,,0.00
pr,pr companies in phoenix,,0,,0.00
pr,pr companies in san francisco,,0,,0.00
pr,pr companies in sandton,,0,,0.00
pr,pr companies in south africa,,0,,0.00
pr,pr companies in the philippines,,0,,0.00
pr,pr companies in washington dc,,0,,0.00
pr,pr companies ireland,,0,,0.00
pr,pr companies leeds,,0,,0.00
pr,pr companies legal,,0,,0.00
pr,pr companies liverpool,,0,,0.00
pr,pr companies manchester,,0,,0.00
pr,pr companies melbourne,,0,,0.00
pr,pr companies minneapolis,,0,,0.00
pr,pr companies nottingham,,0,,0.00
pr,pr companies perth,,0,,0.00
pr,pr companies sf,,0,,0.00
pr,pr companies south west,,0,,0.00
pr,pr companies sussex,,0,,0.00
pr,pr companies sydney,,0,,0.00
pr,pr companies that work with bloggers,,0,,0.00
pr,pr companies toronto,,0,,0.00
pr,pr companies uk,,0,,0.00
pr,pr companies west midlands,,0,,0.00
pr,pr company bondi junction,,0,,0.00
pr,pr company chester,,0,,0.00
pr,pr company farnham,,0,,0.00
pr,pr company for small business,,0,,0.00
pr,pr company for the dental industry,,0,,0.00
pr,pr company in malaysia,,0,,0.00
pr,pr company lagos,,0,,0.00
pr,pr company las vegas,,0,,0.00
pr,pr company logo,,0,,0.00
pr,pr company nj,,0,,0.00
pr,pr company raleigh,,0,,0.00
pr,pr company reading,,0,,0.00
pr,pr company scottsdale,,0,,0.00
pr,pr company services,,0,,0.00
pr,pr company services in bangalore,,0,,0.00
pr,pr company slogan,,0,,0.00
pr,pr company slogan and tagline,,0,,0.00
pr,pr comunicacion,,0,,0.00
pr,pr comunicazione milano,,0,,0.00
pr,pr cong tac to chuc su kien,,0,,0.00
pr,pr cong ty,,0,,0.00
pr,pr construction,,0,,0.00
pr,pr construction term,,0,,0.00
pr,pr consult aps,,0,,0.00
pr,pr consultancy company,,0,,0.00
pr,pr consultancy london,,0,,0.00
pr,pr consultancy nottingham,,0,,0.00
pr,pr consultancy services,,0,,0.00
pr,pr consultant in chandigarh,,0,,0.00
pr,pr consultant in ludhiana,,0,,0.00
pr,pr consultant in mohali,,0,,0.00
pr,pr consultants australia,,0,,0.00
pr,pr consultants calgary,,0,,0.00
pr,pr consultants in denver,,0,,0.00
pr,pr consultants in guildford,,0,,0.00
pr,pr consulting careers,,0,,0.00
pr,pr consulting leeds,,0,,0.00
pr,pr consulting manchester,,0,,0.00
pr,pr consulting new york,,0,,0.00
pr,pr consulting nyc,,0,,0.00
pr,pr content aira group hanoi linkedin,,0,,0.00
pr,pr content cho quán cà phê,,0,,0.00
pr,pr content la gì,,0,,0.00
pr,pr content lightning 画像サイズ,,0,,0.00
pr,pr content là gì,,0,,0.00
pr,pr content outline form,,0,,0.00
pr,pr content plan,,0,,0.00
pr,pr content strategy,,0,,0.00
pr,pr content vk blocks 画像サイズ,,0,,0.00
pr,pr contracting,,0,,0.00
pr,pr controller f28335,,0,,0.00
pr,pr controller wikipedia,,0,,0.00
pr,pr convert to singaporean duration,,0,,0.00
pr,pr cooling,,0,,0.00
pr,pr coordinator and fashion site vn.linkedin.com,,0,,0.00
pr,pr coordinator là gì,,0,,0.00
pr,pr coordinator xuan an fashion,,0,,0.00
pr,pr corporate là gì,,0,,0.00
pr,pr corporation là gì,,0,,0.00
pr,pr council,,0,,0.00
pr,pr couriers,,0,,0.00
pr,pr courses in australia 2016,,0,,0.00
pr,pr courses in australia 2017,,0,,0.00
pr,pr courses in australia 2020,,0,,0.00
pr,pr courses in australia after 12th,,0,,0.00
pr,pr courses in australia home affairs,,0,,0.00
pr,pr courses in australia melbourne,,0,,0.00
pr,pr courses in australia online,,0,,0.00
pr,pr courses melbourne,,0,,0.00
pr,pr courses sydney,,0,,0.00
pr,pr coverage là gì,,0,,0.00
pr,pr coverage report,,0,,0.00
pr,pr coverage report email,,0,,0.00
pr,pr coverage report template,,0,,0.00
pr,pr cpf contribution rate,,0,,0.00
pr,pr creation,,0,,0.00
pr,pr creation in sap,,0,,0.00
pr,pr creative,,0,,0.00
pr,pr creative agency,,0,,0.00
pr,pr creative brief,,0,,0.00
pr,pr creative caterers,,0,,0.00
pr,pr creative caterers address,,0,,0.00
pr,pr creative caterers passover,,0,,0.00
pr,pr creative caterers reviews,,0,,0.00
pr,pr creative caterers toronto,,0,,0.00
pr,pr creative director,,0,,0.00
pr,pr creative ideas,,0,,0.00
pr,pr creative passover menu,,0,,0.00
pr,pr credentials,,0,,0.00
pr,pr crisis 2017,,0,,0.00
pr,pr crisis 2019,,0,,0.00
pr,pr crisis case studies,,0,,0.00
pr,pr crisis examples 2015,,0,,0.00
pr,pr crisis examples 2016,,0,,0.00
pr,pr crisis examples 2017,,0,,0.00
pr,pr crisis examples 2018,,0,,0.00
pr,pr crisis examples 2019,,0,,0.00
pr,pr crisis examples 2020,,0,,0.00
pr,pr crisis examples in india,,0,,0.00
pr,pr crisis help ireland,,0,,0.00
pr,pr crisis là gì,,0,,0.00
pr,pr crisis management agency,,0,,0.00
pr,pr crisis management agency leeds,,0,,0.00
pr,pr crisis management job description,,0,,0.00
pr,pr crisis messaging,,0,,0.00
pr,pr crisis plan,,0,,0.00
pr,pr crisis solution ireland,,0,,0.00
pr,pr crisis vs seeding,,0,,0.00
pr,pr crm,,0,,0.00
pr,pr crocodile game,,0,,0.00
pr,pr cryptocurrency,,0,,0.00
pr,pr cs4,,0,,0.00
pr,pr cs5,,0,,0.00
pr,pr cs5 full crack,,0,,0.00
pr,pr cs6,,0,,0.00
pr,pr cs6 xuất file chạy pr cs3,,0,,0.00
pr,pr cua hang khong nao,,0,,0.00
pr,pr cua ireland,,0,,0.00
pr,pr cuoi thu la gi,,0,,0.00
pr,pr customer care,,0,,0.00
pr,pr customer care vietnam,,0,,0.00
pr,pr cuối comment là gì,,0,,0.00
pr,pr cuộc thi,,0,,0.00
pr,pr cuộc thi tiếng anh online,,0,,0.00
pr,pr cy анализ сайта,,0,,0.00
pr,pr cy позиции сайта,,0,,0.00
pr,pr cybersecurity,,0,,0.00
pr,pr czech bảo lãnh vợ,,0,,0.00
pr,pr cá nhân trong công việc là gì,,0,,0.00
pr,pr câu like trên face,,0,,0.00
pr,pr cây bút,,0,,0.00
pr,pr có bao gồm quỹ an sinh xã hội,,0,,0.00
pr,pr có cần bằng đại học ko,,0,,0.00
pr,pr có mấy loại,,0,,0.00
pr,pr có nghia la gi,,0,,0.00
pr,pr có nghĩa la gì,,0,,0.00
pr,pr có nghĩa là gì trong facebook,,0,,0.00
pr,pr có nghĩa là gì trên facebook,,0,,0.00
pr,pr có nghĩa là gì trên fb,,0,,0.00
pr,pr có nghĩa là j,,0,,0.00
pr,pr có nên phụ thuộc marketing,,0,,0.00
pr,pr có phải là marketing,,0,,0.00
pr,pr có quan hệ gì với truyền thông tổng thể,,0,,0.00
pr,pr có quan hệ gì với truyềnhông tổng thể,,0,,0.00
pr,pr có type là gì,,0,,0.00
pr,pr có ý nghĩa là gì,,0,,0.00
pr,pr có được viết quá sự thật không,,0,,0.00
pr,pr công ty,,0,,0.00
pr,pr cải thiện quan hệ cộng đồng,,0,,0.00
pr,pr cảng biển,,0,,0.00
pr,pr cảng bển,,0,,0.00
pr,pr cần,,0,,0.00
pr,pr cần gì,,0,,0.00
pr,pr của bang ontario có de không,,0,,0.00
pr,pr của bút thiên long,,0,,0.00
pr,pr của cà phê trung nguyên,,0,,0.00
pr,pr của công ty vinamilk,,0,,0.00
pr,pr của dutch lady,,0,,0.00
pr,pr của grab,,0,,0.00
pr,pr của lotte cinema,,0,,0.00
pr,pr của masan,,0,,0.00
pr,pr của sunsilk,,0,,0.00
pr,pr của th true milk,,0,,0.00
pr,pr của th true milk nam 2016,,0,,0.00
pr,pr của tiki trên báo,,0,,0.00
pr,pr của tinh vân,,0,,0.00
pr,pr của travellive,,0,,0.00
pr,pr của trump,,0,,0.00
pr,pr d.o.o croatia,,0,,0.00
pr,pr daily content marketing awards,,0,,0.00
pr,pr daily nonprofit awards,,0,,0.00
pr,pr dan tri,,0,,0.00
pr,pr dang tesmotorial,,0,,0.00
pr,pr dansani,,0,,0.00
pr,pr date and ros date,,0,,0.00
pr,pr date mean,,0,,0.00
pr,pr dating,,0,,0.00
pr,pr deal la gi,,0,,0.00
pr,pr deals mean,,0,,0.00
pr,pr definitie,,0,,0.00
pr,pr degree in australia,,0,,0.00
pr,pr deliverables,,0,,0.00
pr,pr department inhouse,,0,,0.00
pr,pr department là gì,,0,,0.00
pr,pr department of education,,0,,0.00
pr,pr depression ecg causes,,0,,0.00
pr,pr deputy manager,,0,,0.00
pr,pr deputy manager translate,,0,,0.00
pr,pr derby,,0,,0.00
pr,pr design group,,0,,0.00
pr,pr developments group,,0,,0.00
pr,pr diamond,,0,,0.00
pr,pr diamond in pokemon,,0,,0.00
pr,pr diesel,,0,,0.00
pr,pr diesel rovaniemi,,0,,0.00
pr,pr digital assistant manager job description,,0,,0.00
pr,pr digital marketing agency,,0,,0.00
pr,pr direction,,0,,0.00
pr,pr director job description,,0,,0.00
pr,pr director 意味,,0,,0.00
pr,pr directory,,0,,0.00
pr,pr disasters 2018,,0,,0.00
pr,pr disasters 2019,,0,,0.00
pr,pr displays,,0,,0.00
pr,pr distribution india,,0,,0.00
pr,pr distribution strategy,,0,,0.00
pr,pr document type in sap,,0,,0.00
pr,pr doo,,0,,0.00
pr,pr dowload full crack,,0,,0.00
pr,pr down load,,0,,0.00
pr,pr dr2 68w3021670,,0,,0.00
pr,pr dr2 68w3021670 board,,0,,0.00
pr,pr dr2 68w3021670 circuit board,,0,,0.00
pr,pr dr2 board,,0,,0.00
pr,pr drink,,0,,0.00
pr,pr drink and think pepsi,,0,,0.00
pr,pr drink and think pepsi năm 2014,,0,,0.00
pr,pr ds ds jit of pm,,0,,0.00
pr,pr du lịch singapore,,0,,0.00
pr,pr dua vao tu hao dant oc mac ftu,,0,,0.00
pr,pr dublin,,0,,0.00
pr,pr duong tinh la gi,,0,,0.00
pr,pr dùm nha,,0,,0.00
pr,pr dương tính,,0,,0.00
pr,pr dạng lookbook là gì,,0,,0.00
pr,pr dịch vụ,,0,,0.00
pr,pr dự án,,0,,0.00
pr,pr e p technique in writing effectiveness,,0,,0.00
pr,pr e1paration à l'examen du delf a1,,0,,0.00
pr,pr e1paration à l'examen du delf á,,0,,0.00
pr,pr ebook,,0,,0.00
pr,pr editorial articles in online media,,0,,0.00
pr,pr editorial articles in online media á,,0,,0.00
pr,pr editorial là gì,,0,,0.00
pr,pr editorials online & print là gì,,0,,0.00
pr,pr effectiveness versus duration,,0,,0.00
pr,pr efficiency,,0,,0.00
pr,pr eigenschaften,,0,,0.00
pr,pr electrical,,0,,0.33
pr,pr electronics 4131,,0,,0.00
pr,pr electronics 4501,,0,,0.00
pr,pr electronics 5104a manual,,0,,0.00
pr,pr electronics 5223a,,0,,0.00
pr,pr electronics 5223a việt nam,,0,,0.00
pr,pr electronics isolation,,0,,0.00
pr,pr electronics isolation 52,,0,,0.00
pr,pr electronics isolation amplifier 2204,,0,,0.00
pr,pr electronics model 5714,,0,,0.00
pr,pr electronics pr5225,,0,,0.00
pr,pr elicznik dong wietnamski,,0,,0.00
pr,pr elite school,,0,,0.00
pr,pr email solution,,0,,0.00
pr,pr email template,,0,,0.00
pr,pr email template for event announcement,,0,,0.00
pr,pr en 1566 2017,,0,,0.00
pr,pr en 15662 2017,,0,,0.00
pr,pr en communicatie,,0,,0.00
pr,pr energie,,0,,0.00
pr,pr engineering,,0,,0.00
pr,pr enterprises chennai,,0,,0.00
pr,pr eoder,,0,,0.00
pr,pr eric pop,,0,,0.00
pr,pr error compiling movie,,0,,0.00
pr,pr esl flashcards,,0,,0.00
pr,pr est quel mot,,0,,0.00
pr,pr ethics is less important than profit,,0,,0.00
pr,pr ethics the law defamation uk,,0,,0.00
pr,pr euro bảo lãnh vợ,,0,,0.00
pr,pr evaluation tools,,0,,0.00
pr,pr event agency hong kong,,0,,0.00
pr,pr event là gì,,0,,0.01
pr,pr event management,,0,,0.33
pr,pr event managetor betanam,,0,,0.00
pr,pr event mangator betanam,,0,,0.00
pr,pr event venues,,0,,0.00
pr,pr events agency london,,0,,0.00
pr,pr events freelancer,,0,,0.00
pr,pr events london,,0,,0.00
pr,pr events meaning,,0,,0.00
pr,pr events sydney,,0,,0.00
pr,pr evolution,,0,,0.00
pr,pr executive ama jobstreet,,0,,0.00
pr,pr executive la gì,,0,,0.00
pr,pr executive la lam gi,,0,,0.00
pr,pr executive le bros,,0,,0.00
pr,pr executive lebros,,0,,0.00
pr,pr executive of children book,,0,,0.00
pr,pr executive phim,,0,,0.00
pr,pr executive profile,,0,,0.00
pr,pr executive skills,,0,,0.00
pr,pr executive vietnam,,0,,0.00
pr,pr exercise meaning in english,,0,,0.00
pr,pr experience profile,,0,,0.00
pr,pr experience profile industry,,0,,0.00
pr,pr experience profile mobile phone,,0,,0.00
pr,pr exposure dịch,,0,,0.00
pr,pr express entry,,0,,0.00
pr,pr express entry documents,,0,,0.00
pr,pr express entry draw,,0,,0.00
pr,pr express entry fees,,0,,0.00
pr,pr express entry login,,0,,0.00
pr,pr express entry points,,0,,0.00
pr,pr express entry profile,,0,,0.00
pr,pr express entry timeline,,0,,0.00
pr,pr expression of interest,,0,,0.00
pr,pr face cho người khác,,0,,0.00
pr,pr facebook chất,,0,,0.00
pr,pr facebook cover,,0,,0.00
pr,pr facebook covers,,0,,0.00
pr,pr facebook cá nhân,,0,,0.00
pr,pr facebook dành cho người yêu,,0,,0.00
pr,pr facebook groups,,0,,0.00
pr,pr facebook hay,,0,,0.00
pr,pr facebook hài hước,,0,,0.00
pr,pr facebook là j,,0,,0.00
pr,pr facebook như thế nào,,0,,0.00
pr,pr facebook page,,0,,0.00
pr,pr facebook tips,,0,,0.00
pr,pr fact sheet,,0,,0.00
pr,pr fanpage,,0,,0.00
pr,pr farming friedrich der grosse,,0,,0.00
pr,pr farming friedrich der grosse azur lane,,0,,0.00
pr,pr fashion,,0,,0.00
pr,pr fashion agency,,0,,0.00
pr,pr fb ví dụ,,0,,0.00
pr,pr fertilizer,,0,,0.00
pr,pr file system extend.bra not found,,0,,0.00
pr,pr files,,0,,0.00
pr,pr filesystem extend.bra not found,,0,,0.00
pr,pr filesystem extend.bra not found fairy fencer,,0,,0.00
pr,pr filmimpact net transition packs v3 6.15 ce,,0,,0.00
pr,pr firm food,,0,,0.00
pr,pr firm internships,,0,,0.00
pr,pr firm marijuana,,0,,0.00
pr,pr firm meaning,,0,,0.00
pr,pr firm nw,,0,,0.00
pr,pr firm salary,,0,,0.00
pr,pr firm staten island,,0,,0.00
pr,pr firm tucson,,0,,0.00
pr,pr firm with cannabis practice,,0,,0.00
pr,pr firm with marijuana practice,,0,,0.00
pr,pr firma,,0,,0.00
pr,pr firms adelaide,,0,,0.00
pr,pr firms asia,,0,,0.00
pr,pr firms austin,,0,,0.00
pr,pr firms birmingham,,0,,0.00
pr,pr firms boston,,0,,0.00
pr,pr firms brisbane,,0,,0.00
pr,pr firms calgary,,0,,0.00
pr,pr firms chicago,,0,,0.00
pr,pr firms chicago il,,0,,0.00
pr,pr firms dallas tx,,0,,0.00
pr,pr firms denver,,0,,0.00
pr,pr firms dublin,,0,,0.00
pr,pr firms for tech companies,,0,,0.00
pr,pr firms houston,,0,,0.00
pr,pr firms in atlanta,,0,,0.00
pr,pr firms in baltimore,,0,,0.00
pr,pr firms in charleston sc,,0,,0.00
pr,pr firms in charlotte,,0,,0.00
pr,pr firms in charlotte nc,,0,,0.00
pr,pr firms in cincinnati,,0,,0.00
pr,pr firms in dc,,0,,0.00
pr,pr firms in delhi,,0,,0.00
pr,pr firms in detroit,,0,,0.00
pr,pr firms in dubai,,0,,0.00
pr,pr firms in florida,,0,,0.00
pr,pr firms in fort lauderdale,,0,,0.00
pr,pr firms in fort lauderdale fl,,0,,0.00
pr,pr firms in ft lauderdale fl,,0,,0.00
pr,pr firms in gurgaon,,0,,0.00
pr,pr firms in houston tx,,0,,0.00
pr,pr firms in kansas city,,0,,0.00
pr,pr firms in knoxville tn,,0,,0.00
pr,pr firms in las vegas,,0,,0.00
pr,pr firms in miami,,0,,0.00
pr,pr firms in mumbai,,0,,0.00
pr,pr firms in nashville,,0,,0.00
pr,pr firms in nevada,,0,,0.00
pr,pr firms in nj,,0,,0.00
pr,pr firms in north carolina,,0,,0.00
pr,pr firms in philadelphia,,0,,0.00
pr,pr firms in phoenix,,0,,0.00
pr,pr firms in pittsburgh,,0,,0.00
pr,pr firms in raleigh nc,,0,,0.00
pr,pr firms in richmond va,,0,,0.00
pr,pr firms in scottsdale,,0,,0.00
pr,pr firms in south florida,,0,,0.00
pr,pr firms in st petersburg,,0,,0.00
pr,pr firms in tallahassee fl,,0,,0.00
pr,pr firms in texas,,0,,0.00
pr,pr firms in the philippines,,0,,0.00
pr,pr firms in virginia,,0,,0.00
pr,pr firms indianapolis,,0,,0.00
pr,pr firms knoxville tn,,0,,0.00
pr,pr firms leeds,,0,,0.00
pr,pr firms long island,,0,,0.00
pr,pr firms los angeles,,0,,0.00
pr,pr firms maine,,0,,0.00
pr,pr firms manchester,,0,,0.00
pr,pr firms melbourne,,0,,0.00
pr,pr firms minneapolis,,0,,0.00
pr,pr firms nashville tn,,0,,0.00
pr,pr firms near me,,0,,0.00
pr,pr firms perth,,0,,0.00
pr,pr firms portland oregon,,0,,0.00
pr,pr firms san francisco,,0,,0.00
pr,pr firms sydney,,0,,0.00
pr,pr firms tallahassee,,0,,0.00
pr,pr firms tampa,,0,,0.00
pr,pr firms toronto,,0,,0.00
pr,pr firms vermont,,0,,0.00
pr,pr flight code,,0,,0.00
pr,pr fontanille pasteur cambodge,,0,,0.00
pr,pr foo,,0,,0.00
pr,pr food and drink,,0,,0.00
pr,pr food and leisure industry,,0,,0.00
pr,pr food group,,0,,0.00
pr,pr food industry,,0,,0.00
pr,pr food services,,0,,0.00
pr,pr food specialists,,0,,0.00
pr,pr foodland,,0,,0.00
pr,pr foodland bình dương,,0,,0.00
pr,pr foodland co.ltd,,0,,0.00
pr,pr foodland co.ltd vn,,0,,0.00
pr,pr foodland vietnam,,0,,0.00
pr,pr for apps,,0,,0.00
pr,pr for asset managers,,0,,0.00
pr,pr for authors,,0,,0.00
pr,pr for aviation,,0,,0.00
pr,pr for barristers,,0,,0.00
pr,pr for books reviews,,0,,0.00
pr,pr for built environment,,0,,0.00
pr,pr for cigarette,,0,,0.00
pr,pr for construction companies,,0,,0.00
pr,pr for construction firms,,0,,0.00
pr,pr for cybersecurity,,0,,0.00
pr,pr for energy field in vancuver,,0,,0.00
pr,pr for engineering uk,,0,,0.00
pr,pr for entrepreneurs,,0,,0.00
pr,pr for events in bangalore,,0,,0.00
pr,pr for finance,,0,,0.00
pr,pr for graduates canada,,0,,0.00
pr,pr for graduates in canada,,0,,0.00
pr,pr for hemp,,0,,0.00
pr,pr for hotels,,0,,0.00
pr,pr for it companies,,0,,0.00
pr,pr for manufacturers,,0,,0.00
pr,pr for marijuana,,0,,0.00
pr,pr for my book,,0,,0.00
pr,pr for product launch,,0,,0.00
pr,pr for self published authors,,0,,0.00
pr,pr for seo selsun,,0,,0.00
pr,pr for small business,,0,,0.00
pr,pr for sme,,0,,0.00
pr,pr for something,,0,,0.00
pr,pr for tech startups,,0,,0.00
pr,pr for technical companies,,0,,0.00
pr,pr for the student,,0,,0.00
pr,pr for the student 意味,,0,,0.00
pr,pr for transport,,0,,0.00
pr,pr for travel,,0,,0.00
pr,pr for travel companies,,0,,0.00
pr,pr for weed,,0,,0.00
pr,pr force,,0,,0.00
pr,pr foto,,0,,0.00
pr,pr freelance jobs vietnam,,0,,0.00
pr,pr freelance network,,0,,0.00
pr,pr freelancer jobs in vietnam,,0,,0.00
pr,pr freelancer la gi,,0,,0.00
pr,pr freelancer là gì,,0,,0.33
pr,pr fruit,,0,,0.00
pr,pr functions in probability,,0,,0.00
pr,pr für produkte,,0,,0.00
pr,pr g41cbl,,0,,0.00
pr,pr gamer,,0,,0.00
pr,pr gateway,,0,,0.00
pr,pr george b steven,,0,,0.00
pr,pr giratina ba chu,,0,,0.00
pr,pr giratina cute,,0,,0.00
pr,pr girls show,,0,,0.00
pr,pr giày,,0,,0.00
pr,pr giày đừng buồn,,0,,0.00
pr,pr giày đừng buồn real,,0,,0.00
pr,pr gián tiếp là gì,,0,,0.00
pr,pr giúp,,0,,0.00
pr,pr giảm và st chênh,,0,,0.00
pr,pr giảng viên,,0,,0.00
pr,pr giới thiệu sản phẩm mới,,0,,0.00
pr,pr goal and objective examples,,0,,0.00
pr,pr goals,,0,,0.00
pr,pr goals and objectives examples,,0,,0.00
pr,pr goals for 2019,,0,,0.00
pr,pr goals objectives strategies and tactics,,0,,0.00
pr,pr goals vs objectives,,0,,0.00
pr,pr gpu render,,0,,0.00
pr,pr graduate internships,,0,,0.00
pr,pr graphic design,,0,,0.00
pr,pr groudon vs pr kyoge pokemon,,0,,0.00
pr,pr group uk,,0,,0.00
pr,pr guest relation bộ phận sales marketing,,0,,0.00
pr,pr gắp đá,,0,,0.00
pr,pr gồm,,0,,0.00
pr,pr gợi cảm,,0,,0.00
pr,pr h meaning in english,,0,,0.00
pr,pr ham7 là gì,,0,,0.00
pr,pr hang bay,,0,,0.00
pr,pr hay,,0,,0.00
pr,pr hay pa,,0,,0.00
pr,pr hay pm,,0,,0.00
pr,pr hay về kính mát,,0,,0.00
pr,pr hcmute.edu.vn,,0,,0.00
pr,pr header table in sap,,0,,0.33
pr,pr healthcare crisis,,0,,0.00
pr,pr hec26a,,0,,0.00
pr,pr help,,0,,0.00
pr,pr help brand building,,0,,0.00
pr,pr hizmeti,,0,,0.00
pr,pr ho trên facebook là gì,,0,,0.00
pr,pr holder singapore là gì,,0,,0.00
pr,pr hook,,0,,0.00
pr,pr host,,0,,0.00
pr,pr host 工作,,0,,0.00
pr,pr hot,,0,,0.00
pr,pr housing,,0,,0.00
pr,pr houston,,0,,0.00
pr,pr hoạt động,,0,,0.00
pr,pr hoạt động cộng đồng,,0,,0.00
pr,pr hoạt động tình nguyện,,0,,0.00
pr,pr hphap luan cdnc+,,0,,0.00
pr,pr hr là gì quản lí dự án,,0,,0.00
pr,pr hr solutions,,0,,0.00
pr,pr https gs2011.backlog.jp git line line-fx pullrequests 490,,0,,0.00
pr,pr hud poker,,0,,0.00
pr,pr huddersfield,,0,,0.00
pr,pr human au,,0,,0.00
pr,pr hàng việt,,0,,0.00
pr,pr hàng việt phân tích,,0,,0.00
pr,pr hình ảnh,,0,,0.00
pr,pr hầm rượu vang,,0,,0.00
pr,pr học ở đâu,,0,,0.00
pr,pr hồng phấn,,0,,0.00
pr,pr hỗ trợ truyền thông là gì,,0,,0.00
pr,pr hộ có nghĩa là gì,,0,,0.00
pr,pr hộ là gì trên facebook,,0,,0.33
pr,pr ideas for ecommerce,,0,,0.00
pr,pr ideas for health & fitness,,0,,0.00
pr,pr ideas for hotels,,0,,0.00
pr,pr ideas for restaurants,,0,,0.00
pr,pr ideas for small business,,0,,0.00
pr,pr ilottery,,0,,0.00
pr,pr image edit,,0,,0.00
pr,pr immigration consultants,,0,,0.00
pr,pr importance today,,0,,0.00
pr,pr imports & exports,,0,,0.00
pr,pr impost video màn bị xanh,,0,,0.00
pr,pr in abu dhabi,,0,,0.00
pr,pr in amerca,,0,,0.00
pr,pr in australia 2019,,0,,0.00
pr,pr in australia condition to continue,,0,,0.00
pr,pr in australia or new zealand,,0,,0.00
pr,pr in cardiology,,0,,0.00
pr,pr in delhi,,0,,0.00
pr,pr in education sector,,0,,0.00
pr,pr in englidh,,0,,0.00
pr,pr in git repo,,0,,0.00
pr,pr in healthcare industry,,0,,0.00
pr,pr in house và agency giống nhau,,0,,0.00
pr,pr in internet,,0,,0.00
pr,pr in manifest,,0,,0.00
pr,pr in migration,,0,,0.00
pr,pr in new zealand after complete a project management course,,0,,0.00
pr,pr in nike,,0,,0.00
pr,pr in quebec for international students,,0,,0.00
pr,pr in real estate,,0,,0.00
pr,pr in richmond,,0,,0.00
pr,pr in short duration is not effective,,0,,0.00
pr,pr in summerlin,,0,,0.00
pr,pr in the middle of the month,,0,,0.00
pr,pr in the middle of the month donation,,0,,0.00
pr,pr in the middle of the month donation singapore,,0,,0.00
pr,pr in virginia,,0,,0.00
pr,pr in wrestling,,0,,0.00
pr,pr in-house là gì,,0,,0.00
pr,pr in-house pr agency và pr nội bộ,,0,,0.00
pr,pr industrie,,0,,0.00
pr,pr influencer agency,,0,,0.00
pr,pr inforgraphic,,0,,0.00
pr,pr inhouse,,0,,0.00
pr,pr inhouse case study,,0,,0.00
pr,pr inhouse và agency giống nhau,,0,,0.00
pr,pr inhouse và agency giống nhau ở điểm nào,,0,,0.00
pr,pr instax fujifilm,,0,,0.00
pr,pr instruments,,0,,0.00
pr,pr intelligence,,0,,0.00
pr,pr interiors,,0,,0.00
pr,pr internal là gì,,0,,0.00
pr,pr internal specialist,,0,,0.00
pr,pr internship 2016,,0,,0.00
pr,pr internship programs,,0,,0.00
pr,pr internships london,,0,,0.00
pr,pr internships sydney,,0,,0.00
pr,pr interval in exercise,,0,,0.00
pr,pr intro temple,,0,,0.00
pr,pr investments,,0,,0.00
pr,pr iphone 6 6 plus ra đời,,0,,0.00
pr,pr is battle for reality example,,0,,0.00
pr,pr is the battle for reality explanation,,0,,0.00
pr,pr is the career for men,,0,,0.00
pr,pr is us,,0,,0.00
pr,pr issue date,,0,,0.00
pr,pr issues for punjab haryana residents,,0,,0.00
pr,pr it bonn,,0,,0.00
pr,pr items,,0,,0.00
pr,pr jav,,0,,0.00
pr,pr jean philippe wolf,,0,,0.00
pr,pr jean-benoit tambo,,0,,0.00
pr,pr jelentése,,0,,0.00
pr,pr jet binding,,0,,0.00
pr,pr jet key binding,,0,,0.00
pr,pr jewellers,,0,,0.00
pr,pr jira,,0,,0.00
pr,pr jk動画 清純そうな制服美少女が女子たちのイジメにあって犯されちゃう,,0,,0.00
pr,pr job crisis,,0,,0.00
pr,pr job description connect jounali,,0,,0.00
pr,pr job description connect journalism,,0,,0.00
pr,pr job description connect journalism from,,0,,0.00
pr,pr job description connect reportẻ,,0,,0.00
pr,pr job do not need degree,,0,,0.00
pr,pr job guernsey,,0,,0.00
pr,pr jobb,,0,,0.00
pr,pr jobs brighton,,0,,0.00
pr,pr jobs brisbane,,0,,0.00
pr,pr jobs buckinghamshire,,0,,0.00
pr,pr jobs cheshire,,0,,0.00
pr,pr jobs dc,,0,,0.00
pr,pr jobs dublin,,0,,0.00
pr,pr jobs edinburgh,,0,,0.00
pr,pr jobs in johannesburg,,0,,0.00
pr,pr jobs ireland,,0,,0.00
pr,pr jobs jacksonville fl,,0,,0.00
pr,pr jobs liverpool,,0,,0.00
pr,pr jobs seattle,,0,,0.00
pr,pr jobs vancouver,,0,,0.00
pr,pr jobs wales,,0,,0.00
pr,pr jobs wien,,0,,0.00
pr,pr jobs yorkshire,,0,,0.00
pr,pr junior là gì,,0,,0.00
pr,pr juniper net,,0,,0.00
pr,pr kampagne,,0,,0.00
pr,pr kapper soest,,0,,0.00
pr,pr karaoke bình thạnh,,0,,0.00
pr,pr karaoke hàn quốc,,0,,0.00
pr,pr karaoke quận bình thạnh,,0,,0.00
pr,pr katsura kotaro shounen tournament vnsharing,,0,,0.00
pr,pr katsura shounen tournament vnsharing,,0,,0.00
pr,pr kelly with daughter,,0,,0.00
pr,pr kem body,,0,,0.00
pr,pr kenh,,0,,0.00
pr,pr kenh la gi,,0,,0.00
pr,pr keo dai,,0,,0.00
pr,pr khong import flv,,0,,0.00
pr,pr khác gì quảng cáo trong sự kiện,,0,,0.00
pr,pr khác gì với content,,0,,0.00
pr,pr khác marketing,,0,,0.00
pr,pr khác pg,,0,,0.00
pr,pr khác promotion brand và marketing,,0,,0.00
pr,pr khác quảng cáo anh ấy dài cm,,0,,0.00
pr,pr khác quảng cáo khác nhau như thế nào,,0,,0.00
pr,pr khác quảng cáo khác nhau như thế nào vui,,0,,0.00
pr,pr khái niệm cơ bản,,0,,0.00
pr,pr khóa học,,0,,0.00
pr,pr khóa học của thanh sơn,,0,,0.00
pr,pr khóa học luyện thi đại học,,0,,0.00
pr,pr không chèn file mov dc,,0,,0.00
pr,pr không nhận tai nghe,,0,,0.00
pr,pr không thành công,,0,,0.00
pr,pr kill the service,,0,,0.00
pr,pr kinh nghiệm hay danh tiếng,,0,,0.00
pr,pr kiến thức cơ bản và đạo đức nghề nghiệp,,0,,0.00
pr,pr knowledge,,0,,0.00
pr,pr ko đúng sự thật có phải lừa đảo,,0,,0.00
pr,pr koffi kouassi gustave,,0,,0.00
pr,pr konsulent,,0,,0.00
pr,pr korporacyjny,,0,,0.00
pr,pr kpis for employee,,0,,0.00
pr,pr kyo,,0,,0.00
pr,pr kyogre,,0,,0.00
pr,pr kyogre pg,,0,,0.00
pr,pr kyogre png,,0,,0.00
pr,pr kyogree,,0,,0.00
pr,pr kép,,0,,0.00
pr,pr kênh youtube,,0,,0.00
pr,pr københavn,,0,,0.00
pr,pr kỉ yếu,,0,,0.00
pr,pr kỹ thuật là gì,,0,,0.00
pr,pr kỹ thuật là gì cong nghiep may,,0,,0.00
pr,pr l à gì,,0,,0.00
pr,pr l9700c,,0,,0.00
pr,pr l9700c 11,,0,,0.00
pr,pr l9700c 14,,0,,0.00
pr,pr l9700c 16,,0,,0.00
pr,pr l9700c 17,,0,,0.00
pr,pr l9700c 31,,0,,0.00
pr,pr l9700c 33,,0,,0.00
pr,pr la cai j,,0,,0.00
pr,pr la cuoc chien ve su that,,0,,0.00
pr,pr la fi,,0,,0.00
pr,pr la g,,0,,0.00
pr,pr la gi abl,,0,,0.00
pr,pr la gi lam the nao de pr tot,,0,,0.00
pr,pr la gi trong visa,,0,,0.00
pr,pr la go,,0,,0.00
pr,pr la gì trong mua hàng,,0,,0.00
pr,pr la hang hang khong nao,,0,,0.00
pr,pr la hang nao,,0,,0.00
pr,pr la tu viet tat cua chu gi,,0,,0.00
pr,pr launch plan template,,0,,0.00
pr,pr lavie,,0,,0.00
pr,pr legal,,0,,0.00
pr,pr leicester,,0,,0.00
pr,pr li luâ n va ư ng du ng,,0,,0.00
pr,pr light and sound,,0,,0.00
pr,pr lighting jnr-8124g светодиодный прибор полного движения 90l beam g,,0,,0.00
pr,pr lightroom,,0,,0.00
pr,pr linear guides,,0,,0.00
pr,pr list courses in australia,,0,,0.00
pr,pr list courses in australia 2019,,0,,0.00
pr,pr list tcode sap a1,,0,,0.00
pr,pr liên kết ae,,0,,0.00
pr,pr location,,0,,0.00
pr,pr lock,,0,,0.00
pr,pr lock ss,,0,,0.00
pr,pr logo b&w,,0,,0.00
pr,pr long,,0,,0.00
pr,pr los angeles,,0,,0.00
pr,pr lottery,,0,,0.00
pr,pr luminance,,0,,0.00
pr,pr luxury media,,0,,0.00
pr,pr ly luâ n va ư ng du ng,,0,,0.00
pr,pr là bậc thầy nói dối,,0,,0.00
pr,pr là cuộc chiến về nhận thức,,0,,0.00
pr,pr là g,,0,,0.00
pr,pr là gfi,,0,,0.00
pr,pr là ghi tắt của từ gì,,0,,0.00
pr,pr là gi phân biệt pr và quảng cáo,,0,,0.00
pr,pr là gi2,,0,,0.00
pr,pr là gì cho ví dụ,,0,,0.00
pr,pr là gì facebook,,0,,0.00
pr,pr là gì nhỉ,,0,,0.00
pr,pr là gì pr như thế nào,,0,,0.00
pr,pr là gì quản lí dự án,,0,,0.00
pr,pr là gì tren fb,,0,,0.00
pr,pr là gì trong bán hàng online,,0,,0.00
pr,pr là gì trong face book,,0,,0.00
pr,pr là gì trong fitness,,0,,0.00
pr,pr là gì trong mâm xe nâng,,0,,0.00
pr,pr là gì trên face,,0,,0.00
pr,pr là gì trên facebook adsplus,,0,,0.00
pr,pr là gì wiki,,0,,0.00
pr,pr là gì wikipedia,,0,,0.00
pr,pr là gò,,0,,0.00
pr,pr là gù,,0,,0.00
pr,pr là hãng bày nào,,0,,0.00
pr,pr là hãng nào,,0,,0.00
pr,pr là j trong facebook,,0,,0.00
pr,pr là làm gì trên facebook,,0,,0.00
pr,pr là làm những gì,,0,,0.00
pr,pr là phòng gì,,0,,0.00
pr,pr là phần mềm gf,,0,,0.00
pr,pr là promotion,,0,,0.00
pr,pr là quảng cáo à,,0,,0.00
pr,pr là sống,,0,,0.00
pr,pr là sống nxb,,0,,0.00
pr,pr là tool hay channel,,0,,0.00
pr,pr là trong kpop là gì,,0,,0.00
pr,pr là tỉ số của 2 tỉ lệ lưu hành,,0,,0.00
pr,pr là từ viết tắt của từ gì,,0,,0.00
pr,pr là viet tat cua tu gi,,0,,0.00
pr,pr là viet tat cua tu nao,,0,,0.00
pr,pr là viết tắt chữ gì,,0,,0.00
pr,pr là viết tắt của gì,,0,,0.00
pr,pr là viết tắt của những chữ gì vậy bạn,,0,,0.00
pr,pr là viết tắt của từ nào,,0,,0.00
pr,pr làm từ thiện,,0,,0.00
pr,pr làm videp,,0,,0.00
pr,pr làm việc với phóng viên,,0,,0.00
pr,pr lí luận và ứng dụng,,0,,0.00
pr,pr lý luận và thực tiễn,,0,,0.00
pr,pr lý luận và ứng,,0,,0.00
pr,pr lý luận và ứng dụ,,0,,0.00
pr,pr lý luận và ứng dụng nxb,,0,,0.00
pr,pr lạ,,0,,0.00
pr,pr lại bản dịch là gì,,0,,0.00
pr,pr lộ hang,,0,,0.00
pr,pr lộ hàng,,0,,0.00
pr,pr macca úc,,0,,0.00
pr,pr machine meaning,,0,,0.00
pr,pr magazine icon,,0,,0.00
pr,pr magazines uk,,0,,0.00
pr,pr makes people expect more,,0,,0.00
pr,pr man là gì,,0,,0.00
pr,pr management australia,,0,,0.00
pr,pr management melbourne,,0,,0.00
pr,pr management services,,0,,0.00
pr,pr management software,,0,,0.00
pr,pr management solutions,,0,,0.00
pr,pr manager bof,,0,,0.00
pr,pr manager brief career profile,,0,,0.00
pr,pr manager career profile,,0,,0.00
pr,pr manager cv,,0,,0.00
pr,pr manager for agency jd,,0,,0.00
pr,pr manager interview questions,,0,,0.00
pr,pr manager job interview,,0,,0.00
pr,pr manager jobs berlin,,0,,0.00
pr,pr manager là,,0,,0.00
pr,pr manager manual,,0,,0.00
pr,pr manager mô tả công việc,,0,,0.00
pr,pr manager nguyễn thanh huyền,,0,,0.00
pr,pr manager of coca,,0,,0.00
pr,pr manager of l'officel,,0,,0.00
pr,pr manager of l'officiel,,0,,0.00
pr,pr manager of l'officiel nguyễn tuấn đức,,0,,0.00
pr,pr manager salary london,,0,,0.33
pr,pr manager salary uk,,0,,0.00
pr,pr manager tuyen dung,,0,,0.00
pr,pr manager tuyển,,0,,0.00
pr,pr manager 中文,,0,,0.00
pr,pr manager 公关经理,,0,,0.00
pr,pr manazer,,0,,0.00
pr,pr manchester,,0,,0.00
pr,pr manufacturing,,0,,0.00
pr,pr margerzine,,0,,0.00
pr,pr margin rules,,0,,0.00
pr,pr marine divine,,0,,0.00
pr,pr market research,,0,,0.00
pr,pr marketing angles để viết báo,,0,,0.00
pr,pr marketing background,,0,,0.00
pr,pr marketing báo mạng,,0,,0.00
pr,pr marketing channel kol,,0,,0.00
pr,pr marketing channel kol koh,,0,,0.00
pr,pr marketing channel kol koo,,0,,0.00
pr,pr marketing companies,,0,,0.00
pr,pr marketing description,,0,,0.00
pr,pr marketing description at dayjob,,0,,0.00
pr,pr marketing firms,,0,,0.00
pr,pr marketing forcus,,0,,0.00
pr,pr marketing golen gate,,0,,0.00
pr,pr marketing icon,,0,,0.00
pr,pr marketing in restaurant,,0,,0.00
pr,pr marketing job description,,0,,0.00
pr,pr marketing la gì,,0,,0.00
pr,pr marketing lead ama vietnam,,0,,0.00
pr,pr marketing officer,,0,,0.00
pr,pr marketing plan for app,,0,,0.00
pr,pr marketing png,,0,,0.00
pr,pr marketing recruitment agencies,,0,,0.00
pr,pr marketing recruitment vietnamwork,,0,,0.00
pr,pr marketing strategies,,0,,0.57
pr,pr marki,,0,,0.00
pr,pr masan,,0,,0.00
pr,pr mat tab title,,0,,0.00
pr,pr maßnahmen,,0,,0.00
pr,pr meaning giám sát,,0,,0.00
pr,pr meaning in english,,0,,0.33
pr,pr meaning in english dictionary,,0,,0.00
pr,pr meaning in kannada to english,,0,,0.00
pr,pr meaning in restaurant,,0,,0.00
pr,pr means what in wrestling,,0,,0.00
pr,pr measurement conference,,0,,0.00
pr,pr media plan template,,0,,0.00
pr,pr media release,,0,,0.00
pr,pr media report,,0,,0.00
pr,pr media strategy,,0,,0.00
pr,pr media tam đảo,,0,,0.00
pr,pr media training,,0,,0.00
pr,pr melbourne,,0,,0.00
pr,pr men là gì,,0,,0.00
pr,pr merch,,0,,0.00
pr,pr merck,,0,,0.00
pr,pr messenger facebook,,0,,0.00
pr,pr metan,,0,,0.00
pr,pr metrics dashboard,,0,,0.00
pr,pr metrics podcast,,0,,0.00
pr,pr michaël peyromaure,,0,,0.00
pr,pr milano,,0,,0.00
pr,pr milwaukee,,0,,0.00
pr,pr minneapolis,,0,,0.00
pr,pr mnl han,,0,,0.00
pr,pr mo gov nursing 18,,0,,0.00
pr,pr mobile apps,,0,,0.00
pr,pr mobile phone industry resume,,0,,0.00
pr,pr mobile sperm test,,0,,0.00
pr,pr model,,0,,0.00
pr,pr moder,,0,,0.00
pr,pr moment,,0,,0.00
pr,pr monitoring as a service,,0,,0.00
pr,pr monitoring services,,0,,0.00
pr,pr monitoring software,,0,,0.00
pr,pr monitoring solutions,,0,,0.00
pr,pr monitoring tools,,0,,0.00
pr,pr monthly report template,,0,,0.00
pr,pr motors,,0,,0.33
pr,pr motors exeter,,0,,0.00
pr,pr motors tidmarsh,,0,,0.00
pr,pr motorsports,,0,,0.33
pr,pr movie maker,,0,,0.00
pr,pr movie watch online,,0,,0.00
pr,pr mql5 cloud network,,0,,0.00
pr,pr ms,,0,,0.00
pr,pr mua hàng là gì,,0,,0.00
pr,pr mulatto,,0,,0.00
pr,pr municipal bonds,,0,,0.00
pr,pr máy chủ,,0,,0.00
pr,pr máy ảnh xách tay,,0,,0.00
pr,pr mùa xuân,,0,,0.00
pr,pr mật ong chữa bệnh viêm họng,,0,,0.00
pr,pr mời tham dự sự kiện,,0,,0.00
pr,pr mỳ gói,,0,,0.00
pr,pr nedir,,0,,0.00
pr,pr news awards,,0,,0.00
pr,pr news best places to work,,0,,0.00
pr,pr news measurement conference,,0,,0.00
pr,pr news release,,0,,0.00
pr,pr news uk,,0,,0.00
pr,pr newsgen,,0,,0.00
pr,pr newsletter,,0,,0.00
pr,pr newspaper background,,0,,0.00
pr,pr newswire alternatives,,0,,0.00
pr,pr newswire asia company location vietnam,,0,,0.00
pr,pr newswire asia company vietnam,,0,,0.00
pr,pr newswire australia,,0,,0.00
pr,pr newswire competitors,,0,,0.00
pr,pr newswire cost,,0,,0.00
pr,pr newswire for journalists,,0,,0.00
pr,pr newswire india,,0,,0.00
pr,pr newswire jobs,,0,,0.00
pr,pr newswire reviews,,0,,0.00
pr,pr newswire services,,0,,0.00
pr,pr newswire software,,0,,0.00
pr,pr newswire tại việt nam,,0,,0.00
pr,pr newswite vietnam,,0,,0.00
pr,pr ngan,,0,,0.00
pr,pr ngan la hoi chung kich thich som,,0,,0.00
pr,pr ngay 20 thang 10,,0,,0.00
pr,pr ngay 20 thang 10 romance,,0,,0.00
pr,pr nghia là gì,,0,,0.00
pr,pr nghĩa là gì trên facebook,,0,,0.00
pr,pr nghề nghiệp,,0,,0.00
pr,pr nghịch diaocalibaba,,0,,0.00
pr,pr nguoi khac tren facebook là gì,,0,,0.00
pr,pr nguoi lao dong,,0,,0.00
pr,pr nguoi mau may tinh,,0,,0.00
pr,pr nguyễn thanh huyền,,0,,0.00
pr,pr ngành sức khỏe,,0,,0.00
pr,pr người mẫu,,0,,0.00
pr,pr ngắ,,0,,0.00
pr,pr nhu the nao cho hay,,0,,0.00
pr,pr nhà hàng bình thạnh,,0,,0.00
pr,pr nhà hàng quán ăn sinh thái,,0,,0.00
pr,pr nhà hàng rượu vang,,0,,0.00
pr,pr nhân vật,,0,,0.00
pr,pr nhân vật nữ trên truyền hình,,0,,0.00
pr,pr như không pr,,0,,0.00
pr,pr như thế nào,,0,,0.00
pr,pr nhạc của bts,,0,,0.00
pr,pr nhạc của trai nhà,,0,,0.00
pr,pr những kỹ năng cơ bản,,0,,0.00
pr,pr nice,,0,,0.00
pr,pr nick facebook,,0,,0.00
pr,pr nick facebook hay,,0,,0.00
pr,pr nick facebook là gì,,0,,0.00
pr,pr nick fb,,0,,0.00
pr,pr nick là gì,,0,,0.33
pr,pr nik facebook,,0,,0.00
pr,pr no là gì,,0,,0.00
pr,pr no là viết tắt của,,0,,0.00
pr,pr no nghĩa là gì,,0,,0.00
pr,pr noi bo prezi,,0,,0.00
pr,pr noi len gi,,0,,0.00
pr,pr north west,,0,,0.00
pr,pr nottingham,,0,,0.00
pr,pr nowe technologia,,0,,0.00
pr,pr np là gì,,0,,0.00
pr,pr nr,,0,,0.00
pr,pr number canada,,0,,0.00
pr,pr number cua ngan hang la gi,,0,,0.00
pr,pr number equation,,0,,0.00
pr,pr number formula,,0,,0.00
pr,pr number full form,,0,,0.00
pr,pr number in invoice,,0,,0.00
pr,pr number of air,,0,,0.00
pr,pr number of bank,,0,,0.00
pr,pr number of citi bank,,0,,0.00
pr,pr number plate,,0,,0.00
pr,pr number singapore,,0,,0.00
pr,pr number vw,,0,,0.00
pr,pr nutifood,,0,,0.00
pr,pr nên là bộ phận độc lập hay không,,0,,0.00
pr,pr nô i bô du ng phương thư c gi,,0,,0.00
pr,pr nô i bô trong công ty tư nhân,,0,,0.00
pr,pr nôi bộ vietcombank,,0,,0.00
pr,pr nội bộ 1 chương trình,,0,,0.00
pr,pr nội bộ của cheese coffee,,0,,0.00
pr,pr nội bộ của kyna,,0,,0.00
pr,pr nội bộ của vinamilk,,0,,0.00
pr,pr nội bộ hoạt động,,0,,0.00
pr,pr nội bộ là ntn,,0,,0.00
pr,pr nội bộ misa tuyển dụng,,0,,0.00
pr,pr nội bộ tổ chức sinh nhật,,0,,0.00
pr,pr o lai uc,,0,,0.00
pr,pr of adidas,,0,,0.00
pr,pr of australia travel to new zealand for how long,,0,,0.00
pr,pr of production engineeing,,0,,0.00
pr,pr offline campaigns,,0,,0.00
pr,pr offline ideas,,0,,0.00
pr,pr offshore,,0,,0.00
pr,pr og kommunikation,,0,,0.00
pr,pr og kommunikationsbureau,,0,,0.00
pr,pr og markedsføring,,0,,0.00
pr,pr og marketing,,0,,0.00
pr,pr on a budget,,0,,0.00
pr,pr on internet,,0,,0.00
pr,pr on resume,,0,,0.00
pr,pr online casinos,,0,,0.00
pr,pr online check in,,0,,0.00
pr,pr online cost impression 2018,,0,,0.00
pr,pr online gồm những gì,,0,,0.00
pr,pr online kiếm tiền,,0,,0.00
pr,pr online la gi,,0,,0.00
pr,pr online nhận lương,,0,,0.00
pr,pr online symbol,,0,,0.00
pr,pr online tactics,,0,,0.00
pr,pr online ten mien,,0,,0.00
pr,pr online và pr offline,,0,,0.00
pr,pr or ps for pastor,,0,,0.00
pr,pr ordre de préséance,,0,,0.00
pr,pr outcome techniques,,0,,0.00
pr,pr outcome tool,,0,,0.00
pr,pr outcome tool media analysis,,0,,0.00
pr,pr outcomes media analysis sov,,0,,0.00
pr,pr outcomes tool media analysis,,0,,0.00
pr,pr outcomes tool media analysis has 6 element,,0,,0.00
pr,pr outsourcing,,0,,0.00
pr,pr over coffee,,0,,0.00
pr,pr owiec,,0,,0.00
pr,pr pa m là gì,,0,,0.00
pr,pr packaging service,,0,,0.00
pr,pr page rank là gì,,0,,0.00
pr,pr painting,,0,,0.00
pr,pr pakete,,0,,0.00
pr,pr pallets,,0,,0.00
pr,pr partners las vegas,,0,,0.00
pr,pr pasport,,0,,0.00
pr,pr pathway courses in australia,,0,,0.00
pr,pr pavlet,,0,,0.00
pr,pr people do not need degree,,0,,0.00
pr,pr people relation,,0,,0.00
pr,pr permit bulgaria,,0,,0.00
pr,pr ph replacement,,0,,0.00
pr,pr ph replacement public holdiay,,0,,0.00
pr,pr ph replacement public holiday,,0,,0.00
pr,pr phat am,,0,,0.00
pr,pr phim cả an nguy,,0,,0.00
pr,pr phim giả tình thật,,0,,0.00
pr,pr phim internship,,0,,0.00
pr,pr phim la gi,,0,,0.00
pr,pr phim là gì,,0,,0.00
pr,pr phim lố,,0,,0.00
pr,pr phiên bản crack,,0,,0.00
pr,pr phiên bảng pỏtable,,0,,0.00
pr,pr phobe,,0,,0.00
pr,pr photographer dorset,,0,,0.00
pr,pr photographer edinburgh,,0,,0.00
pr,pr photographer glasgow,,0,,0.00
pr,pr photographer macclesfield,,0,,0.00
pr,pr photographer scotland,,0,,0.00
pr,pr photographers norwich,,0,,0.00
pr,pr photography,,0,,0.00
pr,pr photoshop là gì,,0,,0.00
pr,pr phu c vu sư kiê n,,0,,0.00
pr,pr phu trach bia atesdam,,0,,0.00
pr,pr phu vinmec,,0,,0.00
pr,pr phu vinmec times city,,0,,0.00
pr,pr pickle vietsub,,0,,0.00
pr,pr pierre berthomieu,,0,,0.00
pr,pr pierrre berthomieu,,0,,0.00
pr,pr pilons schemes uk,,0,,0.00
pr,pr pitch example,,0,,0.33
pr,pr pitch letter,,0,,0.00
pr,pr pitch là gì,,0,,0.00
pr,pr pitching là gì,,0,,0.00
pr,pr place,,0,,0.00
pr,pr plan case study,,0,,0.00
pr,pr plan evaluation,,0,,0.00
pr,pr plan evaluation example,,0,,0.00
pr,pr plan for an event,,0,,0.00
pr,pr plan for competition,,0,,0.00
pr,pr plan for press conference,,0,,0.00
pr,pr plan fy,,0,,0.00
pr,pr plan fy là gì,,0,,0.00
pr,pr plan hotel pdf,,0,,0.00
pr,pr plan icon,,0,,0.00
pr,pr plan là gì,,0,,0.00
pr,pr plan of a charity,,0,,0.00
pr,pr plan of saigon children's charity,,0,,0.00
pr,pr plan power point template,,0,,0.00
pr,pr plan template word,,0,,0.00
pr,pr planning agency,,0,,0.00
pr,pr planning solution,,0,,0.00
pr,pr plastis resin,,0,,0.00
pr,pr plr,,0,,0.00
pr,pr plus las vegas,,0,,0.00
pr,pr pn10cw20 x,,0,,0.00
pr,pr pnc omega pnt omega sap,,0,,0.00
pr,pr po la gi,,0,,0.00
pr,pr po viết tắt của chữ gì,,0,,0.00
pr,pr po viết tắt của chữ gì trong mua bán,,0,,0.00
pr,pr po 購買,,0,,0.00
pr,pr po 違い,,0,,0.00
pr,pr po 차이,,0,,0.00
pr,pr poethyne,,0,,0.00
pr,pr points accountant 85,,0,,0.00
pr,pr points calculator new zealand,,0,,0.00
pr,pr points for early childhood education in australia,,0,,0.00
pr,pr points taxation accountant,,0,,0.00
pr,pr poker tracker,,0,,0.00
pr,pr polandball,,0,,0.00
pr,pr policy,,0,,0.00
pr,pr polling,,0,,0.00
pr,pr portable,,0,,0.00
pr,pr portale,,0,,0.00
pr,pr portfolio website,,0,,0.00
pr,pr portraits,,0,,0.00
pr,pr post và social post,,0,,0.00
pr,pr ppppphap llllluat malaysia hien nay,,0,,0.00
pr,pr pr-hecs1,,0,,0.00
pr,pr practitioner film,,0,,0.00
pr,pr praktikum wien,,0,,0.00
pr,pr pre workout,,0,,0.00
pr,pr preferred la gi,,0,,0.00
pr,pr press and organic press,,0,,0.00
pr,pr press and organix press,,0,,0.00
pr,pr press conference,,0,,0.33
pr,pr press hits and organic article,,0,,0.00
pr,pr press hits and organic press,,0,,0.00
pr,pr press kit,,0,,0.00
pr,pr press pitch,,0,,0.00
pr,pr press pitch example,,0,,0.00
pr,pr press release template,,0,,0.00
pr,pr presses hit and organic press,,0,,0.00
pr,pr pressure,,0,,0.00
pr,pr prevalence ratio là gì,,0,,0.00
pr,pr priso.vn,,0,,0.00
pr,pr pro cc 2019 full crack,,0,,0.00
pr,pr product in english,,0,,0.00
pr,pr produktu,,0,,0.00
pr,pr profesional communication,,0,,0.00
pr,pr professional baltimore,,0,,0.00
pr,pr professional meaning,,0,,0.00
pr,pr profile,,0,,0.00
pr,pr profile handphone industry experience,,0,,0.00
pr,pr profile mobile phone experience,,0,,0.00
pr,pr profile tech industry experience,,0,,0.00
pr,pr profiling,,0,,0.00
pr,pr program cyprus,,0,,0.00
pr,pr programs and events,,0,,0.00
pr,pr programs for tech companies,,0,,0.00
pr,pr project manager schedule and budget,,0,,0.00
pr,pr project statue,,0,,0.00
pr,pr project statue girl,,0,,0.00
pr,pr promtion,,0,,0.00
pr,pr property management,,0,,0.00
pr,pr property services,,0,,0.00
pr,pr proposal for lotteria,,0,,0.00
pr,pr proposal for mc donal,,0,,0.00
pr,pr proposal introduction,,0,,0.00
pr,pr proposal pdf,,0,,0.33
pr,pr proposal presentation,,0,,0.00
pr,pr proposal success,,0,,0.00
pr,pr proposal template free,,0,,0.00
pr,pr provincia,,0,,0.00
pr,pr psychology,,0,,0.14
pr,pr public relations proposal,,0,,0.00
pr,pr purchasing request viết tắt,,0,,0.00
pr,pr qtr,,0,,0.00
pr,pr quality,,0,,0.00
pr,pr quality very weak,,0,,0.00
pr,pr quality very weak là gì,,0,,0.00
pr,pr quality: very weak,,0,,0.00
pr,pr quan hệ công chúng và nghệ thuật,,0,,0.00
pr,pr quan trọng,,0,,0.00
pr,pr quán beer club là gì,,0,,0.00
pr,pr quán karaoke là gì,,0,,0.00
pr,pr quán net,,0,,0.00
pr,pr quán trà sữa,,0,,0.00
pr,pr quảng cáo gây sức hút,,0,,0.00
pr,pr quảng cáo marketing la gi,,0,,0.00
pr,pr quảng cáo sản phẩm,,0,,0.00
pr,pr quảng cáo sản phẩm của các danh nghiệp,,0,,0.00
pr,pr quảng cáo sản phẩm của các doanh nghiệp,,0,,0.00
pr,pr quảng cáola gi,,0,,0.00
pr,pr quần áo,,0,,0.00
pr,pr r 2 m 1,,0,,0.00
pr,pr ra mày đỏ,,0,,0.00
pr,pr ra đời khi nào,,0,,0.00
pr,pr raleigh,,0,,0.00
pr,pr re061600 s4,,0,,0.00
pr,pr read,,0,,0.00
pr,pr rec 245,,0,,0.00
pr,pr rec 245 jet ski,,0,,0.00
pr,pr rec 245 jetski,,0,,0.00
pr,pr recruitment agencies,,0,,0.00
pr,pr recruitment agencies london,,0,,0.00
pr,pr refuse not matching duties,,0,,0.00
pr,pr reilly,,0,,0.00
pr,pr reklam,,0,,0.00
pr,pr relationship lipstick alley,,0,,0.00
pr,pr relationship reddit,,0,,0.00
pr,pr relationship theory,,0,,0.00
pr,pr relationship urban dictionary,,0,,0.00
pr,pr relationships celebrities,,0,,0.00
pr,pr relationships in hollywood,,0,,0.00
pr,pr relationships tumblr,,0,,0.00
pr,pr remem,,0,,0.00
pr,pr remen,,0,,0.00
pr,pr renewal canada,,0,,0.33
pr,pr report là gì,,0,,0.00
pr,pr reporting software,,0,,0.00
pr,pr research example,,0,,0.00
pr,pr research methodology,,0,,0.00
pr,pr research tools,,0,,0.00
pr,pr residency amritsar address,,0,,0.00
pr,pr residency amritsar contact,,0,,0.00
pr,pr residency amritsar contact number,,0,,0.00
pr,pr residency amritsar location,,0,,0.00
pr,pr residency amritsar ranjit avenue,,0,,0.00
pr,pr residency amritsar review,,0,,0.00
pr,pr residency amritsar to golden temple,,0,,0.00
pr,pr residency amritsar tripadvisor,,0,,0.00
pr,pr resources,,0,,0.33
pr,pr restoration llc cleveland oh,,0,,0.00
pr,pr result,,0,,0.00
pr,pr resume mobile,,0,,0.00
pr,pr resume mobile phone,,0,,0.00
pr,pr resume mobile phone experience,,0,,0.00
pr,pr resume skills,,0,,0.00
pr,pr retainer proposal powerpoint,,0,,0.00
pr,pr retainer proposal reference,,0,,0.00
pr,pr revenue report là gì,,0,,0.00
pr,pr revision,,0,,0.00
pr,pr rifle,,0,,0.00
pr,pr rifle là gì,,0,,0.00
pr,pr rørtråd bøtte,,0,,0.00
pr,pr rørtråd eske,,0,,0.00
pr,pr rørtråd trommel,,0,,0.00
pr,pr rượu,,0,,0.00
pr,pr sa n phâ m mơ i,,0,,0.00
pr,pr sage,,0,,0.00
pr,pr sai gon,,0,,0.00
pr,pr sampling,,0,,0.00
pr,pr san pham bang nhung cach nao,,0,,0.00
pr,pr san pham la gi,,0,,0.00
pr,pr san phan pham,,0,,0.00
pr,pr san phâm,,0,,0.00
pr,pr sao la gi,,0,,0.00
pr,pr scale位置,,0,,0.00
pr,pr scan,,0,,0.00
pr,pr scheme,,0,,0.00
pr,pr schemes uk,,0,,0.00
pr,pr search meaning,,0,,0.00
pr,pr sector,,0,,0.33
pr,pr segment abnormalities,,0,,0.00
pr,pr segment and pr interval,,0,,0.00
pr,pr segment definition,,0,,0.00
pr,pr segment duration,,0,,0.00
pr,pr segment ecg,,0,,0.00
pr,pr segment ecg represents,,0,,0.00
pr,pr segment elevation,,0,,0.00
pr,pr segment length,,0,,0.00
pr,pr segment meaning,,0,,0.00
pr,pr segment normal,,0,,0.00
pr,pr segment normal range,,0,,0.00
pr,pr segment represents,,0,,0.00
pr,pr segment time,,0,,0.00
pr,pr seguros,,0,,0.00
pr,pr senior executive là vị trí gì,,0,,0.00
pr,pr sensor hangong,,0,,0.00
pr,pr sensor hanong,,0,,0.00
pr,pr sensor hanyong,,0,,0.00
pr,pr sensor hanyoung,,0,,0.00
pr,pr seo gmbh,,0,,0.00
pr,pr seo marketing agentur,,0,,0.00
pr,pr seo services,,0,,0.00
pr,pr septic,,0,,0.00
pr,pr series sensor,,0,,0.00
pr,pr serve,,0,,0.00
pr,pr service agency in bangalore,,0,,0.00
pr,pr services company,,0,,0.00
pr,pr services dubai,,0,,0.00
pr,pr services for small business,,0,,0.00
pr,pr services hertfordshire,,0,,0.00
pr,pr services in delhi,,0,,0.00
pr,pr services london,,0,,0.00
pr,pr services long island,,0,,0.00
pr,pr services là gì,,0,,0.00
pr,pr services manchester,,0,,0.00
pr,pr serving,,0,,0.00
pr,pr serving ns,,0,,0.00
pr,pr sexy xe vinfast,,0,,0.00
pr,pr sharing,,0,,0.00
pr,pr sharing là gì,,0,,0.00
pr,pr sheffield,,0,,0.00
pr,pr ship azurlane,,0,,0.00
pr,pr shots,,0,,0.33
pr,pr sign là gì,,0,,0.00
pr,pr sign png,,0,,0.00
pr,pr signs,,0,,0.00
pr,pr simon,,0,,0.00
pr,pr simon productions,,0,,0.00
pr,pr simon productions harder working daddies,,0,,0.00
pr,pr since là gì,,0,,0.00
pr,pr since nghĩa là gì,,0,,0.00
pr,pr sinh vien thu duc,,0,,0.00
pr,pr sip,,0,,0.00
pr,pr skilte,,0,,0.00
pr,pr smartlog,,0,,0.00
pr,pr smm,,0,,0.00
pr,pr social media agency sydney,,0,,0.00
pr,pr social media strategy,,0,,0.00
pr,pr social media studia magisterskie,,0,,0.00
pr,pr software bangalore,,0,,0.00
pr,pr software chennai,,0,,0.00
pr,pr software company,,0,,0.00
pr,pr software database contact management,,0,,0.00
pr,pr software delhi,,0,,0.00
pr,pr software download,,0,,0.00
pr,pr software free download,,0,,0.00
pr,pr software kochi,,0,,0.00
pr,pr software kolkata,,0,,0.00
pr,pr software meaning,,0,,0.00
pr,pr software pricing,,0,,0.00
pr,pr software solutions,,0,,0.00
pr,pr software uk,,0,,0.00
pr,pr software video,,0,,0.00
pr,pr solutions gồm những gì,,0,,0.00
pr,pr son black rouge,,0,,0.00
pr,pr son handmade,,0,,0.00
pr,pr spankbang,,0,,0.00
pr,pr spd logo,,0,,0.00
pr,pr speakers,,0,,0.00
pr,pr specialist anzsco,,0,,0.00
pr,pr specialist central group,,0,,0.00
pr,pr specialist central group tuyển dụng,,0,,0.00
pr,pr specialist creative image,,0,,0.00
pr,pr specialist for agency jd,,0,,0.00
pr,pr specialist hg travel,,0,,0.00
pr,pr specialist image,,0,,0.00
pr,pr specialist interview,,0,,0.00
pr,pr specialist job interview,,0,,0.00
pr,pr specialist technology,,0,,0.00
pr,pr specialist yola,,0,,0.00
pr,pr specialist yola jobstreet,,0,,0.00
pr,pr specialisten,,0,,0.00
pr,pr specialists for hire,,0,,0.00
pr,pr specialized,,0,,0.00
pr,pr specialized synnex fpt,,0,,0.00
pr,pr specialsit yola institute,,0,,0.00
pr,pr spy,,0,,0.00
pr,pr sr senior,,0,,0.00
pr,pr srticle template beauty,,0,,0.00
pr,pr stagnance,,0,,0.00
pr,pr stand for in advertising,,0,,0.00
pr,pr stand for in business advertising,,0,,0.00
pr,pr stands for gym,,0,,0.00
pr,pr state abbreviation,,0,,0.00
pr,pr status by marriage australia,,0,,0.00
pr,pr status tuition fee canada,,0,,0.00
pr,pr steel flooring grating,,0,,0.00
pr,pr stk,,0,,0.00
pr,pr stories of 2015,,0,,0.00
pr,pr story angle,,0,,0.00
pr,pr story angles,,0,,0.00
pr,pr strategic proposals,,0,,0.00
pr,pr strategic proposasl,,0,,0.00
pr,pr strategie,,0,,0.00
pr,pr strategie entwickeln,,0,,0.00
pr,pr strategies and tactics pdf,,0,,0.00
pr,pr strategy / pr strategies,,0,,0.00
pr,pr strategy and tactics examples,,0,,0.00
pr,pr strategy definition,,0,,0.00
pr,pr strategy document,,0,,0.00
pr,pr strategy for an event,,0,,0.00
pr,pr strategy for product launch,,0,,0.00
pr,pr strategy for startups,,0,,0.00
pr,pr strategy là gì,,0,,0.00
pr,pr strategy meaning,,0,,0.00
pr,pr strategy melbourne,,0,,0.00
pr,pr strategy of durex,,0,,0.00
pr,pr strategy presentation,,0,,0.00
pr,pr strategy sydney,,0,,0.00
pr,pr strategy trong marketing,,0,,0.00
pr,pr strategy vs tactics,,0,,0.00
pr,pr strømstad ab,,0,,0.00
pr,pr stunt for airplane brand,,0,,0.00
pr,pr stunt ideas,,0,,0.00
pr,pr stunt in real estast,,0,,0.00
pr,pr stunt nghĩa là gì,,0,,0.00
pr,pr stunt thành công,,0,,0.00
pr,pr stunt video,,0,,0.00
pr,pr stunts for small businesses,,0,,0.00
pr,pr subjects,,0,,0.00
pr,pr success metrics,,0,,0.00
pr,pr summer internships,,0,,0.00
pr,pr summit 2017 miami,,0,,0.00
pr,pr support,,0,,0.00
pr,pr surveys,,0,,0.14
pr,pr surveys london,,0,,0.00
pr,pr swansea,,0,,0.00
pr,pr swirlies 04 fonts,,0,,0.00
pr,pr swirlies 04bypr fonts,,0,,0.00
pr,pr swirlies fonts,,0,,0.00
pr,pr sydney,,0,,0.00
pr,pr sydney agency,,0,,0.00
pr,pr symbols png,,0,,0.00
pr,pr sàn thương mại điện tử,,0,,0.00
pr,pr sách alpha,,0,,0.00
pr,pr sơn hay,,0,,0.00
pr,pr sư kiê n,,0,,0.00
pr,pr sản phaame mới,,0,,0.00
pr,pr sản phảm,,0,,0.00
pr,pr sản phẩm bao nhiêu tiền,,0,,0.00
pr,pr sản phẩm cho đàn ông,,0,,0.00
pr,pr sản phẩm của học vien,,0,,0.00
pr,pr sản phẩm g7 2019,,0,,0.00
pr,pr sản phẩm gây sức hút,,0,,0.00
pr,pr sản phẩm hài hước,,0,,0.00
pr,pr sản phẩm hàng hải,,0,,0.00
pr,pr sản phẩm instagram,,0,,0.00
pr,pr sản phẩm khuyến mãi,,0,,0.00
pr,pr sản phẩm mới 4p,,0,,0.00
pr,pr sản phẩm mới ví dụ,,0,,0.00
pr,pr sản phẩm nước giải khát,,0,,0.00
pr,pr sản phẩm qua trang báo,,0,,0.00
pr,pr sản phẩm sơ mi,,0,,0.00
pr,pr sản phẩm sơn,,0,,0.00
pr,pr sản phẩm sữa,,0,,0.00
pr,pr sản phẩm thông minh nhất,,0,,0.00
pr,pr sản phẩm trên instagram,,0,,0.00
pr,pr sản phẩm tại buổi họp,,0,,0.00
pr,pr sản phẩm được bao nhiêu tiền,,0,,0.00
pr,pr sữa th true milk,,0,,0.00
pr,pr sữa vinamilk,,0,,0.00
pr,pr sự kiện,,0,,0.00
pr,pr table adobe,,0,,0.00
pr,pr tactics for events,,0,,0.00
pr,pr tag,,0,,0.00
pr,pr taglines,,0,,0.00
pr,pr tax associates,,0,,0.00
pr,pr team kitesvn.com,,0,,0.00
pr,pr team means,,0,,0.00
pr,pr team nghĩa là gì,,0,,0.00
pr,pr technik,,0,,0.00
pr,pr technique of saigon children's charities,,0,,0.00
pr,pr techniques of saigon children's charities,,0,,0.00
pr,pr techniques presentation,,0,,0.00
pr,pr tecta 40 mg,,0,,0.00
pr,pr tempate email for asking editor schedule,,0,,0.00
pr,pr temperature transmitter,,0,,0.00
pr,pr template email for asking timely articles,,0,,0.00
pr,pr template email for sharing event,,0,,0.00
pr,pr template free download,,0,,0.00
pr,pr template of technical products,,0,,0.00
pr,pr test for australia,,0,,0.00
pr,pr test performance,,0,,0.00
pr,pr texas,,0,,0.00
pr,pr text beispiel,,0,,0.00
pr,pr texte erstellen,,0,,0.00
pr,pr thac loan,,0,,0.00
pr,pr theo huong digital,,0,,0.00
pr,pr thi khối nào,,0,,0.00
pr,pr thi văn fx7s,,0,,0.00
pr,pr thiết kê name card ở đâu,,0,,0.00
pr,pr thuong hieu ban than,,0,,0.00
pr,pr thuong hieu cá nhân,,0,,0.00
pr,pr thuô c nho mă t,,0,,0.00
pr,pr thây gia o,,0,,0.00
pr,pr thương hiệu cá nhân,,0,,0.00
pr,pr thường trú dân trong tiếng anh là gì,,0,,0.00
pr,pr thường trú nhân là gì,,0,,0.00
pr,pr thường trú úc,,0,,0.00
pr,pr thấp,,0,,0.00
pr,pr thất bại của bphone,,0,,0.00
pr,pr thất bại của doanh nghiệp việt nam,,0,,0.00
pr,pr thẩm mỹ,,0,,0.00
pr,pr thẻ xanh,,0,,0.00
pr,pr thời hiện đại,,0,,0.00
pr,pr thời kì phong kiến trung quốc,,0,,0.00
pr,pr thực phẩm,,0,,0.00
pr,pr tiki trên báo,,0,,0.00
pr,pr time force in memory thuy trang,,0,,0.00
pr,pr times ir,,0,,0.00
pr,pr times oress,,0,,0.00
pr,pr times press,,0,,0.00
pr,pr times pれっs,,0,,0.00
pr,pr times value press 比較,,0,,0.00
pr,pr times アカウント登録,,0,,0.00
pr,pr times エンジニア,,0,,0.00
pr,pr times カレッジ,,0,,0.00
pr,pr times トラベル,,0,,0.00
pr,pr times 不 適切,,0,,0.00
pr,pr times 採用,,0,,0.00
pr,pr times 配信 停止,,0,,0.00
pr,pr tip on asking editor schedule,,0,,0.00
pr,pr tip to get media coverage,,0,,0.00
pr,pr tips,,0,,0.00
pr,pr tips 2018,,0,,0.00
pr,pr tips 2019,,0,,0.00
pr,pr tips for events,,0,,0.00
pr,pr tips for nonprofits,,0,,0.00
pr,pr tips for small business,,0,,0.00
pr,pr tips for social media,,0,,0.00
pr,pr tips for startups,,0,,0.00
pr,pr tips instagram,,0,,0.00
pr,pr title template,,0,,0.00
pr,pr tiếp khách,,0,,0.00
pr,pr tiệc a là gì,,0,,0.00
pr,pr tiệc công ty cuối năm,,0,,0.00
pr,pr to chức sự kiện,,0,,0.00
pr,pr to citizen canada,,0,,0.00
pr,pr to mo,,0,,0.00
pr,pr toiminta,,0,,0.00
pr,pr toimisto,,0,,0.00
pr,pr tolo aïssata lmc,,0,,0.00
pr,pr tool for marketing,,0,,0.00
pr,pr tools and tactics,,0,,0.00
pr,pr tools tactics,,0,,0.00
pr,pr top agency,,0,,0.00
pr,pr top agency automobile,,0,,0.00
pr,pr top agency automobile in france,,0,,0.00
pr,pr toronto stops,,0,,0.00
pr,pr tracking tools,,0,,0.00
pr,pr trade publications,,0,,0.00
pr,pr training courses,,0,,0.71
pr,pr training map,,0,,0.00
pr,pr trang sức,,0,,0.00
pr,pr trang web,,0,,0.00
pr,pr translation services,,0,,0.00
pr,pr travel document how long does it take,,0,,0.00
pr,pr tren facebook là gì,,0,,0.00
pr,pr tren fb la gi,,0,,0.00
pr,pr tren shark tank,,0,,0.00
pr,pr trends 2020,,0,,0.00
pr,pr trigueño,,0,,0.00
pr,pr trong cakephp,,0,,0.00
pr,pr trong codeigniter,,0,,0.00
pr,pr trong các tổ chức,,0,,0.00
pr,pr trong dịch tễ học là gì,,0,,0.00
pr,pr trong facebook,,0,,0.00
pr,pr trong facebook có nghĩa là gì,,0,,0.00
pr,pr trong facebook có nghĩa là j,,0,,0.00
pr,pr trong facebook là j,,0,,0.00
pr,pr trong facebook nghĩa là gì,,0,,0.00
pr,pr trong facebook nghĩa là j,,0,,0.00
pr,pr trong fb là j,,0,,0.00
pr,pr trong fb nghĩa là gì,,0,,0.00
pr,pr trong hoạt động báo chí thực tiễn,,0,,0.00
pr,pr trong khách sạn là gì,,0,,0.00
pr,pr trong kinh doanh,,0,,0.00
pr,pr trong kinh doanh nghĩa là gì,,0,,0.00
pr,pr trong kinh tế vĩ mô,,0,,0.00
pr,pr trong kỹ thuật là gì,,0,,0.00
pr,pr trong marketing là viết tắt từ gì,,0,,0.00
pr,pr trong mua hàng la gì,,0,,0.00
pr,pr trong ngân hàng thương mại,,0,,0.00
pr,pr trong quán bar là gì,,0,,0.00
pr,pr trong sap,,0,,0.00
pr,pr trong seo là gì,,0,,0.00
pr,pr trong seo xem ở đâu,,0,,0.00
pr,pr trong spss là gì,,0,,0.00
pr,pr trong sáp là gì,,0,,0.00
pr,pr trong thong ke,,0,,0.00
pr,pr trong thống kê nghiên cứu khoa học,,0,,0.00
pr,pr trong tinh dịch đồ là gì,,0,,0.00
pr,pr trong tài chính là gì,,0,,0.00
pr,pr trong tổ chức phi chính phủ,,0,,0.00
pr,pr troubles,,0,,0.00
pr,pr trung quoc,,0,,0.00
pr,pr trung quoc sex,,0,,0.00
pr,pr trung tâm,,0,,0.00
pr,pr truyê n thông ba o chi,,0,,0.00
pr,pr truyền,,0,,0.00
pr,pr truyền hình,,0,,0.00
pr,pr truyền thông basic,,0,,0.00
pr,pr truyền thông online,,0,,0.00
pr,pr truyền thông trang thương mại điện tử,,0,,0.00
pr,pr truyền thống,,0,,0.00
pr,pr truyền thống là gì,,0,,0.00
pr,pr truyện trên wattpad,,0,,0.00
pr,pr trà nhiệt đới,,0,,0.00
pr,pr trà sữa,,0,,0.00
pr,pr trên báo nông nghiệp việt nam,,0,,0.00
pr,pr trên cafebiz,,0,,0.00
pr,pr trên cafeland,,0,,0.00
pr,pr trên ecg,,0,,0.00
pr,pr trên f có nghĩa là gì,,0,,0.00
pr,pr trên face nghĩa là gì,,0,,0.00
pr,pr trên facebook có nghĩa là gì,,0,,0.00
pr,pr trên facebook là j,,0,,0.00
pr,pr trên facebook làm gì,,0,,0.00
pr,pr trên facebook nghĩa là gì,,0,,0.00
pr,pr trên google plus,,0,,0.00
pr,pr trên kênh social,,0,,0.00
pr,pr trên messenger,,0,,0.00
pr,pr trên nhật báo thanh niên,,0,,0.00
pr,pr trên tạp chí nên để trang nào,,0,,0.00
pr,pr trên vnexpress,,0,,0.00
pr,pr trường đại học,,0,,0.00
pr,pr trời u ám bằng trời xanh,,0,,0.00
pr,pr trực tuyến là làm gì,,0,,0.00
pr,pr tutorial adobe,,0,,0.00
pr,pr tutorial effect,,0,,0.00
pr,pr tv stations,,0,,0.00
pr,pr ty,,0,,0.00
pr,pr tâm hồn việt,,0,,0.00
pr,pr tăng cơ bắp,,0,,0.00
pr,pr tư hoa t đô ng csr,,0,,0.00
pr,pr tại canada là fgi2,,0,,0.00
pr,pr tại canada là gì,,0,,0.00
pr,pr tại các nhà hàng,,0,,0.00
pr,pr tải cho mac,,0,,0.00
pr,pr từ là j trên face nghĩa,,0,,0.00
pr,pr unbranded,,0,,0.00
pr,pr und öffentlichkeitsarbeit,,0,,0.00
pr,pr underground reviews,,0,,0.00
pr,pr unit là gì,,0,,0.00
pr,pr unternehmen,,0,,0.00
pr,pr uong bia,,0,,0.00
pr,pr urdu meaning in english,,0,,0.00
pr,pr us can bring over 10 000 casd,,0,,0.00
pr,pr us can bring over 10 000 cash,,0,,0.00
pr,pr uzmanı,,0,,0.00
pr,pr v 47040 pilot operated pressure reducing valve,,0,,0.00
pr,pr v47040 pilot operated pressure reducing valve,,0,,0.00
pr,pr va add la j,,0,,0.00
pr,pr va ae,,0,,0.00
pr,pr va fs la j,,0,,0.00
pr,pr va marketing khac nhau,,0,,0.00
pr,pr va nhung lam tuong,,0,,0.00
pr,pr va pg khác nhau ở chỗ nào,,0,,0.00
pr,pr va truyền thông cho sự kiện dewali năm 2019,,0,,0.00
pr,pr va truyền thông cho sự kiện diwali năm 2019,,0,,0.00
pr,pr vac zoetis,,0,,0.00
pr,pr vaiet tat la gì,,0,,0.00
pr,pr value formula,,0,,0.00
pr,pr value of tvc,,0,,0.00
pr,pr vay vốn,,0,,0.00
pr,pr ve sa n phâ m du li ch,,0,,0.00
pr,pr ve sinh trac van tay,,0,,0.00
pr,pr ve tam dao vinh phuc,,0,,0.00
pr,pr venom,,0,,0.00
pr,pr verhuur,,0,,0.00
pr,pr video after,,0,,0.00
pr,pr video after effect,,0,,0.00
pr,pr video green,,0,,0.00
pr,pr video green fix,,0,,0.00
pr,pr video stoke-on-trent,,0,,0.00
pr,pr video toy children,,0,,0.00
pr,pr video toy children nhiem vu xe cau,,0,,0.00
pr,pr videó,,0,,0.00
pr,pr vidon,,0,,0.00
pr,pr vidon tuyen dung,,0,,0.00
pr,pr viestintä,,0,,0.00
pr,pr viet tat cua chu gi,,0,,0.00
pr,pr viet tat cua tu gi trong tieng anh,,0,,0.00
pr,pr vietjet,,0,,0.00
pr,pr vietnam staff,,0,,0.00
pr,pr vietnam thuê domain,,0,,0.00
pr,pr vietnam.net,,0,,0.00
pr,pr vietnam.vn,,0,,0.00
pr,pr vietnamnet,,0,,0.00
pr,pr vifon,,0,,0.00
pr,pr viking font free,,0,,0.00
pr,pr village sun group,,0,,0.00
pr,pr vina project-hanoi,,0,,0.00
pr,pr vingroup,,0,,0.00
pr,pr viral infection,,0,,0.00
pr,pr virksomhed,,0,,0.00
pr,pr visa in australia to become citizen,,0,,0.00
pr,pr visa132b australia,,0,,0.00
pr,pr viết nguyên,,0,,0.00
pr,pr viết tatt81,,0,,0.00
pr,pr viết tắt cảu từ nào,,0,,0.00
pr,pr viết tắt của chữ gì trong messenger,,0,,0.00
pr,pr viết tắt tiếng anh,,0,,0.00
pr,pr viết tắt từ gì,,0,,0.00
pr,pr việt nam tuyen dung,,0,,0.00
pr,pr việt treo banner,,0,,0.00
pr,pr vn express,,0,,0.00
pr,pr voor it bedrijven,,0,,0.00
pr,pr vs business,,0,,0.00
pr,pr vs digital marketing,,0,,0.00
pr,pr vs media relations,,0,,0.00
pr,pr và add là gì,,0,,0.00
pr,pr và ae,,0,,0.00
pr,pr và ae khác gì,,0,,0.00
pr,pr và copywriter có khác nhau,,0,,0.00
pr,pr và hình ảnh việt nam,,0,,0.00
pr,pr và khoa học yakult,,0,,0.00
pr,pr và kỹ thuật trong nghiên cứu xã hội,,0,,0.00
pr,pr và marketing nên độc lập,,0,,0.00
pr,pr và marketing stind,,0,,0.00
pr,pr và marketing stunt,,0,,0.00
pr,pr và nho giáo,,0,,0.00
pr,pr và pg là gì,,0,,0.00
pr,pr và po,,0,,0.00
pr,pr và po khác nhau,,0,,0.00
pr,pr và promotion là vc gì,,0,,0.00
pr,pr và quảng cáo khác gì nhau,,0,,0.00
pr,pr và quảng cáo personal,,0,,0.00
pr,pr và quảng cáo sư kiê n,,0,,0.00
pr,pr và quảng cáo trong sự kiện,,0,,0.00
pr,pr và quốc tịch,,0,,0.00
pr,pr và tổ chức sự kiện là gì,,0,,0.00
pr,pr và đạo nho,,0,,0.00
pr,pr ví cầm tay,,0,,0.00
pr,pr ví dụ,,0,,0.00
pr,pr vơi lobby,,0,,0.00
pr,pr vơi lobby prezi,,0,,0.00
pr,pr về 1 doanh nghiệp,,0,,0.00
pr,pr về kính,,0,,0.00
pr,pr về một chuyến du lịch công ty,,0,,0.00
pr,pr về nhân vật bất động sản,,0,,0.00
pr,pr về quán,,0,,0.00
pr,pr về rau sạch,,0,,0.00
pr,pr về trường đại học,,0,,0.00
pr,pr về đà nẵng,,0,,0.00
pr,pr về đám cưới trọn gói,,0,,0.00
pr,pr về đạo nho,,0,,0.00
pr,pr với cộng đồng,,0,,0.00
pr,pr với tiếp thị,,0,,0.00
pr,pr washington dc,,0,,0.00
pr,pr web logo,,0,,0.00
pr,pr website design,,0,,0.00
pr,pr wedding,,0,,0.00
pr,pr week awards,,0,,0.00
pr,pr week best places to work,,0,,0.00
pr,pr week top 150,,0,,0.00
pr,pr week twitter,,0,,0.00
pr,pr wiki deutsch,,0,,0.00
pr,pr wikihow,,0,,0.00
pr,pr wikipedia deutsch,,0,,0.00
pr,pr wikipedia english,,0,,0.00
pr,pr wikipedia partido,,0,,0.00
pr,pr wikipedia pl,,0,,0.00
pr,pr wil mar,,0,,0.00
pr,pr wip,,0,,0.00
pr,pr wires pc strand pc bar,,0,,0.00
pr,pr wires pc strand pr bar,,0,,0.00
pr,pr wolf,,0,,0.00
pr,pr wollongong,,0,,0.00
pr,pr word song,,0,,0.00
pr,pr words list,,0,,0.00
pr,pr work experience,,0,,0.00
pr,pr working level,,0,,0.00
pr,pr workshop,,0,,0.00
pr,pr world,,0,,0.00
pr,pr writing adalah,,0,,0.00
pr,pr writing aid,,0,,0.00
pr,pr writing course,,0,,0.00
pr,pr writing jobs,,0,,1.00
pr,pr writing samples,,0,,0.00
pr,pr writing skills,,0,,0.00
pr,pr writing test,,0,,0.00
pr,pr writing test sample,,0,,0.00
pr,pr writing tips,,0,,0.00
pr,pr ww2,,0,,0.33
pr,pr ww2 download,,0,,0.00
pr,pr xanh,,0,,0.00
pr,pr xe hơi,,0,,0.00
pr,pr xe tải,,0,,0.00
pr,pr xnxx,,0,,0.33
pr,pr xth,,0,,0.00
pr,pr xuất hiện ở trung quốc,,0,,0.00
pr,pr xx,,0,,0.00
pr,pr xây dựbg mối quan hệ với cộng đồng,,0,,0.00
pr,pr xây dựng mối quan hệ với nhan viên,,0,,0.00
pr,pr xây dựng mối quan hệ với nhân viên,,0,,0.00
pr,pr yg grade beef,,0,,0.00
pr,pr yorkshire,,0,,0.00
pr,pr you,,0,,0.00
pr,pr youtube gfxviet,,0,,0.00
pr,pr ypadek slownik,,0,,0.00
pr,pr yves roquelaure,,0,,0.00
pr,pr zaru shounen tournament vnsharing,,0,,0.00
pr,pr zeitung,,0,,0.00
pr,pr zeros 1 8,,0,,0.00
pr,pr zeros 1 8 in image processing,,0,,0.00
pr,pr znacenje,,0,,0.00
pr,pr óc chó harley,,0,,0.00
pr,pr ô tê in,,0,,0.00
pr,pr úc có vĩnh viễn không,,0,,0.00
pr,pr ăn theo trend,,0,,0.00
pr,pr ăn theo trend xu hươ ng,,0,,0.00
pr,pr články,,0,,0.00
pr,pr đat nham muc dich nang gia đất,,0,,0.00
pr,pr đe p mă t,,0,,0.00
pr,pr điện thoại,,0,,0.00
pr,pr đơn vị tren tờ khai,,0,,0.00
pr,pr đơn vị tính là gì,,0,,0.00
pr,pr đến dân văn phòng,,0,,0.00
pr,pr đề nghị,,0,,0.00
pr,pr đọc như thế nào,,0,,0.00
pr,pr đối nội là gì,,0,,0.00
pr,pr đồ gọa,,0,,0.00
pr,pr đồ họa,,0,,0.00
pr,pr đột phá,,0,,0.00
pr,pr мероприятия,,0,,0.00
pr,pr معنى,,0,,0.00
pr,pr ấn độ,,0,,0.00
pr,pr ống hút giấy,,0,,0.00
pr,pr ở canada,,0,,0.00
pr,pr ở fb là gì,,0,,0.00
pr,pr ở mỹ,,0,,0.00
pr,pr ở trên facebook là gì,,0,,0.00
pr,pr ở việt nam hiện nay,,0,,0.00
pr,pr ở úc,,0,,0.00
pr,pr する 英語,,0,,0.00
pr,pr アピール,,0,,0.00
pr,pr タイムス 料金,,0,,0.00
pr,pr タイムス 株価,,0,,0.00
pr,pr バナー,,0,,0.00
pr,pr バリュー,,0,,0.00
pr,pr プロモーション,,0,,0.14
pr,pr ログイン,,0,,0.00
pr,pr 人工,,0,,0.00
pr,pr 仕事 内容,,0,,0.00
pr,pr 代理 店,,0,,0.00
pr,pr 会社,,0,,0.00
pr,pr 会社 一覧,,0,,0.33
pr,pr 会社 外資,,0,,0.00
pr,pr 会社名,,0,,0.00
pr,pr 作成代行,,0,,0.00
pr,pr 修正 旋转,,0,,0.00
pr,pr 修正旋转晃动,,0,,0.00
pr,pr 剪輯 下載,,0,,0.00
pr,pr 動画,,0,,0.29
pr,pr 動画 構成,,0,,0.00
pr,pr 医療 略語,,0,,0.00
pr,pr 变形稳定器,,0,,0.00
pr,pr 字幕和畫面並存,,0,,0.00
pr,pr 対 水,,0,,0.00
pr,pr 帧 定格,,0,,0.00
pr,pr 広告 違い,,0,,0.00
pr,pr 広報,,0,,0.02
pr,pr 広報 違い,,0,,0.00
pr,pr 影片 放大,,0,,0.00
pr,pr 影片定格,,0,,0.00
pr,pr 影片放大,,0,,0.00
pr,pr 意味 医療,,0,,0.00
pr,pr 意味 数学,,0,,0.00
pr,pr 意味 筋トレ,,0,,0.00
pr,pr 戦略 とは,,0,,0.00
pr,pr 擷取畫面部分,,0,,0.00
pr,pr 教程 tim pan,,0,,0.00
pr,pr 教程 全 57 集,,0,,0.00
pr,pr 教程 推荐,,0,,0.00
pr,pr 文字 特效,,0,,0.00
pr,pr 方法,,0,,0.00
pr,pr 活動,,0,,0.00
pr,pr 活動 例,,0,,0.00
pr,pr 渲染,,0,,0.00
pr,pr 特定畫面部分,,0,,0.00
pr,pr 特效介面,,0,,0.00
pr,pr 略,,0,,0.00
pr,pr 略語,,0,,0.00
pr,pr 略語 医療,,0,,0.00
pr,pr 発表 会,,0,,0.00
pr,pr 短縮 わかり やすく,,0,,0.00
pr,pr 社 私人 玩物,,0,,0.00
pr,pr 社 麻酥酥 哟,,0,,0.00
pr,pr 聲音 淡出,,0,,0.00
pr,pr 背景 音乐,,0,,0.00
pr,pr 英語,,0,,0.00
pr,pr 記事,,0,,0.00
pr,pr 記事 定義,,0,,0.00
pr,pr 轉廣播,,0,,0.00
pr,pr 音频减弱,,0,,0.00
pr,pr 音频淡出,,0,,0.00
pr,pr 類語,,0,,0.00
pr,pr 공공,,0,,0.00
pr,pr 공공 관계,,0,,0.00
pr,pr 공공ㄱ,,0,,0.00
pr,pr 목적,,0,,0.00
pr,pr 방법,,0,,0.00
pr,pr 사례,,0,,0.00
pr,pr 예시,,0,,0.00
pr,pr 의 수단,,0,,0.00
pr,pr 의 종류,,0,,0.00
pr,pr 의 특징,,0,,0.00
pr,pr 의학용어,,0,,0.00
pr,pr 이란,,0,,0.00
pr,pr 종류,,0,,0.00
pr,pr 커뮤니케이션,,0,,0.00
pr,pr 회사,,0,,0.00
pr,pr&content,,0,,0.00
pr,pr&ei jm8zwzlnnqwm8qfqx6_ycg,,0,,0.00
pr,pr&marketing leader,,0,,0.00
pr,pr's apple valley,,0,,0.00
pr,pr's freshman,,0,,0.00
pr,pr-1 bootstrap w3school,,0,,0.00
pr,pr-101 hoch.diplo.de,,0,,0.00
pr,pr-1148 entry into a confined space procedure,,0,,0.00
pr,pr-1172 permit to work system,,0,,0.00
pr,pr-15x35-beauty-pin05,,0,,0.00
pr,pr-190 grup resmi manav reyonu,,0,,0.00
pr,pr-1905-0077,,0,,0.00
pr,pr-25b-1,,0,,0.00
pr,pr-25s2-1,,0,,0.00
pr,pr-271,,0,,0.00
pr,pr-271 inter m,,0,,0.00
pr,pr-300 intercomp,,0,,0.00
pr,pr-508h,,0,,0.00
pr,pr-5179,,0,,0.00
pr,pr-69 indian manual,,0,,0.00
pr,pr-69 indicator,,0,,0.00
pr,pr-69 indicator manual,,0,,0.00
pr,pr-69 serial,,0,,0.00
pr,pr-69 serial temperature,,0,,0.00
pr,pr-69 temperature control,,0,,0.00
pr,pr-6ac-r,,0,,0.00
pr,pr-700 marcus molecular weight,,0,,0.00
pr,pr-7585,,0,,0.00
pr,pr-8230-015,,0,,0.00
pr,pr-8dp va 3 con e3s-cl2,,0,,0.00
pr,pr-9712-2,,0,,0.00
pr,pr-a7170,,0,,0.00
pr,pr-agentur social media seo,,0,,0.00
pr,pr-b-1 arknights guide,,0,,0.00
pr,pr-c101 インクリボン,,0,,0.00
pr,pr-camera.com,,0,,0.00
pr,pr-ctu-001 obtaining informed consent v4 21jul13,,0,,0.00
pr,pr-cv 419,,0,,0.00
pr,pr-dhp1,,0,,0.00
pr,pr-dhs2,,0,,0.00
pr,pr-dhs4b,,0,,0.00
pr,pr-dhs6,,0,,0.00
pr,pr-dtc-4000,,0,,0.00
pr,pr-dtc-4000c,,0,,0.00
pr,pr-eb128,,0,,0.00
pr,pr-ep la gi,,0,,0.00
pr,pr-etj,,0,,0.00
pr,pr-g41cbl_g42cbl_g61cbd,,0,,0.00
pr,pr-hecs1,,0,,0.00
pr,pr-hecs1 sharp,,0,,0.00
pr,pr-lps,,0,,0.00
pr,pr-m1nc,,0,,0.00
pr,pr-nicd,,0,,0.00
pr,pr-nice thành viên,,0,,0.00
pr,pr-nylon-1,,0,,0.00
pr,pr-nylon-6,,0,,0.00
pr,pr-o-v6.1.0-20180819 t6,,0,,0.00
pr,pr-p1004,,0,,0.00
pr,pr-po application introduction,,0,,0.00
pr,pr-pot,,0,,0.00
pr,pr-pr.vn,,0,,0.00
pr,pr-r300n,,0,,0.00
pr,pr-rm remote control applicable for access control,,0,,0.00
pr,pr-rm remote control applicable for access control giá,,0,,0.00
pr,pr-stops,,0,,0.00
pr,pr-swirlies-01-frames font,,0,,0.00
pr,pr-swirlies-01-frames font dowload free,,0,,0.00
pr,pr-swirlies-01-frames font download free,,0,,0.00
pr,pr-targeted,,0,,0.00
pr,pr-u12s350va,,0,,0.00
pr,pr-ws3,,0,,0.00
pr,pr.12 46 47 52,,0,,0.00
pr,pr.24 anti-trench device,,0,,0.00
pr,pr.bim viet nam,,0,,0.00
pr,pr.bimvietnam.compr,,0,,0.00
pr,pr.business findlay galleries,,0,,0.00
pr,pr.business mandel jcc palm beach gardens,,0,,0.00
pr,pr.business planet protein inc,,0,,0.00
pr,pr.business simply180,,0,,0.00
pr,pr.cookie,,0,,0.00
pr,pr.izweb,,0,,0.00
pr,pr.n trong y hoc la viet tat tu gi,,0,,0.00
pr,pr.ncsw.local 4.html,,0,,0.00
pr,pr.pa 01,,0,,0.00
pr,pr.qq,,0,,0.00
pr,pr.spicemaster,,0,,0.00
pr,pr.teechip,,0,,0.00
pr,pr.thienchi blogspot.com,,0,,0.00
pr,pr.vv.com,,0,,0.00
pr,pr1.3 40.2012.21-3.454.6_pr_454,,0,,0.00
pr,pr_019_119,,0,,0.00
pr,pr___02709,,0,,0.00
pr,pr_connect_reset_error how to fix,,0,,0.00
pr,pr_end_of_file_error how to fix,,0,,0.14
pr,pr_magnificat ragnarok,,0,,0.00
pr,pr_mm4jk3nd,,0,,0.00
pr,pr_phet,,0,,0.00
pr,pr_phet roblox,,0,,0.00
pr,pr_set_pdeathsig example,,0,,0.00
pr,pr_shukka750_01_put ora-40573 invalid use of pl sql json object type,,0,,0.00
pr,praca pr warszawa,,0,,0.00
pr,practice pr,,0,,0.00
pr,prada black butterfly sunglasses prada pr-16rs-1ab0a7-56,,0,,0.00
pr,prada conceptual pr 62uv c53,,0,,0.00
pr,prada grey round ladies sunglasses pr 17ssf vh43c2,,0,,0.00
pr,prada pr 04 ts vap0a7,,0,,0.00
pr,prada pr 04ts vap07a,,0,,0.00
pr,prada pr 04ts vap0a7,,0,,0.00
pr,prada pr 05ts,,0,,0.00
pr,prada pr 15pv havana,,0,,0.00
pr,prada pr 15pv swing,,0,,0.00
pr,prada pr 16ts,,0,,0.71
pr,prada pr 16usf,,0,,0.00
pr,prada pr 52ts 5ak4l0,,0,,0.00
pr,prada pr 52us,,0,,0.00
pr,prada pr 62uv,,0,,0.00
pr,prada pr 62uv conceptual,,0,,0.00
pr,prada pr 62uv eyeglasses,,0,,0.00
pr,prada pr 62uv jomashop,,0,,0.00
pr,prada pr 62uv ydd1o1,,0,,0.00
pr,prada pr 62uv yee 101,,0,,0.00
pr,prada pr 62uv yee1o1,,0,,0.00
pr,prada pr 62uv yep1o1,,0,,0.00
pr,prada pr 62uv-yep1o1 beige pink gold,,0,,0.00
pr,prada pr ps56ts zvn4l0 55,,0,,0.00
pr,prada women's pr 52us,,0,,0.00
pr,prada women's pr 52us 37mm sunglasses,,0,,0.00
pr,pradera del rio 3040 pr,,0,,0.00
pr,prado powerchips cascavel pr,,0,,0.00
pr,prana pr,,0,,0.00
pr,pre a1 starters three pr,,0,,0.00
pr,pre pro pr-sc5508,,0,,0.00
pr,preest ánh sáng pr,,0,,0.00
pr,preexisting pr,,0,,0.00
pr,prefeitura de pato branco pr,,0,,0.00
pr,preferably singaporean pr linkedin,,0,,0.00
pr,pregnancy care for australian pr,,0,,0.00
pr,premiere pr pc vs final cut,,0,,0.00
pr,preset chung dha for pr 2019,,0,,0.00
pr,preset khử rung trên pr download,,0,,0.00
pr,preset transtitional pr,,0,,0.00
pr,press & pr consultant,,0,,0.00
pr,press conference and new conference in pr,,0,,0.00
pr,press conference anh new conference in pr,,0,,0.00
pr,pressearbeit pr düsseldorf,,0,,0.00
pr,pressearbeit pr köln,,0,,0.00
pr,prevalence ratio pr là gì,,0,,0.00
pr,prevalence ratio pr làgi2,,0,,0.00
pr,prevfogo pr,,0,,0.00
pr,preview in pr not play,,0,,0.00
pr,previous partner granted pr on family violence grounds,,0,,0.00
pr,previsao tempo ponta grossa pr,,0,,0.00
pr,previsão do tempo guarapuava pr,,0,,0.00
pr,previsão do tempo para santo antonio do sudoeste pr,,0,,0.00
pr,previsão do tempo ponta grossa pr,,0,,0.00
pr,prezi chiến lược pr,,0,,0.00
pr,price from pr does not get to po,,0,,0.00
pr,pricest pr,,0,,0.00
pr,prieum statsh tash pr,,0,,0.00
pr,primeira habilitação detran pr,,0,,0.00
pr,primer pr 500-1 and primer s 500-2,,0,,0.00
pr,primer pr 500-2 rema tiptop,,0,,0.00
pr,print pr application canadavisa,,0,,0.00
pr,pripara card pr shion,,0,,0.00
pr,pris gjerde pr meter,,0,,0.00
pr,pris pr kg,,0,,0.00
pr,pris pr kw,,0,,0.00
pr,pris pr m2,,0,,0.00
pr,pris pr m2 murværk,,0,,0.00
pr,pris pr m2 terrasse,,0,,0.00
pr,pris pr ord,,0,,0.00
pr,pris pr stk,,0,,0.00
pr,pris på gull pr gram,,0,,0.00
pr,pris varmefolie pr m2,,0,,0.00
pr,pritech pr-1510,,0,,0.00
pr,pro-led-pr-25,,0,,0.00
pr,pro-pr.org,,0,,0.00
pr,procedure to get pr in canada,,0,,0.00
pr,procent af indvandrere pr by,,0,,0.00
pr,process recess pr production,,0,,0.00
pr,process to get canada pr,,0,,0.00
pr,process with pr,,0,,0.00
pr,processing time pr australia,,0,,0.00
pr,proda pr 68,,0,,0.00
pr,product key hutman pr,,0,,0.00
pr,product launch pr,,0,,0.00
pr,product pr email,,0,,0.00
pr,product pr image,,0,,0.00
pr,production creative online pr digital media social media,,0,,0.00
pr,produkct pr,,0,,0.00
pr,produkt pr,,0,,0.00
pr,profess pr 6423,,0,,0.00
pr,profess pr 6424,,0,,0.00
pr,profess pr 9268 017,,0,,0.00
pr,professional services pr,,0,,0.00
pr,professor pr,,0,,0.00
pr,profile experience high-tech industry pr,,0,,0.00
pr,profile experience mobile industry pr,,0,,0.00
pr,profile for pr manager,,0,,0.00
pr,profile in tro dam cuoi dep cho pr,,0,,0.00
pr,program eligible for applying pr in bc,,0,,0.00
pr,prohibition pr,,0,,0.00
pr,project based pr agency,,0,,0.00
pr,project management important element pr,,0,,0.00
pr,project song nhac pr,,0,,0.00
pr,project trong pr chưa lưu,,0,,0.00
pr,projudi pr,,0,,0.00
pr,prolax pr-138,,0,,0.00
pr,prometa pr,,0,,0.00
pr,pronounce br pr,,0,,0.00
pr,property pr,,0,,0.00
pr,property pr agencies london,,0,,0.00
pr,property pr agency,,0,,0.00
pr,property pr agency sydney,,0,,0.00
pr,property pr london,,0,,0.00
pr,property pr specialists,,0,,0.00
pr,proportional representation pr,,0,,0.00
pr,proportional representation-pr in azerbaijan,,0,,0.00
pr,proposal pr campaign,,0,,0.00
pr,proptech pr agency,,0,,0.00
pr,prosee profession natural shine pr,,0,,0.00
pr,proseht af indvandere pr by,,0,,0.00
pr,protech pr-600,,0,,0.00
pr,proteus 8 pr,,0,,0.00
pr,proud pr,,0,,0.00
pr,prouver quon a de largent pr rentrer en nouvelle zelande,,0,,0.00
pr,proxia pr-407,,0,,0.00
pr,proxia pr-415,,0,,0.00
pr,proxia thailand chậu rửa pr 8245 kích thước,,0,,0.00
pr,proxia thailand vòi rửa chén pr 802,,0,,0.00
pr,prsa pr definition,,0,,0.00
pr,prudential pr,,0,,0.00
pr,prudential pr như thế nào,,0,,0.00
pr,prvé pr là gì,,0,,0.00
pr,ps 4 pr cux,,0,,0.00
pr,ps và pr là gì,,0,,0.00
pr,psd bìa tự pr bản thân,,0,,0.00
pr,pt100 atex 4-20ma 0-200 pr,,0,,0.00
pr,pt100 atex 4-20ma 0-200 pr f8-150mm spids 4-12mm,,0,,0.00
pr,pte band for australia pr,,0,,0.00
pr,pte for australia pr,,0,,0.00
pr,pte for canada pr,,0,,0.00
pr,pte score for pr australia,,0,,0.00
pr,public affairs nghĩa là gì trong pr,,0,,0.00
pr,public relationship pr,,0,,0.00
pr,publicist pr,,0,,0.00
pr,publicize pr,,0,,0.00
pr,publisher ft pr,,0,,0.00
pr,puc pr especialização,,0,,0.00
pr,punch pr,,0,,0.00
pr,punk pr,,0,,0.00
pr,punkt pr,,0,,0.00
pr,purchasing department pr,,0,,0.00
pr,pure rain pr-9000 chlorine,,0,,0.00
pr,purple pr agency,,0,,0.00
pr,purpose of pr sony,,0,,0.00
pr,push pr,,0,,0.00
pr,puzzle pr campaign,,0,,0.00
pr,pvc paste grade pr-f hóa chất,,0,,0.00
pr,pvc pr pvdc,,0,,0.00
pr,pyar word pr shyari hindi main,,0,,0.00
pr,python pr for beginners,,0,,0.00
pr,q10 pr 2.03,,0,,0.00
pr,qairport hanoi arrival philippine airlines pr 595,,0,,0.00
pr,qm8q pr hotel,,0,,0.00
pr,qp62 pr phường 8 quận 4 hồ chí minh,,0,,0.00
pr,qualification in cv pr,,0,,0.00
pr,qualifications australian or recognised overseas pr,,0,,0.00
pr,quality experts pr,,0,,0.00
pr,quan hệ báo chí trong pr,,0,,0.00
pr,quan hệ công chúng pr của colgate,,0,,0.00
pr,quan hệ công chúng pr học trường nào,,0,,0.00
pr,quan hệ công chúng pr trong nền hành chính,,0,,0.00
pr,quan hệ cộng đồng trong pr,,0,,0.00
pr,quan hệ khách hàng trong pr,,0,,0.00
pr,quan hệ quốc tế chuyên ngành pr,,0,,0.00
pr,quan hệ với khách hàng pr,,0,,0.00
pr,quan hệ với khách hàng trong pr,,0,,0.00
pr,quan thuât pr,,0,,0.00
pr,quantum break hardline or pr,,0,,0.00
pr,quay len em pr bia sai gon,,0,,0.00
pr,quay lại trong tiếng anh pr,,0,,0.00
pr,quaảng cáo pr,,0,,0.00
pr,quaảng cáo pr cafef,,0,,0.00
pr,quaảng cáo pr trên zing,,0,,0.00
pr,quebec immigration who can apply for pr,,0,,0.00
pr,quebec pr b2 french,,0,,0.00
pr,quebec pr b2 french laval cour,,0,,0.00
pr,quebec pr b2 frnech,,0,,0.00
pr,quebec pr graduate b2 french laval cour,,0,,0.00
pr,quebec pr rules for international students 2018,,0,,0.00
pr,quelle durée pr l excursion sur mae kok,,0,,0.00
pr,question for pr jobs,,0,,0.00
pr,quet ma pr sacombank msign,,0,,0.00
pr,quet ma pr tren download.com.vn,,0,,0.00
pr,quinn garvey pr,,0,,0.00
pr,quotes hay cho nghề pr,,0,,0.00
pr,quy cách đi bài pr trên báo,,0,,0.00
pr,quy tac pr,,0,,0.00
pr,quy tac pr david meerman,,0,,0.00
pr,quy tac viet bai pr,,0,,0.00
pr,quy trinh to chuc su kien môn pr,,0,,0.00
pr,quy trinh xin pr canada,,0,,0.00
pr,quy trình hoạch định pr,,0,,0.00
pr,quy trình pr cho sản phẩm mới,,0,,0.00
pr,quy trình race thực hiện pr gồm 4 bước,,0,,0.00
pr,quy trình tổ chức họp báo trong pr,,0,,0.00
pr,quyen loi pr,,0,,0.00
pr,quyeêền lợi của pr úc,,0,,0.00
pr,quyền lợi pr canada,,0,,0.00
pr,quà tặng shop quần áo nên tặng pr,,0,,0.00
pr,quá trình pr một sản phẩm,,0,,0.00
pr,quán karaoke tuyen pr quận 1,,0,,0.00
pr,quét mã pr trên iphone,,0,,0.00
pr,quét pr code ntn,,0,,0.00
pr,quét pr code tải ứng dụng,,0,,0.00
pr,quản lý hoạt động pr,,0,,0.00
pr,quản lý hoạt động pr chính phủ,,0,,0.00
pr,quản lý pr,,0,,0.00
pr,quản lý truyền thông pr,,0,,0.00
pr,quản lý vấn đề trong pr,,0,,0.00
pr,quảng bá và pr,,0,,0.00
pr,quảng cáo là pr,,0,,0.00
pr,quảng cáo pr bánh bông lan hài hước,,0,,0.00
pr,quảng cáo pr mô tả môn học,,0,,0.00
pr,quảng cáo pr trên zing,,0,,0.00
pr,quảng cáo và pr mô tả môn học,,0,,0.00
pr,r r pr r r t,,0,,0.00
pr,r trong cong thuc pr,,0,,0.00
pr,rachel campbell wired pr,,0,,0.00
pr,radiadores pr,,0,,0.00
pr,radio pr,,0,,0.00
pr,radio pr agency,,0,,0.00
pr,radio pr companies,,0,,0.00
pr,radio pr strategy,,0,,0.00
pr,radioactive pr,,0,,0.00
pr,raftehegn pris pr meter,,0,,0.00
pr,raleigh pr firms,,0,,0.00
pr,random pr,,0,,0.00
pr,ranking points for new zealand pr,,0,,0.00
pr,rastreamento cnh pr,,0,,0.00
pr,ravpower pr-pc088,,0,,0.00
pr,ravpower pr-pc090,,0,,0.00
pr,ray george hyperledger pr,,0,,0.00
pr,re apply canadian pr form,,0,,0.00
pr,real estate pr,,0,,0.00
pr,realestate development pr campaign,,0,,0.00
pr,realestate planning pr campaign,,0,,0.00
pr,recommendation letter for pr application,,0,,0.33
pr,record label pr,,0,,0.00
pr,recovery redmi 6 pr,,0,,0.00
pr,recruit pr marketing staff,,0,,0.00
pr,recruitment pr ha noi,,0,,0.00
pr,red bull pr agency,,0,,0.00
pr,red lion pr,,0,,0.00
pr,red lorry yellow lorry pr,,0,,0.00
pr,red pr agency,,0,,0.00
pr,redder chuyện cũ bỏ qua pr awards,,0,,0.00
pr,redder social pr,,0,,0.00
pr,reddit ea pr banned,,0,,0.00
pr,reddit ea pr banned for,,0,,0.00
pr,redme note 3 pr,,0,,0.00
pr,redmi 5 plus pr,,0,,0.00
pr,redmi note 7 6gb pr,,0,,0.00
pr,regional pr agency,,0,,0.00
pr,rei kizaki pr photokatsu,,0,,0.00
pr,reikan focal pr,,0,,0.00
pr,reker pr person,,0,,0.00
pr,related pr,,0,,0.00
pr,relay điện tử pr 44461 24vdc 6a 250v,,0,,0.00
pr,release procedure for pr in sap mm,,0,,0.00
pr,remove sound in pr,,0,,0.00
pr,renaissance pr,,0,,0.00
pr,render gpu pr cc,,0,,0.00
pr,render in pr,,0,,0.00
pr,render pr error,,0,,0.00
pr,render pr gpu full,,0,,0.00
pr,render video pr,,0,,0.00
pr,renew canadian pr form,,0,,0.00
pr,renew pr card singapore,,0,,0.00
pr,renew pr mo gov,,0,,0.00
pr,renew your pr card,,0,,0.00
pr,renewable energy pr,,0,,0.00
pr,renewable energy pr australia,,0,,0.00
pr,renewable pr,,0,,0.00
pr,rengøring pris pr m2,,0,,0.00
pr,renhold pris pr time,,0,,0.00
pr,renovação da cnh pr,,0,,0.00
pr,renovering pris pr m2,,0,,0.00
pr,reopen pr,,0,,0.00
pr,repeat 1 đoạn video trong pr,,0,,0.00
pr,repeating pr,,0,,0.00
pr,repetitouch pr,,0,,0.00
pr,reply for pr in singapore,,0,,0.00
pr,report pr t or adj p value,,0,,0.00
pr,republic pr,,0,,0.00
pr,reputation management pr experts,,0,,0.00
pr,reputation pr,,0,,0.00
pr,request pr from folk to master,,0,,0.00
pr,requirement to apply pr in singapore,,0,,0.00
pr,requirements to get pr in canada,,0,,0.00
pr,reset laij giao dieenj pr,,0,,0.00
pr,reset lại cửa sổ trong pr,,0,,0.00
pr,resort em foz do iguau pr,,0,,0.00
pr,resort vũng tàu cần pr,,0,,0.00
pr,resources for construction pr and marketing,,0,,0.00
pr,responsible retail pr agency,,0,,0.00
pr,responsible retail pr company,,0,,0.00
pr,restaurant pr agencies london,,0,,0.00
pr,restaurant pr agency,,0,,0.00
pr,restaurant pr agency sydney,,0,,0.00
pr,restaurant pr companies,,0,,0.00
pr,restaurant pr companies nyc,,0,,0.00
pr,restaurant pr firms,,0,,0.00
pr,restaurant pr firms chicago,,0,,0.00
pr,restaurant pr firms san francisco,,0,,0.00
pr,restaurant pr london,,0,,0.00
pr,restaurant pr los angeles,,0,,0.00
pr,restaurant pr strategy,,0,,0.00
pr,result ket pr tests oup rb,,0,,0.00
pr,resume for pr job,,0,,0.00
pr,retail digital pr,,0,,0.00
pr,retail food & drink pr,,0,,0.00
pr,retail leisure pr company,,0,,0.00
pr,retail leisure pr firm,,0,,0.00
pr,retail lesiure pr agency,,0,,0.00
pr,retail pr,,0,,0.00
pr,retail pr agency,,0,,0.00
pr,retail pr agency manchester,,0,,0.00
pr,retail pr birmingham,,0,,0.00
pr,retail pr case studies,,0,,0.00
pr,retail pr companies,,0,,0.00
pr,retail pr consultancy,,0,,0.00
pr,retail pr london,,0,,0.00
pr,retail technology pr,,0,,0.00
pr,rever.de.quitter.son.copain.pr.son.ex,,0,,0.00
pr,reverse video pr,,0,,0.00
pr,revert github pr,,0,,0.00
pr,review and revise pr plan,,0,,0.00
pr,review and revise trong pr plan,,0,,0.00
pr,review and revise trong pr plan la gi,,0,,0.00
pr,review nghệ thuật pr bản thân,,0,,0.00
pr,review of eligibility canada pr,,0,,0.00
pr,review sách 62 chiến dịch pr,,0,,0.00
pr,revisionfx de noise 3 for ae pr v3.1.6,,0,,0.00
pr,revisionfx de noise 3 for ae pr win mac v3.1.6,,0,,0.00
pr,ricms pr,,0,,0.00
pr,ricoh pr c550ex,,0,,0.00
pr,right angles pr,,0,,0.00
pr,rio branco pr,,0,,0.00
pr,river garden canovanas pr,,0,,0.00
pr,riverorchid pr,,0,,0.00
pr,rk pr,,0,,0.00
pr,rmit bachelor in aus pr,,0,,0.00
pr,ro mobile pr,,0,,0.00
pr,ro103-pr,,0,,0.00
pr,robert pattinson và kristen stewart hẹn hò đê pr phim,,0,,0.00
pr,robin gandy pr,,0,,0.00
pr,rocket pr,,0,,0.00
pr,role of pr agency,,0,,0.00
pr,role of pr in a business,,0,,0.00
pr,role of pr in marketing,,0,,0.00
pr,rom cho s3 pr,,0,,0.00
pr,rom galaxy note fan edition cho j7 pr,,0,,0.00
pr,rom nao up duoc cho mi note pr,,0,,0.00
pr,ronald jack pr 500,,0,,0.00
pr,rooms pr taxes & benefits là gì,,0,,0.00
pr,ropa deportiva pr,,0,,0.00
pr,rortoti pr,,0,,0.00
pr,rotate in pr,,0,,0.00
pr,rp and pr avnrt,,0,,0.00
pr,rpki community inconsistency per iana juniper pr,,0,,0.00
pr,rr 6 box 6400 822 toa alta pr 00953,,0,,0.00
pr,rsvp events & pr rsvp a brand experience company,,0,,0.00
pr,rsvp vietnam events & pr,,0,,0.00
pr,rsvp vietnam events pr,,0,,0.00
pr,rules for pr in canada for international students,,0,,0.00
pr,rules for pr in quebec canada,,0,,0.00
pr,runswitch pr,,0,,0.00
pr,rupor pr,,0,,0.00
pr,russia pr league,,0,,0.00
pr,rustfritt stål pris pr kg,,0,,0.00
pr,rx 570 vs pr,,0,,0.00
pr,rx-51_2009se_20.2010.36-2.004_pr_combined_004_arm.bin,,0,,0.00
pr,ryption pr,,0,,0.00
pr,rythm pr,,0,,0.00
pr,région pr,,0,,0.00
pr,région pr emea,,0,,0.00
pr,rổ inox cao cấp pr hecb1,,0,,0.00
pr,rủi ro khi pr,,0,,0.00
pr,s pr diện tích,,0,,0.00
pr,s51 pr 5 b01 pk,,0,,0.00
pr,s8-pr-3-w03-nn,,0,,0.00
pr,sa ch da y viê t pr,,0,,0.00
pr,sa ui ss ps pg mt it pr,,0,,0.00
pr,saas pr agency san francisco,,0,,0.00
pr,sabana abajo san juan pr,,0,,0.00
pr,sabc 1 2 ab.sinc abc 4r pr,,0,,0.00
pr,sabo bài pr,,0,,0.00
pr,sabo là gì trong viết bài pr,,0,,0.00
pr,sach nghe thuat pr ban than austin kleon pdf,,0,,0.00
pr,sach pr pdf,,0,,0.00
pr,sacombank pr pay,,0,,0.00
pr,sai lầm trog nghiên cứu pr của các hãng,,0,,0.00
pr,saigon pr,,0,,0.00
pr,saint philip neri i pr,,0,,0.00
pr,saints row 3 super ethical pr opportunity,,0,,0.00
pr,sales and pr manager,,0,,0.00
pr,sales and pr manager cathay pacific,,0,,0.00
pr,salesforce pr off road,,0,,0.00
pr,salud pr,,0,,0.00
pr,sample pr,,0,,0.00
pr,sampling là gì pr pb,,0,,0.00
pr,samsung a9 pr giá,,0,,0.00
pr,samsung note 7 pr study case,,0,,0.00
pr,samsung pr department vietnam,,0,,0.00
pr,samsung pr quotes,,0,,0.00
pr,san diego digital pr,,0,,0.00
pr,san diego digital pr agency,,0,,0.00
pr,san diego digital pr company,,0,,0.00
pr,san diego digital pr services,,0,,0.00
pr,san diego social media pr,,0,,0.00
pr,san diego's third largest pr firm,,0,,0.00
pr,san francisco pr,,0,,0.00
pr,san jose pr company,,0,,0.00
pr,san juan pr 00907-2087,,0,,0.00
pr,sao paulo sp u20 vs coritiba pr,,0,,0.00
pr,sao pr kem trộn,,0,,0.00
pr,sap pr header release with item characteristic,,0,,0.00
pr,sap pr release strategy doesnt appear,,0,,0.00
pr,sap pr report tcode,,0,,0.00
pr,sap pr stock budget,,0,,0.00
pr,sap pr stock budget site archive.sap.com,,0,,0.00
pr,sap pr uplaod program,,0,,0.00
pr,sap tcode delete pr,,0,,0.00
pr,sap xep theo ten trong project pr,,0,,0.00
pr,sapphire z87a-pr pure black,,0,,0.00
pr,sartorius pr 5230 manual,,0,,0.00
pr,savanoriu pr,,0,,0.00
pr,save as preset trong pr,,0,,0.00
pr,saving changes is not pr,,0,,0.00
pr,saác hay về pr,,0,,0.00
pr,sc and pr bto,,0,,0.00
pr,scan pr father.io,,0,,0.00
pr,scar h pr,,0,,0.00
pr,scar h pr grenade launcher,,0,,0.00
pr,scb tuyển pr & marketing,,0,,0.00
pr,schedule for pr project manager,,0,,0.00
pr,schlechte pr beispiele,,0,,0.00
pr,schneider pr,,0,,0.00
pr,schneider pr 100ka 4p,,0,,0.00
pr,scholarship planet tính pr,,0,,0.00
pr,scholarship planet tính pr úc,,0,,0.00
pr,school pr,,0,,0.00
pr,school pr agency,,0,,0.00
pr,science pr newswire,,0,,0.00
pr,scientific pr,,0,,0.00
pr,scope about influencer and pr marketing,,0,,0.00
pr,scope về influencer và pr marketing,,0,,0.00
pr,score for pr in canada,,0,,0.00
pr,sdt que huong pr,,0,,0.00
pr,sdt xe tuấn tú đặt từ sg về pr,,0,,0.00
pr,seamless transition in pr,,0,,0.00
pr,seamless transition in pr free,,0,,0.00
pr,seattle pr firms,,0,,0.00
pr,secovi pr,,0,,0.00
pr,secret env vars for pr build bitries,,0,,0.00
pr,secret env vars for pr build bitrise,,0,,0.00
pr,secret with the token enabled for pr builds,,0,,0.00
pr,secretaria da fazenda pr,,0,,0.00
pr,securedsearch.lavasoft.com pr vmn&id webcid ompa&ent hp_wcyid10461__191017,,0,,0.00
pr,securedsearch.lavasoft.com pr vmn&id webcompa&ent hp_wcyid10384__180929,,0,,0.00
pr,securedsearch.lavasoft.com pr vmn&id webcompa&ent hp_wcyid10421__181117,,0,,0.00
pr,securedsearch.lavasoft.com pr vmn&id webcompa&ent hp_wcyid10438__190223,,0,,0.00
pr,securedsearch.lavasoft.com pr vmn&id webcompa&ent hp_wcyid10438__190625,,0,,0.00
pr,securedsearch.lavasoft.com pr vmn&id webcompa&ent hp_wcyid10444__181117,,0,,0.00
pr,security pr,,0,,0.00
pr,security technology pr,,0,,0.00
pr,see ya pr,,0,,0.00
pr,seeding meaning pr,,0,,0.00
pr,sefaz pr,,0,,0.00
pr,sefaz pr telefone,,0,,0.00
pr,seguros compulsorios pr,,0,,0.00
pr,select commits to pr,,0,,0.00
pr,self storage catano pr,,0,,0.00
pr,self storage ponce pr,,0,,0.00
pr,semen test pr,,0,,0.00
pr,semi novos curitiba pr,,0,,0.00
pr,senior pr thảo điền,,0,,0.00
pr,sensodyne pr,,0,,0.00
pr,sensor pr 6423,,0,,0.00
pr,sensor pr 6424,,0,,0.00
pr,sensor pr quan 2,,0,,0.00
pr,sensor pr transmitter,,0,,0.00
pr,sensor pr transmitter vtech,,0,,0.00
pr,seo branche pr-agentur,,0,,0.00
pr,seo in pr,,0,,0.00
pr,seo kommunikation pr-agentur,,0,,0.00
pr,seo online pr,,0,,0.00
pr,seo pr company,,0,,0.00
pr,seo pr definition,,0,,0.00
pr,seo pr placement,,0,,0.00
pr,seo pr rank,,0,,0.00
pr,seo pr service,,0,,0.00
pr,seo pr werbeagentur,,0,,0.00
pr,seo pr-agentur,,0,,0.00
pr,seo training for pr agencies,,0,,0.00
pr,seongon checklist bài pr chuẩn seo,,0,,0.00
pr,separate pr advertising and journalism,,0,,0.00
pr,sequel pr,,0,,0.00
pr,series 500-pr,,0,,0.00
pr,servi pr,,0,,0.00
pr,service de pr,,0,,0.00
pr,service register pr in singapore,,0,,0.00
pr,serviços consultoria pr digital e conteúdos,,0,,0.00
pr,sescap pr,,0,,0.00
pr,set khung hình trên pr,,0,,0.00
pr,setting goals and objectives makes your pr planning more effective,,0,,0.00
pr,setting project pr youtube,,0,,0.00
pr,settlement fund for canada pr,,0,,0.00
pr,setup.x86.en-us_homebusinessretail_ngmqk-wc44b-kfwqx-xhmvx-7xjc2_tx_pr_ exe,,0,,0.00
pr,sex girl pr,,0,,0.00
pr,sex girl pr hd,,0,,0.00
pr,sex girl pr hd full,,0,,0.00
pr,sex nhat ban pr,,0,,0.00
pr,sex nư pr,,0,,0.00
pr,sg s200 20 pr,,0,,0.00
pr,sg s200 30 pr,,0,,0.00
pr,sg300 10 pr,,0,,0.00
pr,shake adobe pr,,0,,0.00
pr,shake pr,,0,,0.00
pr,shanghai jinqiao export pr-b,,0,,0.00
pr,share of voice pr,,0,,0.14
pr,shark tank pr,,0,,0.00
pr,sharp pr-7700,,0,,0.00
pr,sharp pr-dhtea1,,0,,0.00
pr,sharp pr-pot,,0,,0.00
pr,she was interested in the pr,,0,,0.00
pr,shin kamen rider pr,,0,,0.00
pr,shine pr,,0,,0.00
pr,ship to pr,,0,,0.00
pr,shipping pr agency,,0,,0.00
pr,shoebox pr,,0,,0.00
pr,shop bán giầy adidas nmd xr1 pr,,0,,0.00
pr,shop bán đồ kpop giá rẻ pr hà tĩnh,,0,,0.00
pr,shop com pr,,0,,0.14
pr,shopper pr,,0,,0.00
pr,shopping centre pr campaign,,0,,0.00
pr,shopping centre pr campaigns,,0,,0.00
pr,shopping centre pr company,,0,,0.00
pr,short and straight to point pr pitch,,0,,0.00
pr,short pr article,,0,,0.00
pr,short pr interval là gì,,0,,0.00
pr,short pr interval syndrome,,0,,0.00
pr,short pr make loud s1,,0,,0.00
pr,short term skilled occupation eligible for pr,,0,,0.00
pr,shortcut pr giống vegá,,0,,0.00
pr,shorten time for pr canada,,0,,0.00
pr,shortest time from pr to citizenship in european countries,,0,,0.00
pr,should buy high support pr medium for basketball girls,,0,,0.00
pr,should i work in a pr agency,,0,,0.00
pr,show your work nghệ thuật pr bản thân,,0,,0.00
pr,showcase pr,,0,,0.00
pr,sia botanics pr qua len,,0,,0.00
pr,sibling with pr in canada family ties canada visa,,0,,0.00
pr,sie de pr,,0,,0.00
pr,silicon valley pr agency,,0,,0.00
pr,silicon valley pr firms,,0,,0.00
pr,simulado detram pr,,0,,0.00
pr,simulado pm pr,,0,,0.00
pr,sindimoc pr,,0,,0.00
pr,singapore hdb price for pr,,0,,0.00
pr,singapore hạn chế cấp pr,,0,,0.00
pr,singapore investor pr,,0,,0.00
pr,singapore khó kiếm pr,,0,,0.00
pr,singapore medical costs for pr,,0,,0.00
pr,singapore pr annex a,,0,,0.00
pr,singapore pr buy resale hdb,,0,,0.00
pr,singapore pr cancel,,0,,0.00
pr,singapore pr cancellation,,0,,0.00
pr,singapore pr change sponsor,,0,,0.00
pr,singapore pr disadvantages,,0,,0.00
pr,singapore pr là gì,,0,,0.00
pr,singapore pr salary range,,0,,0.00
pr,singapore pr what does for a company,,0,,0.00
pr,singapore pr what does it mean,,0,,0.00
pr,singapore pr wp sp ep,,0,,0.00
pr,singaporean or pr meaning,,0,,0.00
pr,singaporean pr wp sp ep,,0,,0.00
pr,singaporian or pr,,0,,0.00
pr,singer valve 106 pr,,0,,0.00
pr,single pr,,0,,0.00
pr,sinh viên xin pr úc,,0,,0.00
pr,sintegra pr,,0,,0.00
pr,sistema help desk detran pr,,0,,0.00
pr,sistema para bilhete passagem eletronico pr,,0,,0.00
pr,site boost-my-pr.com,,0,,0.00
pr,site detran pr,,0,,0.00
pr,site glassdoor.com overview studio pr petaluma ca,,0,,0.00
pr,site http www.digitaljournal.com pr 4279962,,0,,0.00
pr,site https ezweb.vn blog cac-meo-pr-khi-khoi-nghiep-kinh-doanh.html,,0,,0.00
pr,site id.pr-cy.ru user profile newlandred profile,,0,,0.00
pr,site linkedin.com company veteran pr,,0,,0.00
pr,site linkedin.com or site vn.linkedin.com and senior pr and cbre,,0,,0.00
pr,site linkedin.com or site vn.linkedin.com and senior pr and novaland,,0,,0.00
pr,site pr cao,,0,,0.00
pr,site vệ tinh pr cao để đi backlink,,0,,0.00
pr,site www.etsy.com listing 498637344 crystal-pendantblue-crystal ref pr_shop,,0,,0.00
pr,site www.etsy.com listing 512137685 crystal-pendant-necklacecrystal ref pr_shop,,0,,0.00
pr,sixth sense pr,,0,,0.00
pr,sk ii pr n a power youth essence,,0,,0.00
pr,sk lubricant pr việt nam,,0,,0.00
pr,sk lubricants pr,,0,,0.00
pr,sketchup pr 2018 full,,0,,0.00
pr,skill for pr,,0,,0.00
pr,skill for pr executive,,0,,0.00
pr,skill need pr event dtaff,,0,,0.00
pr,skilled worker pr australia,,0,,0.00
pr,skin minecraft pr,,0,,0.00
pr,skratka pr,,0,,0.00
pr,skridt pr dag,,0,,0.00
pr,skridt pr dag alder,,0,,0.00
pr,sky realty pr,,0,,0.00
pr,skyrealty pr,,0,,0.00
pr,skyrim meminfo v0_9_8_4_pr-2006-0-9-8-4,,0,,0.00
pr,slate pr website,,0,,0.00
pr,slice pr,,0,,0.00
pr,slide dao tao pr,,0,,0.00
pr,slide pr bảo tuấn tlu,,0,,0.00
pr,slide pr của vingroup,,0,,0.00
pr,sline pr,,0,,0.00
pr,sline pr m,,0,,0.00
pr,slipknot pr stunt,,0,,0.00
pr,slodan pr laptop,,0,,0.00
pr,slowmotion trong pr,,0,,0.00
pr,small biz pr,,0,,0.00
pr,small biz pr academy,,0,,0.00
pr,small business pr academy,,0,,0.00
pr,small business pr expert,,0,,0.00
pr,small business pr help,,0,,0.00
pr,small girls pr,,0,,0.00
pr,small pr agencies,,0,,0.00
pr,small pr agencies london,,0,,0.00
pr,small pr firms nyc,,0,,0.00
pr,smart pr goals,,0,,0.00
pr,smartlog pr,,0,,0.00
pr,smd pr,,0,,0.00
pr,sme pr,,0,,0.00
pr,sme pr agency,,0,,0.00
pr,sme pr strategy,,0,,0.00
pr,smôth transition in pr free,,0,,0.00
pr,snapchat pr agency,,0,,0.00
pr,snitter pr person,,0,,0.00
pr,sns youtube tiktok 文房具 pr,,0,,0.00
pr,so bin hoang son pr cho lol,,0,,0.00
pr,so dt lien he ngan hang pr,,0,,0.00
pr,so pr cua lop xe la gi,,0,,0.00
pr,so sa nh dcp va pr,,0,,0.00
pr,so sa nh giư a pr va tuyên truyê n,,0,,0.00
pr,so sa nh marketing va pr,,0,,0.00
pr,so sa nh marketing va pr cho vi du,,0,,0.00
pr,so sanh phan mem sony vegas 13 vs pr,,0,,0.00
pr,so sanh pr và green card,,0,,0.00
pr,so serie ronald jack pr,,0,,0.00
pr,so sánh 2 quy trình pr,,0,,0.00
pr,so sánh cấu trúc pr và adn,,0,,0.00
pr,so sánh marketing và pr,,0,,0.00
pr,so sánh oppo r15 pr,,0,,0.00
pr,so sánh phần mềm adobe pr cc và lr classic,,0,,0.00
pr,so sánh pr và ae,,0,,0.00
pr,so sánh pr và dân vận,,0,,0.00
pr,so sánh pr và tuyên truyền,,0,,0.00
pr,so sánh pr với quảng cáo và marketing,,0,,0.00
pr,so sánh prr in house và pr agency,,0,,0.00
pr,so sánh quảng cáo và pr cho ví dụ,,0,,0.00
pr,so sánh xiaomi redmi note 5 pr,,0,,0.00
pr,so vh-tt-dl hâu toa ở tp pr_tp,,0,,0.00
pr,so vh-tt-dl hâu toa ở tp pr_tp thanh nien.vn,,0,,0.00
pr,social exchange theory in pr definition,,0,,0.00
pr,social listening for pr,,0,,0.00
pr,social media and pr job description,,0,,0.00
pr,social media pr agency,,0,,0.00
pr,social media pr agency los angeles,,0,,0.00
pr,social media pr agency new york,,0,,0.00
pr,social media pr agency uk,,0,,0.00
pr,social media pr case studies,,0,,0.00
pr,social media pr firms,,0,,0.00
pr,social media pr london,,0,,0.00
pr,social media pr services,,0,,0.00
pr,social pr agency,,0,,0.00
pr,social pr manchester,,0,,0.00
pr,social pr services,,0,,0.00
pr,social pr system,,0,,0.00
pr,social sector pr,,0,,0.00
pr,socio atletico pr,,0,,0.00
pr,sodexo curitiba curitiba pr,,0,,0.00
pr,software pr agency,,0,,0.00
pr,software pr agentur,,0,,0.00
pr,software testing control pr,,0,,0.00
pr,solar pr do not need,,0,,0.00
pr,solcellepanel effekt pr m2,,0,,0.00
pr,solo pr,,0,,0.00
pr,soltimer pr år,,0,,0.00
pr,soltimer pr år chile,,0,,0.00
pr,some criteria for pr job,,0,,0.00
pr,somi quán quân 101 pr,,0,,0.00
pr,son shiseido smk veiled rouge rd707 pr 2.2g,,0,,0.00
pr,son shu uemura pr 790,,0,,0.00
pr,sonar pr analysis,,0,,0.00
pr,sonarqube pr analysis,,0,,0.00
pr,sonova energy pr,,0,,0.00
pr,sony vegas 13 pro pr ae,,0,,0.00
pr,sony z5 pr,,0,,0.00
pr,sorvetes bapka curitiba pr,,0,,0.00
pr,sow chuyên viên pr,,0,,0.00
pr,soố po pr,,0,,0.00
pr,spalt pr sverige ab,,0,,0.00
pr,spareribs pr person,,0,,0.00
pr,spass to pr,,0,,0.00
pr,specialist pr accountants,,0,,0.00
pr,specialist pr agency,,0,,0.00
pr,specs of jam72 s01 370 pr,,0,,0.00
pr,speed pr agency,,0,,0.00
pr,speranto-marketing-pr-social-media-managerin,,0,,0.00
pr,sperm test pr,,0,,0.00
pr,spice and wolf pr,,0,,0.00
pr,split video frames into three in pr,,0,,0.00
pr,sponsorship có phải là pr,,0,,0.00
pr,sport club do recife pe parana pr,,0,,0.00
pr,sport club do recife pe parana pr sofascore,,0,,0.00
pr,sport club recife pe 1 1 coritiba pr,,0,,0.00
pr,sport club recife pe coritiba pr,,0,,0.00
pr,sport club recife pe pr,,0,,0.00
pr,sport club recife pe pr 02 8,,0,,0.00
pr,sport club recife pe pr 02 8 2019,,0,,0.00
pr,sport club recife pevparana clube pr,,0,,0.00
pr,sports pr agency,,0,,0.00
pr,sports pr company,,0,,0.00
pr,sports pr firms,,0,,0.00
pr,sports pr firms chicago,,0,,0.00
pr,sports pr summit,,0,,0.00
pr,sportswear pr agency,,0,,0.00
pr,sportswear pr agency london,,0,,0.00
pr,spotify pr campaign,,0,,0.00
pr,sr associate pr,,0,,0.00
pr,srd.yahoobfvvfcfff.jp ptl sbm pr start,,0,,0.00
pr,st 1 j-13 frailes norte guaynabo pr 00966 us,,0,,0.00
pr,st louis pr firms,,0,,0.00
pr,st petersburg pr firms,,0,,0.00
pr,st vladimirs seminary pr,,0,,0.00
pr,stalingrad pr 82 class battlecruisers,,0,,0.00
pr,stamp extend pr status aftter 1 year on receipt,,0,,0.00
pr,stand pr,,0,,0.00
pr,standort pr,,0,,0.00
pr,starbucks bad pr crisis management,,0,,0.00
pr,starbucks best practice online pr,,0,,0.00
pr,starbucks community participation online pr,,0,,0.00
pr,starbucks online pr community participation,,0,,0.00
pr,starbucks online pr techniques,,0,,0.00
pr,starbucks pr crisis,,0,,0.00
pr,starbucks us online pr,,0,,0.00
pr,start pxe over ipv4 windows 10 pr,,0,,0.00
pr,start up pr series a là gì,,0,,0.00
pr,start up saas pr agency silicon valley,,0,,0.00
pr,start up visa unconditional pr,,0,,0.00
pr,starting a pr company,,0,,0.00
pr,startup pr firms,,0,,0.57
pr,startup visa unconditional pr,,0,,0.00
pr,startup visa unconditional pr cic,,0,,0.00
pr,statistician pr australia,,0,,0.00
pr,statistics of international student gaining pr in canada,,0,,0.00
pr,status pr mẫu trên facebook,,0,,0.00
pr,status pr trên facebook,,0,,0.00
pr,steca pr 2020,,0,,0.00
pr,steca pr 3030 manual,,0,,0.00
pr,steca pr 3030 manual pdf,,0,,0.00
pr,stem qualifications australia pr,,0,,0.00
pr,step by step process for canada pr,,0,,0.00
pr,steps to apply for pr in nz,,0,,0.00
pr,stig pr,,0,,0.00
pr,stong bow đã từng pr như thế nào,,0,,0.00
pr,storage san juan pr,,0,,0.00
pr,storage units catano pr,,0,,0.00
pr,storage units guaynabo pr,,0,,0.00
pr,storage units toa baja pr,,0,,0.00
pr,stormi butler pr by stormi butler,,0,,0.00
pr,story pr,,0,,0.00
pr,storytellin gin pr,,0,,0.00
pr,strategia pr,,0,,0.00
pr,strategic pr partner là gì,,0,,0.00
pr,strategic pr planning key elements,,0,,0.00
pr,strategic pr proposals,,0,,0.00
pr,strava removing pr,,0,,0.00
pr,stt pr,,0,,0.00
pr,stt pr bá đạo,,0,,0.00
pr,stt pr bán son,,0,,0.00
pr,stt pr cho bạn bè,,0,,0.33
pr,stt pr cho bạn bè trên facebook,,0,,0.33
pr,stt pr cực chất,,0,,0.00
pr,stt pr facebook,,0,,0.00
pr,stt pr hay,,0,,0.00
pr,stt pr hay nhất,,0,,0.00
pr,stt pr họ nick facebook,,0,,0.00
pr,stt pr hộ,,0,,0.00
pr,stt pr hộ nick facebook,,0,,0.33
pr,stt pr kết bạn,,0,,0.00
pr,stt pr nick facebook,,0,,0.00
pr,stt pr quán cf,,0,,0.00
pr,stt về pr,,0,,0.00
pr,student pr assistant ap u,,0,,0.00
pr,student pr assistant apu,,0,,0.00
pr,student visa to pr in australia,,0,,0.00
pr,studio pr,,0,,0.00
pr,stunning pr campain in 2000,,0,,0.00
pr,stunning pr campain jell-o,,0,,0.00
pr,su dung cong cu marketing pr,,0,,0.00
pr,su dung nguoi noi tieng la quang cao hay pr,,0,,0.00
pr,su dung viva pr,,0,,0.00
pr,su khac biet giua pg va pr,,0,,0.00
pr,su khac biet giua pg va pr va pb,,0,,0.00
pr,su khac nhau giua unique_ptr and auto_pr c++,,0,,0.00
pr,subclass 407 to pr,,0,,0.00
pr,subfoder trong pr là gif,,0,,0.00
pr,subfolder trong pr là gif,,0,,0.00
pr,subfolder trong pr là gì,,0,,0.00
pr,success to pr,,0,,0.00
pr,successful air conditioner pr campaign,,0,,0.00
pr,successful pr campaign university case,,0,,0.00
pr,successful pr case studies,,0,,0.00
pr,successful pr case studies about truth,,0,,0.00
pr,successful pr companies,,0,,0.00
pr,successful pr stunts,,0,,0.00
pr,sucessful pr agency,,0,,0.00
pr,sucessful pr campaign university case,,0,,0.00
pr,sucessgul air conditional pr campaign,,0,,0.00
pr,suff pr,,0,,0.00
pr,suffolk pr,,0,,0.00
pr,sukh dukh words pr bhajn liyrics,,0,,0.00
pr,summer pr internships 2017,,0,,0.00
pr,summit pr,,0,,0.00
pr,sung ban nhiệt độ pr 161935,,0,,0.00
pr,sunshine tuyển dụng pr,,0,,0.00
pr,sunu kirpykla savanoriu pr vilnius,,0,,0.00
pr,super pao palmas pr,,0,,0.00
pr,supply chain pr,,0,,0.00
pr,supply chain pr agency,,0,,0.00
pr,supply chain pr company,,0,,0.00
pr,supply chain pr consultant,,0,,0.00
pr,supporting money for new pr family vanadavisa,,0,,0.00
pr,suô c camera pr,,0,,0.00
pr,suộc pr,,0,,0.00
pr,suự khac nhau giữa pr va ae,,0,,0.00
pr,suự khác nhau giữa adobe pr và adobe ae,,0,,0.00
pr,suự khác nhau pr marketing và advertising,,0,,0.00
pr,sv pr,,0,,0.00
pr,svinestek pr person,,0,,0.00
pr,sweaty betty pr ecoya,,0,,0.00
pr,sweaty betty pr pty double bay,,0,,0.00
pr,swinger pr,,0,,0.00
pr,switch frame to time pr,,0,,0.00
pr,swot for pr direction,,0,,0.00
pr,swot of pr plan,,0,,0.00
pr,sydney pr & advertising agency,,0,,0.00
pr,synapse pr,,0,,0.00
pr,synapse x pr,,0,,0.00
pr,sync pr,,0,,0.00
pr,system out pr,,0,,0.00
pr,sàn gỗ công nghiệp pr,,0,,0.00
pr,sách có liên quan đến khủng hoảng trong pr,,0,,0.00
pr,sách kỹ nawg viết pr,,0,,0.00
pr,sách kỹ năng viết pr,,0,,0.00
pr,sách kỹ thuật viết bài pr quảng cáo,,0,,0.00
pr,sách lý thuyết pr,,0,,0.00
pr,sách nghệ thuật pr bản thân.dpf,,0,,0.00
pr,sách nghệ thuật pr bản thân.pdf,,0,,0.00
pr,sách nghệ thuật viết pr hiệu quả,,0,,0.00
pr,sách quảng cáo thoái vị và pr lên ngôi,,0,,0.00
pr,sách quảng cáo và pr,,0,,0.00
pr,sáng tạo chiến dịch pr hiệu quả ebook,,0,,0.00
pr,sáng tạo pr,,0,,0.00
pr,sáng tạo trong pr,,0,,0.00
pr,sân bay pr,,0,,0.00
pr,sét duration trong pr,,0,,0.00
pr,sô dien thoia golden-event-pr,,0,,0.00
pr,súng bắn nhiệt độ pr 161935,,0,,0.00
pr,sơ đồ hệ thống pr,,0,,0.00
pr,sơ đồ hệ thống pr của vinamilk,,0,,0.00
pr,sơ đồ hệ thống pr của yeah 1,,0,,0.00
pr,sơ đồ marketing và pr logistic,,0,,0.00
pr,sơn lót giàu kẽm 960 pr nanpao,,0,,0.00
pr,sơn nanpao lót giàu kẽm 960 pr,,0,,0.00
pr,sư kiện pr trung nguyên năm 2019,,0,,0.00
pr,sưa tắm duschdas dusche dp pr frisch,,0,,0.00
pr,sườn bài pr,,0,,0.00
pr,sản phẩm mới của samsung bài pr,,0,,0.00
pr,sấy lạnh sấy pr,,0,,0.00
pr,sấy lạnh sấy pr cà rốt,,0,,0.00
pr,số pr là gì,,0,,0.00
pr,số thống kê pr la gi,,0,,0.00
pr,số điện thoại liên hệ với pr của lazada,,0,,0.00
pr,số đo pr,,0,,0.00
pr,số đo pr trong dịch tễ,,0,,0.00
pr,sức mạnh pr marketing,,0,,0.00
pr,sứic mạnh pr marketing,,0,,0.00
pr,sử dung pr render,,0,,0.00
pr,sử dụng blog làm pr,,0,,0.00
pr,sử dụng gpu rời pr,,0,,0.00
pr,sử dụng mã pr trên điaạn thoại,,0,,0.00
pr,sử dụng mạng xã hội như thế nào trong pr,,0,,0.00
pr,sử dụng phần mềm pr,,0,,0.00
pr,sử dụng pr cs6 căn bản,,0,,0.00
pr,sửa lỗi font adobe pr,,0,,0.00
pr,sửa lỗi pr,,0,,0.00
pr,sự cần thiết của pr trong doanh nghiệp lữ hành,,0,,0.00
pr,sự giống nhau của pr và quảng cáo,,0,,0.00
pr,sự giống nhau giữa pr in house và agency,,0,,0.00
pr,sự giống nhau giữa quảng cáo và pr,,0,,0.00
pr,sự khác biệt giữa adobe pr vs ae,,0,,0.00
pr,sự khác biệt giữa marketinf và pr,,0,,0.00
pr,sự khác biệt giữa marketing và pr,,0,,0.00
pr,sự khác biệt giữa pr và marketing job,,0,,0.00
pr,sự khác nhau cơ bản giữa quảng cáo và pr,,0,,0.00
pr,sự khác nhau giữa marketing và quảng cáo pr,,0,,0.00
pr,sự khác nhau giữa truyền thông và pr,,0,,0.00
pr,sự kiện pr la gì,,0,,0.00
pr,sự kiện pr sản phẩm cafe g7 trong năm 2019,,0,,0.00
pr,sự kiện pr tại việt nam,,0,,0.00
pr,sự lợi hại của pr,,0,,0.00
pr,sự phát triển pr ở mỹ,,0,,0.00
pr,t&a pr,,0,,0.00
pr,ta i pr,,0,,0.00
pr,ta o hiê u ư ng pr,,0,,0.00
pr,table pr sap hana,,0,,0.00
pr,tach nen pr,,0,,0.00
pr,tach phong xanh trong pr,,0,,0.00
pr,tacobell pr,,0,,0.00
pr,tafe course for pr,,0,,0.00
pr,tai adobe pr,,0,,0.00
pr,tai adobe pr 32 bit,,0,,0.00
pr,tai adobe pr crack,,0,,0.00
pr,tai crack pr 2018,,0,,0.00
pr,tai font cho adobe pr cc 2015,,0,,0.00
pr,tai game minecraft pr,,0,,0.00
pr,tai lieu toefl pr,,0,,0.00
pr,tai minecraft pr v1.0.0,,0,,0.00
pr,tai minecraft pr v1.0.0 apk,,0,,0.00
pr,tai nghe chụp tai gaming ovann x4 pr,,0,,0.00
pr,tai phần mềm pr,,0,,0.00
pr,tai porshow pr,,0,,0.00
pr,tai pr 2017,,0,,0.00
pr,tai pr cc 2018 cnttqn,,0,,0.00
pr,tai pr chỉnh sửa video,,0,,0.00
pr,tai sao khong mo dược file đuôi mogrt trên pr,,0,,0.00
pr,tai sao pr can bao chi,,0,,0.00
pr,tai them hieu ung cho pr,,0,,0.00
pr,tair pr 2019,,0,,0.00
pr,taj exotica resort & spa maldives pr manager,,0,,0.00
pr,taking aspirin every day lower blood pr,,0,,0.00
pr,takskifer pris pr m2,,0,,0.00
pr,talk shows trong pr là gì,,0,,0.00
pr,tam quoc dien nghia pr,,0,,0.00
pr,tam tòng tứ đức trong pr,,0,,0.00
pr,tandem pr,,0,,0.00
pr,tang giam am luog trong pr cc,,0,,0.00
pr,tao cbu trong pr,,0,,0.00
pr,tao effect video trong pr,,0,,0.00
pr,tao mo dau video bằng pr,,0,,0.00
pr,tao mo dau video bằng pr cc 2017,,0,,0.00
pr,tao vien cho video pr,,0,,0.00
pr,tap dieu guitar pr,,0,,0.00
pr,tap dieu tren guitar pr,,0,,0.00
pr,tas r.c pr am,,0,,0.00
pr,task pr london,,0,,0.00
pr,tasmania apply pr,,0,,0.00
pr,tasmania pr,,0,,0.00
pr,tasmania pr visa,,0,,0.00
pr,tati 10000 pr giveaway,,0,,0.00
pr,tavana pr-002,,0,,0.00
pr,tavana pr-003,,0,,0.00
pr,tax clearance for singapore pr,,0,,0.00
pr,taxas do detran pr,,0,,0.00
pr,taylor pr,,0,,0.00
pr,taách nhạc với vid trên pr,,0,,0.00
pr,taăng độ sáng của clip bằng adobe pr,,0,,0.00
pr,taạo sequence trong pr,,0,,0.00
pr,taải chỉ h sửa ảnh pr,,0,,0.00
pr,taải nhạc pr,,0,,0.00
pr,taải phần mềm pr làm video,,0,,0.00
pr,taải pr về cho win dow,,0,,0.00
pr,taầm quan trọng của pr đối với doanh nghiệp,,0,,0.00
pr,taặng độ sáng adobe pr,,0,,0.00
pr,tbài giớ thiệu pr về teambuilding,,0,,0.00
pr,tcode delete pr in sap,,0,,0.00
pr,tcode list pr,,0,,0.00
pr,tcode run pr report,,0,,0.00
pr,team lewis pr,,0,,0.00
pr,teamwork pr ha noi,,0,,0.00
pr,tech pr agencies nyc,,0,,0.00
pr,tech pr agency australia,,0,,0.00
pr,tech pr agency london,,0,,0.00
pr,tech pr agency manchester,,0,,0.00
pr,tech pr agency sydney,,0,,0.00
pr,tech pr agency uk,,0,,0.00
pr,tech pr companies,,0,,0.00
pr,tech pr consultancy,,0,,0.00
pr,tech pr firm austin,,0,,0.00
pr,tech pr firm in austin,,0,,0.00
pr,tech pr firms,,0,,0.00
pr,tech pr firms austin,,0,,0.00
pr,tech pr firms nyc,,0,,0.00
pr,tech pr groups,,0,,0.00
pr,tech pr jobs,,0,,0.00
pr,tech pr london,,0,,0.00
pr,tech pr support,,0,,0.00
pr,tech pr uk,,0,,0.00
pr,tech startup pr,,0,,0.00
pr,technical pr uk,,0,,0.00
pr,technik pr,,0,,0.00
pr,technisat digital pr-k firmware update,,0,,0.00
pr,technology pr agency london,,0,,0.00
pr,technology pr agency uk,,0,,0.00
pr,technology pr and marketing firm,,0,,0.00
pr,technology pr campaigns,,0,,0.00
pr,technology pr company,,0,,0.00
pr,technology pr ebooks,,0,,0.00
pr,technology pr firms,,0,,0.00
pr,technology pr services,,0,,0.00
pr,technology pr support,,0,,0.00
pr,technology pr uk,,0,,0.00
pr,teechip pr,,0,,0.00
pr,tegltag pris pr m2,,0,,0.00
pr,tegltag vægt pr m2,,0,,0.00
pr,telecom s pr,,0,,0.00
pr,telephony pr,,0,,0.00
pr,telhas cascavel pr,,0,,0.00
pr,telog pr-32a,,0,,0.00
pr,temlate news pr,,0,,0.00
pr,temperatura toledo pr,,0,,0.00
pr,template cho pr,,0,,0.00
pr,template matte key note pr,,0,,0.00
pr,template matte keynote pr,,0,,0.00
pr,template matte keynote pr free,,0,,0.00
pr,tequilla pr agency,,0,,0.00
pr,terrenos a venda em curitiba pr,,0,,0.00
pr,terrenos a venda em morretes pr,,0,,0.00
pr,terrenos em guaratuba pr,,0,,0.00
pr,tesla 100 pr kwh,,0,,0.00
pr,test lab pr,,0,,0.00
pr,test lab trong pr,,0,,0.00
pr,testimonial & endorsement in pr academic,,0,,0.00
pr,testimonial and endorsement in pr,,0,,0.00
pr,testimonial and endorsement trong pr,,0,,0.00
pr,testimonial in pr academic,,0,,0.00
pr,testimonial in pr acadimic,,0,,0.00
pr,testimonial trong pr là gì,,0,,0.00
pr,testimonials báo pr,,0,,0.00
pr,text 2 in pr not appear in po sap,,0,,0.00
pr,text lab trong pr,,0,,0.00
pr,text tin tức pr,,0,,0.00
pr,texting effects on pr,,0,,0.00
pr,th true milk pr,,0,,0.00
pr,thach thuc nghe pr,,0,,0.00
pr,thaiairways paiement pr tirrs,,0,,0.00
pr,thailand local pr agency,,0,,0.00
pr,tham khảo các mẫu bài pr đỉnh cao,,0,,0.00
pr,thanh niên báo giá pr,,0,,0.00
pr,thanh pho pr,,0,,0.00
pr,thanhnien bao gia pr,,0,,0.00
pr,thatguy pr,,0,,0.00
pr,thay màn hình macbook pr 2017,,0,,0.00
pr,thay màn hình trong j2 pr,,0,,0.00
pr,thay màn hình trong j2 pr tại dĩ an,,0,,0.00
pr,thay đổi tỉ lệ khung hình trong pr,,0,,0.00
pr,thaành thạo ps ae pr,,0,,0.00
pr,thaần thoại pr pdf,,0,,0.00
pr,the 50 best pr people in tech 2016,,0,,0.00
pr,the agency management developed a pr crisis plan,,0,,0.00
pr,the agency management developed a pr crisis plan tiếng anh,,0,,0.00
pr,the best pr campaigns,,0,,0.00
pr,the biggest pr agency in the world,,0,,0.00
pr,the bridge pr times,,0,,0.00
pr,the complete crowdfunding pr system,,0,,0.00
pr,the difference between pr and publicity,,0,,0.00
pr,the door online pr,,0,,0.00
pr,the duration of singapore pr,,0,,0.00
pr,the envelope for the decision after biometrics pr,,0,,0.00
pr,the envelope for the decision after biometrics pr site www.canadavisa.com,,0,,0.00
pr,the foundry pr,,0,,0.00
pr,the history of pr john d rockefeller,,0,,0.00
pr,the history of pr john d rockkefeller,,0,,0.00
pr,the importance of pr to a business,,0,,0.00
pr,the important of pr proposal,,0,,0.00
pr,the manufacturer pr service pricing,,0,,0.00
pr,the openssl extension is required for ssl tls pr,,0,,0.00
pr,the ordianry serum pr les cheveux avis,,0,,0.00
pr,the potential programs of getting cyprus pr,,0,,0.00
pr,the pr boutique,,0,,0.00
pr,the pr company,,0,,0.00
pr,the pr company pte ltd,,0,,0.00
pr,the pr girl blog,,0,,0.00
pr,the pr group,,0,,0.00
pr,the pr industry,,0,,0.00
pr,the pr network,,0,,0.00
pr,the role of pr in corporation,,0,,0.00
pr,the saem pr,,0,,0.00
pr,the small business pr expert,,0,,0.00
pr,the success of trung nguyen pr,,0,,0.00
pr,the thinker pr agency,,0,,0.00
pr,the thinker pr agency miliket,,0,,0.00
pr,theatre pr,,0,,0.00
pr,theatre pr companies,,0,,0.00
pr,thegioididong tuyển dụng pr marketing,,0,,0.00
pr,them hieu hang loat trong pr,,0,,0.00
pr,them hieu ung hang loat ngau nhien trong pr,,0,,0.00
pr,them hieu ung ngau nhiem hang loat trong pr,,0,,0.00
pr,them hieu ung ngau nhien hang loat trong pr,,0,,0.00
pr,them tile cho pr,,0,,0.00
pr,theme slide pr,,0,,0.00
pr,themes slide pr,,0,,0.00
pr,theo dõi pr ngắn,,0,,0.00
pr,theo dõi đánh giá điều chỉnh kế hoạch pr,,0,,0.00
pr,theoretical framework of pr strategy,,0,,0.00
pr,they feature for us news pr,,0,,0.00
pr,they feature for us pr,,0,,0.00
pr,theêm new title trong pr,,0,,0.00
pr,theẻ xanh pr,,0,,0.00
pr,theế nào là pr,,0,,0.00
pr,thi cuoi ky nhap mon pr,,0,,0.00
pr,thi cuoi ky nhap mon pr clip,,0,,0.00
pr,thickener j24 pr,,0,,0.00
pr,thiet bi nao ket noi cong pb pr cua tv,,0,,0.00
pr,thiet bi ve sinh proxia pr-415,,0,,0.00
pr,things about pr,,0,,0.00
pr,things to do after granted pr australian,,0,,0.00
pr,third sector pr agency,,0,,0.00
pr,this is a poorly worded pr article,,0,,0.00
pr,this is a share cost for pr,,0,,0.00
pr,thiết bị đuổi muỗi và đuổi côn trùng tavana pr-001,,0,,0.00
pr,thiết kế pr thuốc đẹp,,0,,0.00
pr,thiết kế tờ pr quảng cáo,,0,,0.00
pr,thiết lập chương trình pr,,0,,0.00
pr,thiết lập mục tiêu pr của coca cola,,0,,0.00
pr,thong tin huawei y7 pr,,0,,0.00
pr,ths pr group,,0,,0.00
pr,ths pr group wordpress,,0,,0.00
pr,thu nhập pr của hot girl,,0,,0.00
pr,thu tuc dinh cu canada sau khi pr,,0,,0.00
pr,thu tuc xin pr o uc,,0,,0.00
pr,thu y tinh cao câ p pr-ws1,,0,,0.00
pr,thuoc diphereline pr-3.75mg,,0,,0.00
pr,thuoc diphereline pr-3.75mg chích,,0,,0.00
pr,thuong pr 19 tuoi bi chich,,0,,0.00
pr,thuong pr 19 tuoi năm 2010,,0,,0.00
pr,thuyết trình pr sản phẩm cho khách hàng,,0,,0.00
pr,thuyết trình pr sản phẩm mới cho khách hàng,,0,,0.00
pr,thuê chạy chữ pr,,0,,0.00
pr,thuê người nổi tiếng pr,,0,,0.00
pr,thuê người pr sản phẩm,,0,,0.00
pr,thuê pr,,0,,0.00
pr,thuê pr kênh youtube,,0,,0.00
pr,thuật ngữ chuyên nghành pr,,0,,0.00
pr,thuật ngữ chuyên ngành pr,,0,,0.00
pr,thuật ngữ pr là gì,,0,,0.00
pr,thuật ngữ pr là ì trong thuong tru nhan,,0,,0.00
pr,thuật ngữ pr trong fitness,,0,,0.00
pr,thuốc diphereline pr 11.25 mg trị ung thư,,0,,0.00
pr,thuốc diphereline pr 3.75 mg,,0,,0.00
pr,thuốc pr pep cap lanh,,0,,0.00
pr,thuủ tục làm pr,,0,,0.00
pr,thành công nhờ pr của hôm nay tôi thất tình,,0,,0.00
pr,thành phần nabakem pr-50a,,0,,0.00
pr,thành phẩm pr là gì,,0,,0.00
pr,thành thạo ps ae pr,,0,,0.00
pr,thái châu pr 75,,0,,0.00
pr,thê na o la pr,,0,,0.00
pr,thêm ngôn ngữ tiếng việt cho pr,,0,,0.00
pr,thêm nền màu trong pr,,0,,0.00
pr,thêm nền trong pr,,0,,0.00
pr,thích khách liệt truyện pr,,0,,0.00
pr,thông cáo báo chí khác pr,,0,,0.00
pr,thông cáo báo chí pr cộng động,,0,,0.00
pr,thông số pr là gì,,0,,0.00
pr,thông số pr trong y tế là gì,,0,,0.00
pr,thông số pr va or là gì,,0,,0.00
pr,thông số slowmotion pr,,0,,0.00
pr,thông tin khái quát chiến dịch pr của donal rtump,,0,,0.00
pr,thông tin khái quát chiến dịch pr của donal trump,,0,,0.00
pr,thông tin nhóm pr,,0,,0.00
pr,thông tin nền giúp gì cho viết pr,,0,,0.00
pr,thông tin về chiến dịch pr của donal trump,,0,,0.00
pr,thông tư & quan hệ công chúng & pr,,0,,0.00
pr,thông tư & quan hệ công chúng và pr,,0,,0.00
pr,thông điệp pr,,0,,0.00
pr,thông điệptrong pr là,,0,,0.00
pr,thùy dung làm pr,,0,,0.00
pr,thúy ngân pr,,0,,0.00
pr,thư 1 pr 5 1-4,,0,,0.00
pr,thư c tâ p pr marketing công ty du lich,,0,,0.00
pr,thư mời là gì trong pr,,0,,0.00
pr,thư thông báo bổ nhiệm pr,,0,,0.00
pr,thưc tạp sinh pr vinafco,,0,,0.00
pr,thương hiệu richard mille với những chiến dịch pr,,0,,0.00
pr,thương mại dịch vụ pr,,0,,0.00
pr,thưực tập sinh pr vinafco,,0,,0.00
pr,thất bại trong pr của bphone,,0,,0.00
pr,thần thoại pr pdf download,,0,,0.00
pr,thầy pr cường,,0,,0.00
pr,thẻ xanh pr,,0,,0.00
pr,thế nào là bài báo pr,,0,,0.00
pr,thế nào là một kế hoạch pr,,0,,0.00
pr,thế nào là pr plan,,0,,0.00
pr,thị trường tuyển dụng pr,,0,,0.00
pr,thống kê pr la gi,,0,,0.00
pr,thống nhất khung hình trong pr,,0,,0.00
pr,thời gian xin pr travel document,,0,,0.00
pr,thời đại của pr,,0,,0.00
pr,thụ thể hormon er pr,,0,,0.00
pr,thủ thuật viết pr bất động sản,,0,,0.00
pr,thủ tục làm pr,,0,,0.00
pr,thực hành pr gr trong tiếng anh,,0,,0.00
pr,thực phẩm chức năng imu pr,,0,,0.00
pr,thực trạng hoạt động pr của công ty pepsi,,0,,0.00
pr,thực tạp sinh pr,,0,,0.00
pr,thực tập sinh marketing pr,,0,,0.00
pr,thực tập sinh pr nội bộ,,0,,0.00
pr,ti so pr,,0,,0.00
pr,ti so ti le hien mac pr,,0,,0.00
pr,tia báo lỗi contains additional data from the following pr,,0,,0.00
pr,tiajin pr china,,0,,0.00
pr,tick tock boom digital pr & marketing,,0,,0.00
pr,tide pr,,0,,0.11
pr,tien luong nganh pr o vietnam,,0,,0.00
pr,tiep thi pr,,0,,0.00
pr,tieu luan ve pr,,0,,0.00
pr,tieu đề bài pr giới thiệu sản phẩm,,0,,0.00
pr,tieếng anhchuyeen ngành pr,,0,,0.00
pr,tiffany pr giày,,0,,0.00
pr,tiffany pr giày ngồi,,0,,0.00
pr,tiki pr,,0,,0.00
pr,tilland pr,,0,,0.00
pr,tim mua domain pr cao,,0,,0.00
pr,time now in pr united states,,0,,0.00
pr,time to get pr for pnp apply,,0,,0.00
pr,timelapse với pr,,0,,0.00
pr,timeline pr plan,,0,,0.00
pr,timeline pr plan template,,0,,0.00
pr,tinh bya xa trách ai vô tình pr mp3,,0,,0.00
pr,tinnitus treatment aguadilla pr,,0,,0.00
pr,tinnitus treatment mayaguez pr,,0,,0.00
pr,tip miễn phí bong đá ngoại hạng anh pr,,0,,0.00
pr,tips in pr,,0,,0.00
pr,tissot pr 100 automatic 25 jewels,,0,,0.00
pr,tissot pr 100 automatic black dial men& 39,,0,,0.00
pr,tissot pr 100 automatic blue dial men& 39,,0,,0.00
pr,tissot pr 100 automatic chronometer,,0,,0.00
pr,tissot pr 100 automatic cosc,,0,,0.00
pr,tissot pr 100 automatic ladies watch,,0,,0.00
pr,tissot pr 100 automatic lady,,0,,0.00
pr,tissot pr 100 automatic men& 39,,0,,0.00
pr,tissot pr 100 automatic review,,0,,0.00
pr,tissot pr 100 black dial bracelet men's watch,,0,,0.00
pr,tissot pr 100 chronograph amazon,,0,,0.00
pr,tissot pr 100 chronograph gent t101.417.16.031.00,,0,,0.00
pr,tissot pr 100 damen,,0,,0.00
pr,tissot pr 100 dual time t101 đặng quang,,0,,0.00
pr,tissot pr 100 dual time t101.452.11.061.00,,0,,0.00
pr,tissot pr 100 p372 472,,0,,0.00
pr,tissot pr 100 powermatic 80 cosc,,0,,0.00
pr,tissot pr 100 powermatic 80 haitrieu,,0,,0.00
pr,tissot pr 100 powermatic 80 lady,,0,,0.00
pr,tissot pr 100 silver dial ladies red,,0,,0.00
pr,tissot pr 100 silver dial ladies red leather watch,,0,,0.00
pr,tissot pr 100 silver dial red leather ladies watch,,0,,0.00
pr,tissot pr 100 t101 410.11 041.00,,0,,0.00
pr,tissot pr 100 t101 chronograph,,0,,0.00
pr,tissot pr 100 t101.417.11.031.00,,0,,0.00
pr,tissot pr 100 t101.417.16.031.00,,0,,0.00
pr,tissot pr 100 t101.452.16.051.00,,0,,0.00
pr,tissot pr 100 t101.452.36.041.00,,0,,0.00
pr,tissot pr 100 t101.910.22.061.00 sport chic watch 36mm,,0,,0.00
pr,tissot pr 100 titanium lady quartz,,0,,0.00
pr,tissot pr 100 titanium price,,0,,0.00
pr,tissot pr 1000,,0,,0.00
pr,tissot pr 101 chronograph,,0,,0.00
pr,tissot pr 101chronograph,,0,,0.00
pr,tissot pr 516 gl heritage,,0,,0.00
pr,tist trong pr,,0,,0.00
pr,title in pr cc2018,,0,,0.00
pr,title pr 2019,,0,,0.00
pr,title reveal pr,,0,,0.00
pr,title vector pr,,0,,0.00
pr,tiê m năng ngha nh pr,,0,,0.00
pr,tiêu chuẩn xét pr du học sinh,,0,,0.00
pr,tiêu chuẩn xét pr nghĩa la gi,,0,,0.00
pr,tiêu chuẩn xét pr việc làm,,0,,0.00
pr,tiêu chí bài pr bất động sản hay,,0,,0.00
pr,tiêu chí công việc pr,,0,,0.00
pr,tiêu chí của một bài pr,,0,,0.00
pr,tiêu chí ngành pr,,0,,0.00
pr,tiêu chí so sánh pr và báo chí,,0,,0.00
pr,tiêu chí so sánh pr và quảng cáo,,0,,0.00
pr,tiêu chí đánh giá hiệu quả của pr,,0,,0.00
pr,tiêu đề bài pr,,0,,0.00
pr,tiêu đề pr quần áo,,0,,0.00
pr,tiìm việc ngafh pr,,0,,0.00
pr,tiìm việc pr,,0,,0.00
pr,tiính pr điện mặt trời,,0,,0.00
pr,tiến trình pr có máy bước,,0,,0.00
pr,tiến trình pr có mấy bước,,0,,0.00
pr,tiếng anh chuyên ngành pr,,0,,0.00
pr,tiếng anh pr hay,,0,,0.00
pr,tiếng anh từ viết tắt pr,,0,,0.00
pr,tiểu luận pr trong xử lý tình huống,,0,,0.00
pr,tiểu tiểu ngũ hổ tướng pr,,0,,0.00
pr,tiệm game pr,,0,,0.00
pr,tiỉ lệ hiệu suất chuyển đổi pr,,0,,0.00
pr,tiỉ số pr,,0,,0.00
pr,tl-эко pr ip65 бап,,0,,0.00
pr,tlauncher pr,,0,,0.00
pr,tls error tlsm_pr_recv returned 0 error 21 is a directory,,0,,0.00
pr,tnt pr,,0,,0.33
pr,to all the boys i loved before truyện file pr,,0,,0.00
pr,to write a pr article,,0,,0.00
pr,toa alta pr,,0,,0.00
pr,toa alta pr 00953-8952 united states,,0,,0.00
pr,toa pr,,0,,0.00
pr,toi pr cho pr,,0,,0.00
pr,token pr services,,0,,0.00
pr,tokimec pr 8000 autopilot manual,,0,,0.00
pr,tokyo pr woman subscene,,0,,0.00
pr,tokyo pr woman vietsub,,0,,0.00
pr,tolic pr,,0,,0.00
pr,tongue twister for pr sound,,0,,0.00
pr,tools for pr professionals,,0,,0.00
pr,top 10 fashion pr companies london,,0,,0.00
pr,top 10 pr agencies in delhi,,0,,0.00
pr,top 10 pr agencies in delhi ncr,,0,,0.00
pr,top 10 pr agencies in india,,0,,0.00
pr,top 10 pr agencies in mumbai,,0,,0.00
pr,top 10 pr agencies of india,,0,,0.00
pr,top 10 pr companies in delhi,,0,,0.00
pr,top 10 pr firms in india,,0,,0.00
pr,top 100 best pr university in us,,0,,0.00
pr,top 100 pr agencies,,0,,0.00
pr,top 20 pr agencies in india,,0,,0.00
pr,top 3 pr agency in automobile france,,0,,0.00
pr,top 5 pr firms in nigeria,,0,,0.00
pr,top 50 pr agencies,,0,,0.00
pr,top 50 pr agencies london,,0,,0.00
pr,top b2b connecticut pr agency,,0,,0.00
pr,top bài pr bất động sản đặc sắc,,0,,0.00
pr,top cannabis pr agency,,0,,0.00
pr,top communication recent pr study,,0,,0.00
pr,top crisis management pr firms,,0,,0.00
pr,top dc pr agencies,,0,,0.00
pr,top digital pr agency,,0,,0.00
pr,top digital pr firms,,0,,0.00
pr,top entertainment pr firms,,0,,0.00
pr,top food and drink pr companies london,,0,,0.00
pr,top food pr agencies,,0,,0.00
pr,top food pr agencies london,,0,,0.00
pr,top global pr agencies,,0,,0.00
pr,top healthcare pr agencies,,0,,0.00
pr,top healthcare pr agency,,0,,0.00
pr,top pr agencies australia,,0,,0.00
pr,top pr agencies bangalore,,0,,0.00
pr,top pr agencies hong kong,,0,,0.00
pr,top pr agencies in abu dhabi,,0,,0.00
pr,top pr agencies in bangalore,,0,,0.00
pr,top pr agencies in chicago,,0,,0.00
pr,top pr agencies in dubai,,0,,0.00
pr,top pr agencies in gurgaon,,0,,0.00
pr,top pr agencies in hong kong,,0,,0.00
pr,top pr agencies in india,,0,,0.00
pr,top pr agencies in miami,,0,,0.00
pr,top pr agencies in mumbai,,0,,0.00
pr,top pr agencies in nyc,,0,,0.00
pr,top pr agencies in pune,,0,,0.00
pr,top pr agencies in south africa,,0,,0.00
pr,top pr agencies in the philippines,,0,,0.00
pr,top pr agencies london,,0,,0.00
pr,top pr agencies sydney,,0,,0.00
pr,top pr agencies uk,,0,,0.00
pr,top pr agency blog,,0,,0.00
pr,top pr agency blog in dallas texas,,0,,0.00
pr,top pr agency in dallas texas,,0,,0.00
pr,top pr agency in delhi ncr,,0,,0.00
pr,top pr agency in france,,0,,0.00
pr,top pr agency in francein automobile,,0,,0.00
pr,top pr agency in vietnam,,0,,0.00
pr,top pr agency vietnam,,0,,0.00
pr,top pr campaign,,0,,0.00
pr,top pr companies in bangalore,,0,,0.00
pr,top pr companies in delhi,,0,,0.00
pr,top pr companies in gurgaon,,0,,0.00
pr,top pr companies san francisco,,0,,0.00
pr,top pr companies sydney,,0,,0.00
pr,top pr companies uk,,0,,0.00
pr,top pr firm columbus,,0,,0.00
pr,top pr firms 2016,,0,,0.00
pr,top pr firms 2017,,0,,0.00
pr,top pr firms boston,,0,,0.00
pr,top pr firms denver,,0,,0.00
pr,top pr firms in austin,,0,,0.00
pr,top pr firms in dc,,0,,0.00
pr,top pr firms in houston,,0,,0.00
pr,top pr firms in india,,0,,0.00
pr,top pr firms in mumbai,,0,,0.00
pr,top pr firms in nyc,,0,,0.00
pr,top pr firms in south florida,,0,,0.00
pr,top pr firms in the philippines,,0,,0.00
pr,top pr firms in washington dc,,0,,0.00
pr,top pr firms san diego,,0,,0.00
pr,top pr internships,,0,,0.00
pr,top pr pros,,0,,0.00
pr,top pr schools,,0,,0.00
pr,top pr websites,,0,,0.00
pr,top raleigh pr firms,,0,,0.00
pr,top spinning case in pr,,0,,0.00
pr,top tech pr agencies,,0,,0.00
pr,top tech pr companies,,0,,0.00
pr,top tech pr firms,,0,,0.00
pr,top technology pr agencies,,0,,0.00
pr,top ten pr firms,,0,,0.33
pr,top travel pr companies,,0,,0.00
pr,top travel pr companies uk,,0,,0.00
pr,top website pr 9 for blacklink,,0,,0.00
pr,top-pr-dofollow-social-bookmarking-sites-list-2016,,0,,0.00
pr,topgen pro pr,,0,,0.00
pr,toplist.vn là trang web viết các bài pr lừa đảo,,0,,0.00
pr,toro verde pr,,0,,0.00
pr,toronto pr,,0,,0.33
pr,torrent pr,,0,,0.00
pr,tot pr,,0,,0.00
pr,total biscuit sends pr on dev,,0,,0.00
pr,total pr,,0,,0.00
pr,touches in pr,,0,,0.00
pr,touhou pr,,0,,0.00
pr,tourism and leisure pr agencies melbourne,,0,,0.00
pr,tourism pr agencies melbourne,,0,,0.00
pr,tourism pr agency,,0,,0.00
pr,tous pr,,0,,0.00
pr,toổ chức event có phải là pr,,0,,0.00
pr,toổ pr gồm,,0,,0.00
pr,tp pr tc,,0,,0.00
pr,tp.pr-tc ninh thuận,,0,,0.00
pr,tphcm tuyen dung pr manager,,0,,0.00
pr,tra cứu điểm pr của website,,0,,0.00
pr,trabalhe conosco puc pr,,0,,0.00
pr,trabalho em curitiba pr,,0,,0.00
pr,tracer 900 pr,,0,,0.00
pr,tracking call out pr,,0,,0.00
pr,tracking in pr,,0,,0.00
pr,trackwise pr definition,,0,,0.00
pr,trade show of the caribbean san juan pr,,0,,0.00
pr,trai nghiem của một nhân viên trong ngành pr agency,,0,,0.00
pr,train de nuit hanoi lao cai pr,,0,,0.00
pr,tramydo pr,,0,,0.00
pr,trang bị cần thiết cho pr,,0,,0.00
pr,trang edu gv pr cao cập nhật 2016,,0,,0.00
pr,trang pr seo ẩm thực,,0,,0.00
pr,trang pr va trang quảng cáo,,0,,0.00
pr,trang pr ẩm thực,,0,,0.00
pr,trang rao vặt có pr cao,,0,,0.00
pr,trang web pr cao,,0,,0.00
pr,trang web ve pg pr,,0,,0.00
pr,trang đơn pr là gì,,0,,0.00
pr,tranh bá thiên hạ pr c,,0,,0.00
pr,tranquoctuan pr gmail.com,,0,,0.00
pr,transform pr,,0,,0.00
pr,transition effects pr cs6,,0,,0.00
pr,transition lóe sáng pr,,0,,0.00
pr,translate pr,,0,,0.00
pr,transmotion for pr cc 2015,,0,,0.00
pr,transport industry pr,,0,,0.00
pr,transport pr,,0,,0.00
pr,transport pr agency,,0,,0.00
pr,transport pr agency uk,,0,,0.00
pr,transport pr uk,,0,,0.00
pr,trao đổi backlink với website có pr cao,,0,,0.00
pr,tratores usados pr,,0,,0.00
pr,traval pr agency,,0,,0.00
pr,travel and tourism pr,,0,,0.00
pr,travel and tourism pr case studies,,0,,0.00
pr,travel digital pr,,0,,0.00
pr,travel industry pr,,0,,0.00
pr,travel industry pr agencies,,0,,0.00
pr,travel industry pr agency,,0,,0.00
pr,travel industry pr firm,,0,,0.00
pr,travel industry pr firms,,0,,0.00
pr,travel online pr,,0,,0.00
pr,travel pr,,0,,0.00
pr,travel pr agencies london,,0,,0.00
pr,travel pr agencies nyc,,0,,0.00
pr,travel pr agency,,0,,0.00
pr,travel pr agency australia,,0,,0.00
pr,travel pr agency in asia,,0,,0.00
pr,travel pr agency leeds,,0,,0.00
pr,travel pr agency melbourne,,0,,0.00
pr,travel pr agency new york,,0,,0.00
pr,travel pr agency norfolk,,0,,0.00
pr,travel pr agency oxford,,0,,0.00
pr,travel pr agency san francisco,,0,,0.00
pr,travel pr agency singapore,,0,,0.00
pr,travel pr agency sydney,,0,,0.00
pr,travel pr agency uk,,0,,0.00
pr,travel pr companies,,0,,0.00
pr,travel pr companies london,,0,,0.00
pr,travel pr companies uk,,0,,0.00
pr,travel pr consultants,,0,,0.00
pr,travel pr firms,,0,,0.00
pr,travel pr firms nyc,,0,,0.00
pr,travel pr london,,0,,0.00
pr,travel pr services,,0,,0.00
pr,travel pr uk,,0,,0.00
pr,travel to us while being a canadian pr,,0,,0.00
pr,travel tourism pr,,0,,0.00
pr,triggerfish pr,,0,,0.00
pr,trong facebook pr là gì,,0,,0.00
pr,trove 25k pr,,0,,0.00
pr,trump pr team,,0,,0.00
pr,truyen vo thuong sat than pr,,0,,0.00
pr,truyeền thông nội bộ và pr có giống nhau không,,0,,0.00
pr,truyền thông là pr,,0,,0.00
pr,truyền thông pr là gì,,0,,0.00
pr,truyền thông và pr,,0,,0.00
pr,trào lưu pr,,0,,0.00
pr,trào lưu pr trên facebook,,0,,0.00
pr,trách nhiệm xã hội của tổ chức trong pr,,0,,0.00
pr,trâm anh cùng ekip pr,,0,,0.00
pr,træterrasse pris pr kvm,,0,,0.00
pr,træterrasse pris pr m2,,0,,0.00
pr,trình bày các công cụ của pr,,0,,0.00
pr,trình bày khái niệm pr,,0,,0.00
pr,trøffel pris pr gram,,0,,0.00
pr,tră c nghiê m adn va arn va pr,,0,,0.00
pr,trường cao đẳng về pr,,0,,0.00
pr,trường doanh nhân pr future,,0,,0.00
pr,trường doanh nhân pr future thầy lê thẩm dương,,0,,0.00
pr,trường về pr,,0,,0.00
pr,trường đại học về pr,,0,,0.00
pr,trường đạo hojc về pr,,0,,0.00
pr,trường đạohojc về pr,,0,,0.00
pr,trưởng bộ phận nội dung và pr,,0,,0.00
pr,trưởng nhóm pr marketing công ty vũ trụ la,,0,,0.00
pr,trưởng phòng pr,,0,,0.00
pr,trưởng phòng pr bitexco,,0,,0.00
pr,trưởng phòng pr marketing,,0,,0.00
pr,trưởng phòng pr tiếng anh là,,0,,0.00
pr,trọn bộ ps pr,,0,,0.00
pr,trống rung trong pr,,0,,0.00
pr,trở lại trong tiếng anh pr,,0,,0.00
pr,trợ lý pr hình ảnh,,0,,0.00
pr,tss to pr,,0,,0.00
pr,tu apply pr australia,,0,,0.00
pr,tu tieng anh pr day du la gi,,0,,0.00
pr,tu vung tieng anh chu de pr,,0,,0.00
pr,tu vung tieng anh chuyen nganh pr,,0,,0.00
pr,tua ngược video pr,,0,,0.00
pr,turbine hp ip differential expansion sensor pr 6423,,0,,0.00
pr,turbine hp&ip differential expansion sensor pr 6423,,0,,0.00
pr,turkish pr agencies,,0,,0.00
pr,turner pr,,0,,0.33
pr,turner pr denver,,0,,0.00
pr,tus hay kêu gọi pr,,0,,0.00
pr,tus pr cho bạn bè,,0,,0.00
pr,tus pr chất,,0,,0.00
pr,tus pr fb hay,,0,,0.00
pr,tus pr hay facebook,,0,,0.00
pr,tuss để pr hộ bạn hay nhất,,0,,0.00
pr,tuxedo pr,,0,,0.00
pr,tuyen dung nhan vien pr eco,,0,,0.00
pr,tuyen dung pr manager and retail,,0,,0.00
pr,tuyen dung vị tri pr executive,,0,,0.00
pr,tuyen dungj yakult pr va khoa hoc,,0,,0.00
pr,tuyen nhan vien marketing pr,,0,,0.00
pr,tuyen nhan vien pr bai viet,,0,,0.00
pr,tuyen pr cho gameshow,,0,,0.00
pr,tuyen pr karaoke tphcm,,0,,0.00
pr,tuyen pr nam quan bar,,0,,0.00
pr,tuyen pr nha hang cao cap,,0,,0.00
pr,tuyet the vo than pr,,0,,0.00
pr,tuyeển dụng nhân viên pr,,0,,0.00
pr,tuyê n du ng pr planner,,0,,0.00
pr,tuyên bố mexico về pr,,0,,0.00
pr,tuyến dụng pr film,,0,,0.00
pr,tuyển chuyên viên truyền thông pr,,0,,0.00
pr,tuyển content pr,,0,,0.00
pr,tuyển ctv viết bài pr,,0,,0.00
pr,tuyển ctv viết bài pr báo chí,,0,,0.00
pr,tuyển cộng tác viên viết bài pr,,0,,0.00
pr,tuyển dung pr,,0,,0.00
pr,tuyển dụng nhân viên pr phụ trách website,,0,,0.00
pr,tuyển dụng nhân viên pr tập đoàn,,0,,0.00
pr,tuyển dụng pr film,,0,,0.00
pr,tuyển dụng pr film part time,,0,,0.00
pr,tuyển dụng pr manager tphcm,,0,,0.00
pr,tuyển dụng pr marketing bee logistics,,0,,0.00
pr,tuyển dụng pr phim,,0,,0.00
pr,tuyển dụng pr science,,0,,0.00
pr,tuyển dụng pr trá hình,,0,,0.00
pr,tuyển freelancer pr,,0,,0.00
pr,tuyển freelancer pr đà nẵng,,0,,0.00
pr,tuyển người viết bài pr,,0,,0.00
pr,tuyển nhâ viên content pr tại thành phố hcm,,0,,0.00
pr,tuyển nhân sự pr,,0,,0.00
pr,tuyển nhân viên content pr tại tphcm,,0,,0.00
pr,tuyển nhân viên pr công ty nutifood,,0,,0.00
pr,tuyển nhân viên pr công ty th,,0,,0.00
pr,tuyển nhân viên pr công ty th true milk,,0,,0.00
pr,tuyển nhân viên pr marketing bee logistics,,0,,0.00
pr,tuyển nhân viên pr marketing hải phòng,,0,,0.00
pr,tuyển nhân viên pr nội bộ,,0,,0.00
pr,tuyển nhân viên pr nội bộ tại tphcm,,0,,0.00
pr,tuyển nhân viên pr siêu thị,,0,,0.00
pr,tuyển nhân viên pr th,,0,,0.00
pr,tuyển nhân viên pr truyền thông,,0,,0.00
pr,tuyển nhân viên pr viết bài website,,0,,0.00
pr,tuyển nhân viên pr&digital,,0,,0.00
pr,tuyển nhân viên truyền thông pr biên tập,,0,,0.00
pr,tuyển pr & marketing bank,,0,,0.00
pr,tuyển pr digital,,0,,0.00
pr,tuyển pr emasi,,0,,0.00
pr,tuyển pr freelancer,,0,,0.00
pr,tuyển pr intern,,0,,0.00
pr,tuyển pr karaoke tại hà nội,,0,,0.00
pr,tuyển pr marketing lương 20 triệu,,0,,0.00
pr,tuyển pr nội bộ,,0,,0.00
pr,tuyển pr phòng trà tp hcm,,0,,0.00
pr,tuyển pr quán bar,,0,,0.00
pr,tuyển pr quán karaoke,,0,,0.00
pr,tuyển pr reneisane,,0,,0.00
pr,tuyển pr sân gofl tân sơn nhất,,0,,0.00
pr,tuyển pr đà nẵng,,0,,0.00
pr,tuyển sinh viên thực tập ngành pr,,0,,0.00
pr,tuyển viết bài pr agency,,0,,0.00
pr,tuyển viết bài pr đăng báo,,0,,0.00
pr,tvc có phải là pr k,,0,,0.00
pr,tvc có phải là pr không,,0,,0.00
pr,twist trong pr,,0,,0.00
pr,twitter pr agency,,0,,0.00
pr,two way flow in pr,,0,,0.00
pr,type of pr in sap,,0,,0.00
pr,types of digital pr strategies,,0,,0.00
pr,types of pr activities,,0,,0.00
pr,tài liệu dạy pr,,0,,0.00
pr,tài liệu pr fb,,0,,0.00
pr,tài pr,,0,,0.00
pr,tài trợ pr,,0,,0.00
pr,tác dụng của pr,,0,,0.00
pr,tác dụng ph lên pr,,0,,0.00
pr,tác dụng sequence trong pr,,0,,0.00
pr,tách lời thoại trong adobe pr,,0,,0.00
pr,tách lời thoại trong pr,,0,,0.00
pr,tách người trong video trên pr,,0,,0.00
pr,tên gọi pr,,0,,0.00
pr,tìm hiểu quy trình sản xuất pr,,0,,0.00
pr,tìm người viết bài pr,,0,,0.00
pr,tìm người viết bài pr fb,,0,,0.00
pr,tìm từ khóa trên bài viết pr onliine,,0,,0.00
pr,tìm từ khóa trên bài viết pr online,,0,,0.00
pr,tìm việc làm pr tại tphcm,,0,,0.00
pr,tìm việc làm sale pr,,0,,0.00
pr,tìm việc làm viết bài pr,,0,,0.00
pr,tìm việc phụ trách pr tại hải dương,,0,,0.00
pr,tình huống pr là gì,,0,,0.00
pr,tính chất pr,,0,,0.00
pr,tính chất pr la gi,,0,,0.00
pr,tính khách quan trong hoạt động pr,,0,,0.00
pr,tính điểm nộp pr adelaide,,0,,0.00
pr,tô inox pr-hecb2,,0,,0.00
pr,tôi pr,,0,,0.00
pr,tôi pr cho tôi,,0,,0.00
pr,tôkyô pr woman,,0,,0.00
pr,tông đơ pritech pr-1270,,0,,0.00
pr,tông đơ pritech pr-999,,0,,0.00
pr,tùng dương tự pr cho mình,,0,,0.00
pr,túi rác nhựa pr,,0,,0.00
pr,tăng dr pr seo,,0,,0.00
pr,tăng kali máu đo ecg thấy đoạn pr kéo dài,,0,,0.00
pr,tăng phô pentaray pr-eb128,,0,,0.00
pr,tăng phô pentaray pr-eb228,,0,,0.00
pr,tăng voical trong pr,,0,,0.00
pr,tư dong save trong pr,,0,,0.00
pr,tư pr,,0,,0.00
pr,tương tác pr là gì,,0,,0.00
pr,tại sao nói pr là một quá trình,,0,,0.00
pr,tại sao pr bêcơn là đại biểu của cndvsh,,0,,0.00
pr,tại sao pr lại quan trọng,,0,,0.00
pr,tạo chạy chữ pr,,0,,0.00
pr,tạo chữ mở màn pr,,0,,0.00
pr,tạo code pr,,0,,0.00
pr,tạo hiệu ứng chữ doi mau trong pr,,0,,0.00
pr,tạo hiệu ứng dồn hình ảnh thành chữ trong pr,,0,,0.00
pr,tạo link pr 10,,0,,0.00
pr,tạo nền động pr,,0,,0.00
pr,tạo po pr thnah toán là gì,,0,,0.00
pr,tạo pr trên sap,,0,,0.00
pr,tạo question yes pr no form trong reactjs,,0,,0.00
pr,tạo title trong adobe premiere pr cc 2015,,0,,0.00
pr,tạo typo chữ bằng pr,,0,,0.00
pr,tạo usb boot bằng aoimei pr,,0,,0.00
pr,tạo video karaoke tren pr,,0,,0.00
pr,tạo video time lapse pr,,0,,0.00
pr,tạo video time lapse trong pr cc,,0,,0.00
pr,tạo viền video pr 2018,,0,,0.00
pr,tạo đường chuyển động cho ảnh trong pr,,0,,0.00
pr,tải adobe pr cc cho osx,,0,,0.00
pr,tải bộ chuyển cảnh pr,,0,,0.00
pr,tải bộ chuyển động của pr,,0,,0.00
pr,tải crack pr cc 2018,,0,,0.00
pr,tải fone tiếng việt đẹp cho pr,,0,,0.00
pr,tải game thiện nữ quét pr,,0,,0.00
pr,tải magic bullet pr cc 2015,,0,,0.00
pr,tải newblue transitions pr 2015,,0,,0.00
pr,tải nhạc pr,,0,,0.00
pr,tải phần mềm chỉnh sửa video pr,,0,,0.00
pr,tải phần mềm pr adobe premiere,,0,,0.00
pr,tải phần mềm pr master,,0,,0.00
pr,tải pr 2018 cc,,0,,0.00
pr,tải pr adobe,,0,,0.00
pr,tải pr adobe 2019,,0,,0.00
pr,tải pr cc,,0,,0.00
pr,tải pr cc 2018 full crack,,0,,0.00
pr,tải pr cc mac,,0,,0.00
pr,tải pr cc mac 2015,,0,,0.00
pr,tải pr cc mac2015,,0,,0.00
pr,tải pr cs6 khong can cai dat,,0,,0.00
pr,tải pr cs6 không cần cài đặt,,0,,0.00
pr,tải pr cs6 portable 64bit,,0,,0.00
pr,tải pr cách tảu,,0,,0.00
pr,tải pr free,,0,,0.00
pr,tải pr làm video,,0,,0.00
pr,tải pr phốthop,,0,,0.00
pr,tải pr portable,,0,,0.00
pr,tải pr về máy,,0,,0.00
pr,tải transition zoom in pr,,0,,0.00
pr,tải và crack ae và pr 2018,,0,,0.00
pr,tải và crack pr 2018,,0,,0.00
pr,tải và crack pr 2019,,0,,0.00
pr,tầm quan trọng của pr,,0,,0.00
pr,tầm quan trọng của pr nội bộ,,0,,0.00
pr,tầm quan trọng của pr plan,,0,,0.00
pr,tầm quan trọng của pr với doanh nghiệp nước nggoaif,,0,,0.00
pr,tầm quan trọng của pr với doanh nghiệp nước ngoài,,0,,0.00
pr,tần số quét màn mình surface pr,,0,,0.00
pr,tẩy hình trên pr,,0,,0.00
pr,tận dụng truyền thông đối thủ để pr,,0,,0.00
pr,tập hợp các bài viết hay về pr,,0,,0.00
pr,tập phim pr là gì,,0,,0.00
pr,tập đoàn hoa sao tuyển chuyên viên marketing pr,,0,,0.00
pr,tập đoàn pr là gì,,0,,0.00
pr,tập đoàn vạn thịnh phát tuyển chuyên viên pr,,0,,0.00
pr,tắt cortana trên win 10 pr,,0,,0.00
pr,tắt cập nhật phần mềm samsung j7 pr,,0,,0.00
pr,tắt drum trong pr,,0,,0.00
pr,tắt video với âm thanh aodio pr,,0,,0.00
pr,tắt video với âm thanh audio pr,,0,,0.00
pr,tặng bộ hộp thủy tinh pr-ws3,,0,,0.00
pr,tế bào pr-bk,,0,,0.00
pr,tỉ lệ hiệu suất pr,,0,,0.00
pr,tỉ lệ hiệu suất pr điện mặt trời,,0,,0.00
pr,tổ chức sự kiện công việc của nhân viên pr,,0,,0.00
pr,tổ chức sự kiện trong pr,,0,,0.00
pr,tổng hợp các công ty pr,,0,,0.00
pr,tổng hợp các gói pr,,0,,0.00
pr,tổng hợp pr,,0,,0.00
pr,tổng lợi nhuận pr,,0,,0.00
pr,tổng quan khái niệm về ngành pr,,0,,0.00
pr,tổng quan về pr chương 2 tiến trình pr,,0,,0.00
pr,tổng quan về pr tiến trình pr,,0,,0.00
pr,tổng quát về ngành pr,,0,,0.00
pr,tờ rơi pr nước giải khát,,0,,0.00
pr,từ khóa seo cho bài pr,,0,,0.00
pr,từ pr,,0,,0.00
pr,từ pr vào quốc tịch úc phải ở bao lâu,,0,,0.00
pr,từ viết tắt am và pr trong đo loãng xương,,0,,0.00
pr,từ viết tắt pr nghĩa là gì,,0,,0.00
pr,tự làm đế tản nhiệt mac pr,,0,,0.00
pr,tự pr,,0,,0.00
pr,tự pr bản thân phù hợp với ngành sơn,,0,,0.00
pr,tự pr trên cfs,,0,,0.00
pr,u 2 pr qx uđm,,0,,0.00
pr,u.pr là gì,,0,,0.00
pr,u23 china pr,,0,,0.00
pr,uab urock savanoriu pr 192-501 kaunas 44151,,0,,0.00
pr,uber pr,,0,,0.00
pr,ubnd thành phố pr tc,,0,,0.00
pr,udregn salgspris og kostpris pr. kuvert,,0,,0.00
pr,udregning af kwh forbrug pr år,,0,,0.00
pr,ufficio stampa e pr,,0,,0.00
pr,uk aviation pr agency,,0,,0.00
pr,uk pr firms,,0,,0.00
pr,uk tech pr agency,,0,,0.00
pr,uk transport pr,,0,,0.00
pr,uk transport pr agency,,0,,0.00
pr,ukoeo pr 10,,0,,0.00
pr,ul pr,,0,,0.00
pr,ultimate pr,,0,,0.00
pr,umkd6v-15-3 pr assignment,,0,,0.00
pr,un massage pr jour,,0,,0.00
pr,unbrick xiaomi note 5 pr,,0,,0.00
pr,unconditional pr canada,,0,,0.00
pr,unconditional pr card us,,0,,0.00
pr,unconvential pr,,0,,0.00
pr,undefined method image_pr_content_type,,0,,0.00
pr,underground rivals pr,,0,,0.00
pr,underground rivals pr site www.reddit.com,,0,,0.00
pr,understand technology advantage pr,,0,,0.00
pr,ung dung kiem tra pr,,0,,0.00
pr,ung thu vu er+ her2 2+ pr+,,0,,0.00
pr,ung thu vu er+ her2 2+ pr+ k167,,0,,0.00
pr,ung thu vu er+ her2 2+ pr+ ki67,,0,,0.00
pr,ung thu vu er+ pr+ her2,,0,,0.00
pr,unha dura pr,,0,,0.00
pr,uni5 pr,,0,,0.00
pr,unica kĩ thuật viết bài pr quảng cáo,,0,,0.00
pr,unit 5 pr,,0,,0.00
pr,unit5 pr,,0,,0.00
pr,united airlines pr disaster,,0,,0.00
pr,united pr disaster,,0,,0.00
pr,university of british columbia application for pr students,,0,,0.00
pr,unlimited pr,,0,,0.00
pr,unops pr,,0,,0.00
pr,unsolved pr,,0,,0.00
pr,uopeccan cascavel pr,,0,,0.00
pr,update new address after getting canada pr card,,0,,0.00
pr,update new passport to ica singapore for pr,,0,,0.00
pr,upload image to pr github,,0,,0.00
pr,uranium pr,,0,,0.00
pr,urb el vivero calle 6 g-8 gurabo pr,,0,,0.00
pr,urb san augusto calle b e-1 guayanilla pr 00656,,0,,0.00
pr,urb san augusto calle b e1 guayanilla pr 00656,,0,,0.00
pr,urbanizacion villa milagro calle marginal 61 yauco pr 00698,,0,,0.00
pr,us dc pr,,0,,0.00
pr,us protectorates pr,,0,,0.00
pr,us visa for australian pr,,0,,0.00
pr,usa pr visa,,0,,0.00
pr,usb to lan cho macbook air pr,,0,,0.00
pr,use famous person to pr product,,0,,0.00
pr,used to pr singapore,,0,,0.00
pr,usina eólica palmas pr,,0,,0.00
pr,uv plus anti-pollution spf 50 neutral t clarins special pr,,0,,0.00
pr,uwe pr coursework,,0,,0.00
pr,uwe pr courswork,,0,,0.00
pr,uyên su pr 16t sau khi mua iphone xong 20150319,,0,,0.00
pr,v.krėvės pr 97 lt 50369 kaunas,,0,,0.00
pr,vacature pr,,0,,0.00
pr,vagas de emprego curitiba pr,,0,,0.00
pr,vagas de emprego em cianorte pr,,0,,0.00
pr,vagas de emprego em medianeira pr,,0,,0.00
pr,vagas de emprego em palmeira pr,,0,,0.00
pr,vai tro cua cac thanh phan trong phan ung pr,,0,,0.00
pr,vai tro của booking pr bao dien tu,,0,,0.00
pr,vai tro của pr bao dien tu,,0,,0.00
pr,vai tro pr trong ung thu vu,,0,,0.00
pr,vai trò của internet với pr,,0,,0.00
pr,vai trò của mạng xã hội trong pr,,0,,0.00
pr,vai trò của người làm pr,,0,,0.00
pr,vai trò của pr học viện tài chính,,0,,0.00
pr,vai trò của pr quan hệ công chúng,,0,,0.00
pr,vai trò của pr trong chính phủ,,0,,0.00
pr,vai trò của pr trong marketing,,0,,0.00
pr,vai trò của pr trong xây dựng thương hiệu,,0,,0.00
pr,vai trò của pr đối với gucci,,0,,0.00
pr,vai trò của pr đối với marketing,,0,,0.00
pr,vai trò của youtube trong pr,,0,,0.00
pr,vai trò của ấn phẩm trong chiến lược pr,,0,,0.00
pr,vai trò kỹ năng viết cho pr,,0,,0.00
pr,vai trò pr đối với doah nghiệp oppo,,0,,0.00
pr,vai trò pr đối với xây dựng thương hiệu,,0,,0.00
pr,vai trò quảng cáo và pr,,0,,0.00
pr,valentine creative pr campaign,,0,,0.00
pr,valentine pr campaign,,0,,0.00
pr,validate all pr,,0,,0.00
pr,validate with pr,,0,,0.00
pr,van vqz115r-5m1-c6-pr-q,,0,,0.00
pr,vancouver pr,,0,,0.00
pr,vannmengde pr minutt,,0,,0.00
pr,vapvip.pr,,0,,0.00
pr,vapza alimentos castro pr,,0,,0.00
pr,varela imoveis castro pr,,0,,0.00
pr,variable pr set but not used,,0,,0.00
pr,varmefolie pris pr kvm,,0,,0.00
pr,varmekabler watt pr kvm,,0,,0.00
pr,vc pr,,0,,0.00
pr,vcd lipstick pr,,0,,0.00
pr,ve pr la gi,,0,,0.00
pr,venta de carros en pr,,0,,0.00
pr,vente pr,,0,,0.00
pr,ventricular cycle pr short,,0,,0.00
pr,venues for pr events in sydney,,0,,0.00
pr,venus a pr pvc60 al45 ny25 silver silver 125mm,,0,,0.00
pr,vero pr vietnam,,0,,0.00
pr,vet pr,,0,,0.00
pr,vet pr and marketing,,0,,0.00
pr,veteran pr site glassdoor.com,,0,,0.00
pr,veteran pr site owler.com,,0,,0.00
pr,veterinary pr,,0,,0.00
pr,vhttps emin.vn kimoco110-may-o-khi-co-kimo-co110-0-500-ppm-20-80c-10260 pr.html,,0,,0.00
pr,vi sao pr cần xác định công chúng,,0,,0.00
pr,viat lieu lọc sutrat pr,,0,,0.00
pr,video in pr,,0,,0.00
pr,video in pr article,,0,,0.00
pr,video in pr new,,0,,0.00
pr,video in pr news,,0,,0.00
pr,video pr agency,,0,,0.00
pr,video pr anh luyện,,0,,0.00
pr,video pr case studies,,0,,0.00
pr,video pr rpox,,0,,0.00
pr,video pr services,,0,,0.00
pr,video sóng âm thanh bằng pr,,0,,0.00
pr,video sử dụng cho pr,,0,,0.00
pr,video xuâ t ra tư pr bi gâitj,,0,,0.00
pr,video xuââ t ra bi giâ t trong pr cc,,0,,0.00
pr,video y pb pr,,0,,0.00
pr,videohive broadcast hand package essential graphics mogrt 22386922 premiere pr,,0,,0.00
pr,viet bai pr bao thanh nien,,0,,0.00
pr,viet bai pr bao thanh nien da nang,,0,,0.00
pr,viet bai pr san pham,,0,,0.00
pr,viet bai pr san pham điên thoại,,0,,0.00
pr,viet bai pr san pham điên tu,,0,,0.00
pr,viet nam hieu hoc tuyen pr,,0,,0.00
pr,viet tat cua pr,,0,,0.00
pr,viet tat cua tu pr,,0,,0.00
pr,vietbai pr quang cao,,0,,0.00
pr,vietjet air tuyển dụng chuyên viên pr,,0,,0.00
pr,vietjet pr,,0,,0.00
pr,vietjet pr re tiê n u23,,0,,0.00
pr,vietjet tuyển dụng nhân viên pr,,0,,0.00
pr,vietnamese old pr,,0,,0.00
pr,vietnamese old pr style,,0,,0.00
pr,vietnamese personal pr,,0,,0.00
pr,vietnamese propaganda pr,,0,,0.00
pr,vietnamnews báo giá pr online,,0,,0.00
pr,vietnamnews báo giá pr online 2017,,0,,0.00
pr,vietnamnews báo giá pr online 2018,,0,,0.00
pr,vietnamwork takashimaya pr,,0,,0.00
pr,vietnamworks pr executive ama,,0,,0.00
pr,vietnamworks pr tinypulse,,0,,0.00
pr,vieế bài pr theo cong thức strings,,0,,0.00
pr,vieết bài pr cho khách sạn,,0,,0.00
pr,vieết bài pr sao cho thu hút,,0,,0.00
pr,vieết bài pr tại nhà,,0,,0.00
pr,vieền khung chữ trong pr,,0,,0.00
pr,vieệc làm thêm tiếp thị quảng cáo pr online,,0,,0.00
pr,vignette pr,,0,,0.00
pr,vii du minh ho a vê pr,,0,,0.00
pr,vila nova go vs londrina pr trực tiếp,,0,,0.00
pr,villa carolina 115-30 calle 76 pr,,0,,0.00
pr,villa carolina carolina pr 00985,,0,,0.00
pr,villalba pr,,0,,0.00
pr,vilnius spa gedimino pr,,0,,0.00
pr,vim and vigour pr,,0,,0.00
pr,vim and vigour pr singapore,,0,,0.00
pr,vin tuyển dụng chuyên viên pr,,0,,0.00
pr,vinacafe pr,,0,,0.00
pr,vinamilk pr 40 năm,,0,,0.00
pr,vinamilk pr 40 năm event,,0,,0.00
pr,vinamilk ưu điểm của chiến dịch pr,,0,,0.00
pr,vinhome kế hoạch pr mẫu,,0,,0.00
pr,vinpearl condotel pr,,0,,0.00
pr,vinschool tuyển dụng nhân viên pr,,0,,0.00
pr,vip pet shop são josé dos pinhais pr,,0,,0.00
pr,viral pr campaigns,,0,,0.00
pr,viramix pr,,0,,0.00
pr,virgo healthcare pr,,0,,0.00
pr,virtual pr,,0,,0.00
pr,virtus pr ocsgp,,0,,0.00
pr,visa 187 meant holder will have pr,,0,,0.00
pr,visa 187 pr aus,,0,,0.00
pr,visa 457 bao lau thi xin duoc pr uc,,0,,0.00
pr,visa 457 vs to pr,,0,,0.00
pr,visa 482 pathway to pr,,0,,0.00
pr,visa 482 short term muốn lấy pr,,0,,0.00
pr,visa 500 to pr,,0,,0.00
pr,visa canada diện pr,,0,,0.00
pr,visual studio 2015 pr,,0,,0.00
pr,visual studio bị mất phần web ở pr,,0,,0.00
pr,vitamins are substances required for the pr,,0,,0.00
pr,vitoria ba londrina pr,,0,,0.00
pr,vivo f15 so sanh f11 pr,,0,,0.00
pr,viê t pr cho clb,,0,,0.00
pr,viì sao pr ko được để scan bar code,,0,,0.00
pr,vií dụ chiến dịch pr báo chí,,0,,0.00
pr,vií dụ của pr nội bộ,,0,,0.00
pr,vií dụ của pr đối với doanh nghiệp,,0,,0.00
pr,vií dụ về làm 1 đề pr,,0,,0.00
pr,vií dụ về pr báo chí,,0,,0.00
pr,viết bfi pr cho khách sạn,,0,,0.00
pr,viết bài pr bao nhiêu tiền 1 bài,,0,,0.00
pr,viết bài pr chia sẻ lên các diễn đàn,,0,,0.00
pr,viết bài pr cho cảng biển,,0,,0.00
pr,viết bài pr cho phụ gia ngành giấy,,0,,0.00
pr,viết bài pr cho studio cưới,,0,,0.00
pr,viết bài pr cho thương hiệu cho doanh nghiệp,,0,,0.00
pr,viết bài pr cho thương hiệu công ty con,,0,,0.00
pr,viết bài pr cho thương hiệu giày nike,,0,,0.00
pr,viết bài pr công ty,,0,,0.00
pr,viết bài pr công ty honda,,0,,0.00
pr,viết bài pr công ty với 200 từ,,0,,0.00
pr,viết bài pr doanh nghiệp,,0,,0.00
pr,viết bài pr editorial là gì,,0,,0.00
pr,viết bài pr facebook,,0,,0.33
pr,viết bài pr first sight,,0,,0.00
pr,viết bài pr hiệu quả,,0,,0.00
pr,viết bài pr la gì,,0,,0.00
pr,viết bài pr món ăn cho người mới bắt đầu,,0,,0.00
pr,viết bài pr nghĩa là gì,,0,,0.00
pr,viết bài pr sản phẩm kiếm tiền,,0,,0.00
pr,viết bài pr sản phẩm mới,,0,,0.00
pr,viết bài pr sản phẩm thu hút khách hàng,,0,,0.00
pr,viết bài pr sản phẩm trên facebook,,0,,0.00
pr,viết bài pr thuê,,0,,0.00
pr,viết bài pr toeic,,0,,0.00
pr,viết bài pr trên báo cafef,,0,,0.00
pr,viết bài pr và seo,,0,,0.00
pr,viết bài pr về món nga,,0,,0.00
pr,viết bài pr về địa điểm tổ chức,,0,,0.00
pr,viết bài pr zalo,,0,,0.00
pr,viết bài pr đăng báo,,0,,0.00
pr,viết bài quảng pr cho phân bón,,0,,0.00
pr,viết email pr sản phẩm,,0,,0.00
pr,viết kết bài pr,,0,,0.00
pr,viết pr bản thân tiếng nhật,,0,,0.00
pr,viết pr hay,,0,,0.00
pr,viết pr hình ảnh đồ uống,,0,,0.00
pr,viết pr là gì,,0,,0.00
pr,viết pr nhà hàng 8 3,,0,,0.00
pr,viết pr ở đâu,,0,,0.00
pr,viết stt pr về cuộc thi hay,,0,,0.00
pr,viết stt pr về cuộc thi ý nghĩa,,0,,0.00
pr,viết tắc chữ pr,,0,,0.00
pr,viết tắc pr là gì,,0,,0.00
pr,viết tắt của chữ pr,,0,,0.00
pr,viết tắt của chữ pr trong tiếng anh,,0,,0.00
pr,viết tắt là pr trong đo loãng xương,,0,,0.00
pr,viết tắt từ pr,,0,,0.00
pr,việc công ty pr,,0,,0.00
pr,việc làm freelancer pr,,0,,0.00
pr,việc làm nhân viên pr,,0,,0.00
pr,việc làm nhân viên pr chp gạp chí thời trang,,0,,0.00
pr,việc làm pr bán thời gian,,0,,0.00
pr,việc làm pr film,,0,,0.00
pr,việc làm pr manager tại tp.hcm,,0,,0.00
pr,việc làm pr marketing tại tp.hcm,,0,,0.00
pr,việc làm pr marketing đà nẵng,,0,,0.00
pr,việc làm pr part time,,0,,0.00
pr,việc làm saigon pr,,0,,0.00
pr,việc làm saigon pr saigontourist,,0,,0.00
pr,việc làm saiom pr,,0,,0.00
pr,việc làm trưởng bộ phận pr tại tp.hcm,,0,,0.00
pr,việc pr film,,0,,0.00
pr,vmed group tuyển dụng pr manager,,0,,0.00
pr,vmed tuyển dụng pr manager,,0,,0.00
pr,vn e pr s s,,0,,0.00
pr,vnexpress bao gia pr 2018,,0,,0.00
pr,vnexpress bảng giá pr,,0,,0.00
pr,vnexpress pr giá,,0,,0.00
pr,vocus pr,,0,,0.00
pr,voetbal pr,,0,,0.00
pr,voip pr,,0,,0.00
pr,volam pr,,0,,0.00
pr,volk pr,,0,,0.00
pr,volunteer in pr team,,0,,0.00
pr,volunteer in pr team duties,,0,,0.00
pr,vox pr,,0,,0.00
pr,vp pr poker,,0,,0.00
pr,vqz115-5lo1-c4-pr,,0,,0.00
pr,vqz115r-5m1-c6-pr-q,,0,,0.00
pr,vs9057-pr,,0,,0.00
pr,vtc game tuyển dụng thực tập sinh pr marketing 2017,,0,,0.00
pr,vtm group dang bai pr,,0,,0.00
pr,vu khi mo phong pr,,0,,0.00
pr,vua pr,,0,,0.00
pr,vua pr trong ddtanker,,0,,0.00
pr,vuốt key trong pr,,0,,0.00
pr,vw pr codes,,0,,0.00
pr,vymo funding pr newswire,,0,,0.00
pr,vào chế độ recovery macbook pr,,0,,0.00
pr,ván cờ trao thân trên javhd pr,,0,,0.00
pr,váy pr đẹp,,0,,0.00
pr,vân top pr,,0,,0.00
pr,vé pr là j trên facebook,,0,,0.00
pr,vé pr nghĩa là gì trên facebook,,0,,0.00
pr,vé pr trong facebook là gì,,0,,0.00
pr,vé pr trên facebook là gì,,0,,0.00
pr,vé pr vs là gì,,0,,0.00
pr,vé xe sg vè pr,,0,,0.00
pr,vì sao doanh nghiệp không cần pr,,0,,0.00
pr,vì sao ngày nay doanh nghiệp cần làm pr,,0,,0.00
pr,vì sao pr cần xác định công chúng,,0,,0.00
pr,ví dụ bài pr,,0,,0.00
pr,ví dụ các bài pr về món nga,,0,,0.00
pr,ví dụ các công cụ pr,,0,,0.00
pr,ví dụ các công thức viết bài pr,,0,,0.00
pr,ví dụ các công thức viết bài pr facebook,,0,,0.00
pr,ví dụ công thức strings pr,,0,,0.00
pr,ví dụ pr campaige,,0,,0.00
pr,ví dụ pr campaign,,0,,0.00
pr,ví dụ thực tiễn pr trong báo chí,,0,,0.00
pr,ví dụ tuyên truyền pr trong du lịch,,0,,0.00
pr,ví dụ tài trợ pr,,0,,0.00
pr,ví dụ tài trợ pr thất bại,,0,,0.00
pr,ví dụ vai trò của pr trong kinh doanh,,0,,0.00
pr,ví dụ ve sự khác nhau giữa pr và marketing,,0,,0.00
pr,ví dụ về các hoạt động pr,,0,,0.00
pr,ví dụ về công thức pr aida,,0,,0.00
pr,ví dụ về một kế hoạch pr,,0,,0.00
pr,ví dụ về một kế hoạch pr pdf,,0,,0.00
pr,ví dụ về pr in house,,0,,0.00
pr,ví dụ về pr in-house,,0,,0.00
pr,ví dụ về quản cáo và pr,,0,,0.00
pr,vòi lavabo lạnh inox 304 pr-512,,0,,0.00
pr,vòi rửa pr-808,,0,,0.00
pr,văn lang pr,,0,,0.00
pr,văn phong bài pr,,0,,0.00
pr,vũ mai phương tiếng anh pr site https forums.voz.vn,,0,,0.00
pr,vươn cao việt nam pr,,0,,0.00
pr,vật liệu điện tử pr,,0,,0.00
pr,về nhà đi con pr ngoại truyện 2,,0,,0.00
pr,về pr là j,,0,,0.00
pr,về pr là j trên facebook,,0,,0.00
pr,vị trí pr bài viết trên báo điện tử,,0,,0.00
pr,vị trí pr executive,,0,,0.00
pr,vị trí pr là gì,,0,,0.00
pr,vọt pr,,0,,0.00
pr,vợt pr 1000,,0,,0.00
pr,vợt tennis wilson pr,,0,,0.00
pr,wachsman pr,,0,,0.00
pr,wadjet pr,,0,,0.00
pr,waiting pr card after submit update photos as request,,0,,0.00
pr,wap3g claro pr,,0,,0.00
pr,wapvip.pr ban dep,,0,,0.00
pr,wapvip.pr nr,,0,,0.00
pr,waqut pr shyari,,0,,0.00
pr,warschawski pr,,0,,0.00
pr,was heißt pr,,0,,0.00
pr,was ist pr,,0,,0.00
pr,was m.pr,,0,,0.00
pr,was macht eine pr agentur,,0,,0.00
pr,wash pr-2043,,0,,0.00
pr,washing machine pr campaign,,0,,0.00
pr,washing machine pr stunt,,0,,0.00
pr,washington dc pr companies,,0,,0.00
pr,washington dc pr firms,,0,,0.00
pr,waste industry pr,,0,,0.00
pr,waste management pr,,0,,0.00
pr,water filter wc34 pr,,0,,0.00
pr,watt pr m2,,0,,0.00
pr,ways to get pr in australia,,0,,0.00
pr,we create pr,,0,,0.00
pr,we plan our pr can be on air before,,0,,0.00
pr,web rao vặt pr cao,,0,,0.00
pr,web về cộng đồng pr,,0,,0.00
pr,web ảnh pr,,0,,0.00
pr,website bị tụt da và pr,,0,,0.00
pr,website that talks about companies pr,,0,,0.00
pr,website that talks about pr strategies,,0,,0.00
pr,website to pr for travel and hotel,,0,,0.00
pr,wed ảnh pr,,0,,0.00
pr,wedding beauty pr,,0,,0.00
pr,wedding industry pr,,0,,0.00
pr,wedding photographer pr,,0,,0.00
pr,wedding photography pr,,0,,0.00
pr,wedding planner pr,,0,,0.00
pr,wedding pr firms,,0,,0.00
pr,wedding vendor pr,,0,,0.00
pr,weekend pr,,0,,0.00
pr,weg pr 6240,,0,,0.00
pr,wega polaris evd 2-pr,,0,,0.00
pr,weixin wxpay bizpayurl pr uyjqs9b,,0,,0.00
pr,wellbeing pr,,0,,0.00
pr,wellness pr,,0,,0.00
pr,welsh onion and pr genes,,0,,0.00
pr,wendy's pr lady,,0,,0.00
pr,what are pr events,,0,,0.00
pr,what are pr objectives,,0,,0.00
pr,what are pr tools,,0,,0.00
pr,what are the activities and functions within pr,,0,,0.00
pr,what can a pr agency do for you,,0,,0.00
pr,what can i do for life lana pr,,0,,0.00
pr,what cic process after get biometrics for pr,,0,,0.00
pr,what does a pr girl do,,0,,0.00
pr,what does cic process for pnp pr,,0,,0.00
pr,what does it mean pr,,0,,0.00
pr,what does pr executive mean,,0,,0.00
pr,what does pr mean in running,,0,,0.00
pr,what does pr nightmare mean,,0,,0.00
pr,what is a deadlift pr,,0,,0.00
pr,what is a full pr plan,,0,,0.00
pr,what is a pr angle,,0,,0.00
pr,what is a pr bond in colorado,,0,,0.00
pr,what is a pr executive,,0,,0.33
pr,what is a pr girl,,0,,0.00
pr,what is a pr plan,,0,,0.00
pr,what is a pr strategy,,0,,0.33
pr,what is captions for pr marketing,,0,,0.00
pr,what is cic process pnp paper for pr,,0,,0.00
pr,what is difference between pr and p in probability,,0,,0.00
pr,what is in captions for pr marketing,,0,,0.00
pr,what is mono pr,,0,,0.00
pr,what is online pr academic source,,0,,0.00
pr,what is online pr definition,,0,,0.00
pr,what is pr and hr,,0,,0.00
pr,what is pr d,,0,,0.00
pr,what is pr driving,,0,,0.00
pr,what is pr git,,0,,0.00
pr,what is pr in digital marketing,,0,,0.00
pr,what is pr in evnt,,0,,0.00
pr,what is pr in strength,,0,,0.00
pr,what is pr meant in git,,0,,0.00
pr,what is pr on instagram,,0,,0.00
pr,what is pr tool,,0,,0.00
pr,what is pr value,,0,,0.00
pr,what is pr writing,,0,,0.00
pr,what is process to get pr for pnp,,0,,0.00
pr,what is r11 pr canada,,0,,0.00
pr,what is share of voice in pr,,0,,0.00
pr,what is step by step procedure pnp pr,,0,,0.00
pr,what is t.p in pr,,0,,0.00
pr,what is tech pr,,0,,0.00
pr,what is the first step in strategic planning of pr,,0,,0.00
pr,what is traditional pr,,0,,0.00
pr,what is travel pr,,0,,0.00
pr,what is vice pr,,0,,0.00
pr,what is your benefits when you get pr canada,,0,,0.00
pr,what meaning is matlab pr pr sum pr,,0,,0.00
pr,what pr will,,0,,0.00
pr,what skills do you need to be in pr,,0,,0.00
pr,what state pr 00907-2087,,0,,0.00
pr,what state san juan pr 00907-2087,,0,,0.00
pr,what test to take to get netherland pr,,0,,0.00
pr,what to write to pr a hotel,,0,,0.00
pr,what type of pr card in us,,0,,0.00
pr,what you need to know about pr,,0,,0.00
pr,when i start doing pr work,,0,,0.00
pr,when is battery storage price 100 usd pr kwh,,0,,0.00
pr,where are free visa for canada pr,,0,,0.00
pr,where to have data driven pr,,0,,0.00
pr,whether is singaporean pr wp sp ep,,0,,0.00
pr,which celpip test for canadian pr,,0,,0.00
pr,which countries use pr and which fptf,,0,,0.00
pr,which field vancouver prefer to provide pr,,0,,0.00
pr,which pr,,0,,0.00
pr,which pr agency function involves distilling stories in accessible message,,0,,0.00
pr,which province is easy to get pr in canada,,0,,0.00
pr,which state in canada gives pr easily,,0,,0.00
pr,white lies in pr,,0,,0.00
pr,who is dedicated to built and executed pr campaigns,,0,,0.00
pr,who provides crisis pr in dublin,,0,,0.00
pr,whs 1 estes express pr,,0,,0.00
pr,why are so many pr unhappy in their jobs,,0,,0.00
pr,why corporate pr,,0,,0.00
pr,why do we need pr retainer,,0,,0.00
pr,why lobbying is important pr,,0,,0.00
pr,why need data driven pr,,0,,0.00
pr,why pr are confused with marketing and advertising,,0,,0.00
pr,why pr professional is the most pressful work,,0,,0.00
pr,why using blog in pr,,0,,0.00
pr,wi-fi cnss.pr.4.0-00364,,0,,0.00
pr,wi-fi nss.pr.4.0-00364,,0,,0.00
pr,wien pr agentur,,0,,0.00
pr,wifi nss.pr.4.0-00364,,0,,0.00
pr,wik iazur lane pr ship ss2,,0,,0.00
pr,wiki azur lane pr ship,,0,,0.00
pr,wikipedia pr service,,0,,0.00
pr,wild card pr,,0,,0.00
pr,willl revoking gckey account affect your pr card,,0,,0.00
pr,wilson pr,,0,,0.00
pr,wilson pr planning model,,0,,0.00
pr,win 10 pr 64bit,,0,,0.00
pr,win7 home pr,,0,,0.00
pr,wine pr,,0,,0.00
pr,wine pr firms,,0,,0.00
pr,winning pr campaign in real estate,,0,,0.00
pr,winning pr campaign in real estate case study,,0,,0.00
pr,winning strategies pr,,0,,0.00
pr,wisconsin pr,,0,,0.00
pr,wise pr,,0,,0.00
pr,wiso pr post,,0,,0.00
pr,woc pr,,0,,0.00
pr,women in pr,,0,,0.00
pr,women liberation pr campaign,,0,,0.00
pr,women owned pr agency,,0,,0.00
pr,wonder pr,,0,,0.00
pr,wonder pr hatena,,0,,0.00
pr,words that start in pr,,0,,0.00
pr,work permit có thể xin pr được không,,0,,0.00
pr,work permit khác pr như thế nào,,0,,0.00
pr,workflow pr po document sap,,0,,0.00
pr,working in pr industry and looking to do master,,0,,0.00
pr,workshop pr,,0,,0.00
pr,worldcom pr group,,0,,0.00
pr,worldwide pr,,0,,0.00
pr,worst pr disasters,,0,,0.00
pr,worst pr disasters of all time,,0,,0.00
pr,wp in waiting pr business stream,,0,,0.00
pr,wp in waiting pr business stream 2018,,0,,0.00
pr,wp schema pr,,0,,0.00
pr,wpolimentos moldes e matrizes - londrina pr,,0,,0.00
pr,wps office 2019 pr,,0,,0.00
pr,wpv-pr-child-of,,0,,0.00
pr,wpv_control_select_wpv-pr-child-of_state,,0,,0.00
pr,write a letter about 120 words to a pr,,0,,0.00
pr,write on pr,,0,,0.00
pr,write pr for event,,0,,0.00
pr,writing for pr and mass media,,0,,0.00
pr,writing pr articles,,0,,0.00
pr,wwc pr,,0,,0.00
pr,www aaa pr,,0,,0.00
pr,www detran pr gov br,,0,,0.00
pr,www pr com,,0,,0.00
pr,www prefeitura de cafelandia pr,,0,,0.00
pr,www shell com pr cuentanos,,0,,0.00
pr,www.bas.bebetao pr.com o 33,,0,,0.00
pr,x pr meaning in english,,0,,0.00
pr,xcode s t v pr,,0,,0.00
pr,xcode s t v pr icon,,0,,0.00
pr,xe dap cho be royald pr 12-9,,0,,0.00
pr,xe dap pr 3 700,,0,,0.00
pr,xe dap pr 3 7000,,0,,0.00
pr,xe demon pr,,0,,0.00
pr,xe hoang anh pr,,0,,0.00
pr,xe khách sg pr,,0,,0.00
pr,xe nghiem pr-tm-bi-034,,0,,0.00
pr,xe t nghiê m er pr,,0,,0.00
pr,xe tuan tu sg pr,,0,,0.00
pr,xelo pr như nào,,0,,0.00
pr,xem báo giaá bài pr các báo ở đâu,,0,,0.00
pr,xem báo giá bài pr các báo ở đâu,,0,,0.00
pr,xem cc pr đã crack chưa,,0,,0.00
pr,xem pr của wordpress,,0,,0.00
pr,xem số liệu bài pr,,0,,0.00
pr,xemsex.pr,,0,,0.00
pr,xes hd pr,,0,,0.00
pr,xet nghiem er pr,,0,,0.00
pr,xhinh sach đa o ta o pr,,0,,0.00
pr,xin dien dan seo pr cao 2017,,0,,0.00
pr,xin dien dan seo pr cao forum.idichvuseo.2017,,0,,0.00
pr,xin pr british columbia,,0,,0.00
pr,xin pr canada sau du học,,0,,0.00
pr,xin pr quebec,,0,,0.00
pr,xin pr singapore,,0,,0.00
pr,xin pr ta i u c,,0,,0.00
pr,xin pr thường trú úc,,0,,0.00
pr,xin pr trên facebook là gì,,0,,0.00
pr,xin pr tại canada,,0,,0.00
pr,xin pr úc từ visa 458,,0,,0.00
pr,xin pr úc từ visa 485,,0,,0.00
pr,xin pr úc từ visa 489,,0,,0.00
pr,xin pr định cư tại vancover và toronto,,0,,0.00
pr,xin pr ở manitoba,,0,,0.00
pr,xin pr ở newzealand,,0,,0.00
pr,xin ve pr trong fb là gì,,0,,0.00
pr,xin vé pr là j,,0,,0.00
pr,xin về pr trên facebook là gì,,0,,0.00
pr,xin đc pr,,0,,0.00
pr,xmen pr,,0,,0.00
pr,xoa nen den trong pr,,0,,0.00
pr,xoay hinh tren pr,,0,,0.00
pr,xperience working in the field of pr marketing,,0,,0.00
pr,xu hướng ngành pr 2017,,0,,0.00
pr,xu hướng nội dung pr,,0,,0.00
pr,xu hướng pr 2019,,0,,0.00
pr,xu hướng pr trên facebook,,0,,0.00
pr,xu hướng viết bài pr,,0,,0.00
pr,xuaast file pr de review,,0,,0.00
pr,xuat file pr,,0,,0.00
pr,xuat pr ra file drap,,0,,0.00
pr,xuat video hd voi adobe pr cc,,0,,0.00
pr,xuat video pr,,0,,0.00
pr,xuất bản tác phẩm tư liệu truyền thông trong pr,,0,,0.00
pr,xuất file trong pr,,0,,0.00
pr,xuất kèm các video nguồn pr,,0,,0.00
pr,xuất pr sap ra excel,,0,,0.00
pr,xuất video bị viền đen hai bên trong pr,,0,,0.00
pr,xuất video bị viền đen trong pr,,0,,0.00
pr,xuất video không khớp khung trong pr,,0,,0.00
pr,xuất video từ pr qua media encoder,,0,,0.00
pr,xác định công chúng của bài viết pr,,0,,0.00
pr,xác định công chúng trong pr,,0,,0.00
pr,xác định lộ trình công danh của người pr,,0,,0.00
pr,xác định thông điệp trong pr,,0,,0.00
pr,xách tay xiaomi redmi note 5 pr,,0,,0.00
pr,xây dựng angle pr thương hiệu,,0,,0.00
pr,xây dựng bản kế hoạch pr,,0,,0.00
pr,xây dựng kế hoạc chiến lược pr,,0,,0.00
pr,xây dựng quan hệ cộng đồng trong pr,,0,,0.00
pr,xây dựng thuongq hiệu trong pr,,0,,0.00
pr,xây dựng thông điệp của bài viết pr,,0,,0.00
pr,xét nghiệm er pr,,0,,0.00
pr,xét nghiệm pr là gì,,0,,0.00
pr,xóa cache trong pr,,0,,0.00
pr,xóa hình bằng pr,,0,,0.00
pr,xóa logo trong pr 2015,,0,,0.00
pr,xốp pr,,0,,0.00
pr,xử lí hình bị nhiễu trên pr,,0,,0.00
pr,y cb pb cr pr,,0,,0.33
pr,yamaha vietnam pr department,,0,,0.00
pr,yeah1 network tuyển dụng pr,,0,,0.00
pr,year pr status obtained if applicable,,0,,0.00
pr,year pr status obtained if applicable la gi,,0,,0.00
pr,year pr status obtained if applicable nghia la gi,,0,,0.00
pr,yellow pr,,0,,0.00
pr,yes pr,,0,,0.00
pr,yi home camera don't pr,,0,,0.00
pr,yoga instagram influencers pr compnaies,,0,,0.00
pr,yoga models pr companies,,0,,0.00
pr,yoga pr companies,,0,,0.00
pr,yoga pr specialists,,0,,0.00
pr,yoga rincon pr,,0,,0.00
pr,yola pr specialist,,0,,0.00
pr,yola tuyển pr specialist,,0,,0.00
pr,you do not have sufficient pr,,0,,0.00
pr,youtube pr agency,,0,,0.00
pr,yoyo mats pr company,,0,,0.00
pr,yurt dışı pr ajansı,,0,,0.00
pr,yuzu pr,,0,,0.00
pr,yêu cầu của một bài pr,,0,,0.00
pr,yêu cầu của người pr đối nội,,0,,0.00
pr,yêu cầu hoạch định chiến lược pr,,0,,0.00
pr,yêu cầu mua hàng pr,,0,,0.00
pr,yêu cầu mua pr,,0,,0.00
pr,yêu cầu về bài pr cá nhân,,0,,0.00
pr,yêu cầu đối với hoạch định chiến lược pr,,0,,0.00
pr,yêu cầu đối với người hoạch định chiến lược pr,,0,,0.00
pr,yý tưởng viết bài pr,,0,,0.00
pr,z p pr,,0,,0.00
pr,z87a-pr pb-ci7z87a-pr,,0,,0.00
pr,ze pr,,0,,0.00
pr,zebra pr agency,,0,,0.00
pr,zeno pr agency,,0,,0.00
pr,zero9 pr,,0,,0.00
pr,zin pr ở quebec,,0,,0.00
pr,zin vn vn ẽ vn pr ss,,0,,0.00
pr,zin vn vẽ pr sstoui tre,,0,,0.00
pr,zing news pr online báo giá,,0,,0.00
pr,zombie pr remix,,0,,0.00
pr,zoning_best_pr actices_wp-00.pdf,,0,,0.00
pr,zoom in adobe pr,,0,,0.00
pr,zoom video in pr,,0,,0.00
pr,áo dài khoa pr,,0,,0.00
pr,áo khoa pr đại học văn lang,,0,,0.00
pr,áp dung họat động pr vào doanh nghiệp,,0,,0.00
pr,âm pr tiếng anh,,0,,0.00
pr,ô tô ze pr,,0,,0.00
pr,úp ảnh miễn phí pr,,0,,0.00
pr,ý nghĩa của pr trong facebook,,0,,0.00
pr,ý nghĩa từ pr,,0,,0.00
pr,ý tưởng pr nội bộ,,0,,0.00
pr,ý tưởng pr offline,,0,,0.00
pr,ý tưởng pr độc đáo,,0,,0.00
pr,ý tưởng tặng quà pr công ty,,0,,0.00
pr,đa o ta o nhân viên pr,,0,,0.00
pr,đen trắng trong pr,,0,,0.00
pr,đi làm pr,,0,,0.00
pr,điều kiện xin pr ở ontario,,0,,0.00
pr,điểm giống nhau giữa pr và quảng cáo,,0,,0.00
pr,điểm giống nhau giữa quảng cáo và pr,,0,,0.00
pr,điểm ielts xin pr úc,,0,,0.00
pr,điểm khác nhau giữa pr và quảng cáo,,0,,0.00
pr,điểm xuất phát của emerald là pr,,0,,0.00
pr,điện máy xanh và chiến dịch pr của,,0,,0.00
pr,điện quang tuyển nhân viên pr truyền thông,,0,,0.00
pr,điện thoại samsung galaxy j7 pr,,0,,0.00
pr,điện tim mất pr bị bệnh gì,,0,,0.00
pr,điện tim mất pr trong điện tim,,0,,0.00
pr,đoàn thanh tài tốn tiền pr để làm gì,,0,,0.00
pr,đoạn pr lõm,,0,,0.00
pr,đoạn pr sản phẩm gây sức hút,,0,,0.00
pr,đoạn pr thấp,,0,,0.00
pr,đào tạo cơ bản về pr,,0,,0.00
pr,đào tạo pr cơ bản,,0,,0.00
pr,đào tạo pr slide share,,0,,0.00
pr,đá banh có pr,,0,,0.00
pr,đá cắt trong bao pr,,0,,0.00
pr,đáng giá chương trình pr,,0,,0.00
pr,đánh giá chiến dịch pr của donal trump,,0,,0.00
pr,đánh giá chiến lược pr,,0,,0.00
pr,đánh giá chiến lược pr của vinamilk,,0,,0.00
pr,đánh giá chương trình pr,,0,,0.00
pr,đánh giá hiệu quả của chiến dịch pr,,0,,0.00
pr,đánh giá hiệu quả hoạt động pr,,0,,0.00
pr,đánh giá đồng hồ tissot pr 100 t101.410.11.041.00,,0,,0.00
pr,đâ u dvd pr,,0,,0.00
pr,đâm người chết pr hải phòng,,0,,0.00
pr,đèn bàn học sinh protex pr 001l,,0,,0.00
pr,đèn bàn học sinh protex pr-001l,,0,,0.00
pr,đèn bàn học sinh protex pr-006l,,0,,0.00
pr,đèn bàn học sinh protex pr-007l,,0,,0.00
pr,đèn bàn led protex pr 005l,,0,,0.00
pr,đèn bàn led protex pr-005l,,0,,0.00
pr,đèn bàn led protex pr-007l,,0,,0.00
pr,đèn bàn protex pr 001l,,0,,0.00
pr,đèn học protex pr-005l,,0,,0.00
pr,đèn led tròn pro-led-pr-25,,0,,0.00
pr,đèn led up aqua pr-25,,0,,0.00
pr,đèn led up aqua pro-led-pr-20,,0,,0.00
pr,đèn led up aqua tròn pro-led-pr-25,,0,,0.00
pr,đèn led upaqua up aqua pro-led-pr-20,,0,,0.00
pr,đèn pr 004 bảo hành,,0,,0.00
pr,đèn protex pr 018,,0,,0.00
pr,đèn rọi pr 01,,0,,0.00
pr,đèn đọc sách kẹp led cao cấp protex pr-014l,,0,,0.00
pr,đăng bài pr báo điện tử,,0,,0.00
pr,đăng bài pr là gì,,0,,0.00
pr,đăng bài pr trên báo dân trí,,0,,0.00
pr,đăng bài pr trên báo điện tử,,0,,0.00
pr,đăng bài pr trên cafef,,0,,0.00
pr,đăng bài pr trên các báo lớn,,0,,0.00
pr,đăng bài pr trên eva.vn,,0,,0.00
pr,đăng bài pr trên giadinh.net,,0,,0.00
pr,đăng bài pr trên phụ nữ today,,0,,0.00
pr,đăng bài pr trên vietnamnet,,0,,0.00
pr,đăng bài pr trên vnexpress,,0,,0.00
pr,đăng bài pr ở đâu,,0,,0.00
pr,đăng nhập gmail samsung j7 pr,,0,,0.00
pr,đơn pr po,,0,,0.00
pr,đơn vị pr,,0,,0.00
pr,đơn vị pr là,,0,,0.00
pr,đường kính ống nước nóng pr từ máy năng lượng,,0,,0.00
pr,đường vào nghề pr quách thu nguyệt,,0,,0.00
pr,đại học fpt tuyển nhân viên pr,,0,,0.00
pr,đại học fpt tuyển nhân viên pr tại tphcm,,0,,0.00
pr,đạt pr,,0,,0.00
pr,đạt pr trong chạy marathon,,0,,0.00
pr,đất xanh nam miền trung tuyển dụng nhân viên pr,,0,,0.00
pr,đầu tư xã hội trong pr,,0,,0.00
pr,đặc ân thánh pr,,0,,0.00
pr,đặc điểm pr,,0,,0.00
pr,đặt tít bài pr sao cho hấp dẫn,,0,,0.00
pr,đặt tít hay cho bài pr sản phẩm sơn,,0,,0.00
pr,đề cương môn pr pdf,,0,,0.00
pr,đề cương môn quảng cáo và pr,,0,,0.00
pr,đề cương ôn pr,,0,,0.00
pr,đề thi trắc nghiệm pr có đáp án,,0,,0.00
pr,đề tài nghiên cứu khoa học về pr,,0,,0.00
pr,đề tài nghiên cứu khoa học về pr báo chí,,0,,0.00
pr,đề xuất chiến lược pr cho công ty,,0,,0.00
pr,để người khác gọi ta là pr,,0,,0.00
pr,định cư góp vốn doanh nghiệp lấy pr,,0,,0.00
pr,định dạng dọc 4 5 trên pr,,0,,0.00
pr,định nghĩa của pr trong tiếng anh,,0,,0.00
pr,định nghĩa viết pr là gì,,0,,0.00
pr,đọc & phân tích các bài pr sau,,0,,0.00
pr,đọc sách nghệ thuật pr bản thân,,0,,0.00
pr,đọc sách pr hiệu quả,,0,,0.00
pr,đồng hồ fossil pr-5105,,0,,0.00
pr,đồng hồ fossil pr-5105 là dòng gì,,0,,0.00
pr,đồng hồ fossil pr-5105 nhật bản,,0,,0.00
pr,đồng hồ nhiệt gic pr 69,,0,,0.00
pr,đồng hồ nhiệt gic pr 69 huy phuc,,0,,0.00
pr,đồng hồ pr,,0,,0.00
pr,đồng hồ tissot 1853 pr 100,,0,,0.00
pr,đồng hồ tissot pr 100 powermatic 80,,0,,0.00
pr,đồng hồ tissot pr 100 t101.452.36.041.00 dual,,0,,0.00
pr,đồng hồ tissot pr 100 titanium,,0,,0.00
pr,đồng hồ tissot pr 516 giá bao nhiêu,,0,,0.00
pr,đổi hue video trong pr,,0,,0.00
pr,đổi màu trong pr,,0,,0.00
pr,đổi màu video trong pr,,0,,0.00
pr,đổi website sang https bị mất da và pr,,0,,0.00
pr,đội bóng londrina pr,,0,,0.00
pr,đức phúc pr vest nam,,0,,0.00
pr,ưapvip.pr,,0,,0.00
pr,ưu khuyết điểm kế hoạch pr của lazada,,0,,0.00
pr,ưu khuyết điểm kế hoạch pr của shoppee,,0,,0.00
pr,ưu nhược điểm của kế hoạch pr,,0,,0.00
pr,ưu nhược điểm của kế hoạch pr cho công ty,,0,,0.00
pr,ưu điểm của chiến dịch pr vinamilk,,0,,0.00
pr,ưu điểm của pr online,,0,,0.00
pr,как посмотреть pr сайта,,0,,0.00
pr,позиции сайта cy pr,,0,,0.00
pr,позиции сайта pr,,0,,0.00
pr,светодиодный светильник tl-prom pr plus fl lv,,0,,0.00
pr,светодиодный светильник tl-prom pr plus lv,,0,,0.00
pr,светодиодный светильник tl-street pr plus,,0,,0.00
pr,ảnh chibi pr,,0,,0.00
pr,ảnh chế giơ pr tìm ny,,0,,0.00
pr,ảnh chế pr tìm ny,,0,,0.00
pr,ảnh pr bac sy,,0,,0.00
pr,ảnh pr của sơn tùng,,0,,0.00
pr,ảnh pr sản phẩm,,0,,0.00
pr,ảnh pr điện tử,,0,,0.00
pr,ảnh tuyển dụng pr marketing,,0,,0.00
pr,ốc thanh vân pr hàng giả,,0,,0.00
pr,ốc thanh vân pr kem trộn,,0,,0.00
pr,ốp lưng j7 pr,,0,,0.00
pr,ốp lưng tráng gương samsung j2 pr,,0,,0.00
pr,ứng dụng pr 12,,0,,0.00
pr,ứng dụng pr và ps,,0,,0.00
pr,ứng dụng sửa video pr trên máy tính,,0,,0.00
pr,ứng dụng thực tế của pr,,0,,0.00
pr,ứng dụng trên ch play bằng pr code,,0,,0.00
pr,ứng viên pr thẩm mỹ,,0,,0.00
pr,お勧めスウィーツ pr 方法,,0,,0.00
pr,お部屋クリーニング 商品 pr,,0,,0.00
pr,ご 当地 pr 動画,,0,,0.00
pr,ご当地お勧めスウィーツ pr,,0,,0.00
pr,アイ カツ フォト オン ステージ pr,,0,,0.00
pr,アディダス aero bounce pr wide,,0,,0.00
pr,アディダス ランニング シューズ aero bounce pr wide,,0,,0.00
pr,イベント ユニーク 日本 pr,,0,,0.00
pr,イベント会場 qrコード pr,,0,,0.00
pr,インターンシップ 履歴 書 自己 pr,,0,,0.00
pr,カケル pr,,0,,0.00
pr,クレジット会社 pr イベント,,0,,0.00
pr,コミュニケーション 能力 自己 pr 転職,,0,,0.00
pr,タクティクス pr,,0,,0.00
pr,バイト 履歴 書 自己 pr,,0,,0.00
pr,ビーコン 店舗 pr,,0,,0.00
pr,ファイナルファンタジータクティクス pr,,0,,0.00
pr,ファイナルファンタジータクティクス pr movie,,0,,0.00
pr,ファッション pr 会社,,0,,0.00
pr,フォトカツ pr,,0,,0.00
pr,フロンティア コンサルティング pr,,0,,0.00
pr,ベトナム pr 会社,,0,,0.00
pr,ホテル フロント 自己 pr,,0,,0.00
pr,マイナビ 転職 自己 pr 書か ない,,0,,0.00
pr,マンション 機能性 利点 pr,,0,,0.00
pr,ランニング シューズ aero bounce pr wide,,0,,0.00
pr,レジリエンス 自己 pr,,0,,0.00
pr,ロゴ 掲出 pr 効果,,0,,0.00
pr,ロゴ 掲出 pr 効果 ブランド,,0,,0.00
pr,ロート製薬 日焼け止め サンプレイ pr,,0,,0.00
pr,主体 性 自己 pr 転職,,0,,0.00
pr,交渉 力 自己 pr,,0,,0.00
pr,京都 観光 pr,,0,,0.00
pr,京都大学経営管理大学院 pr,,0,,0.00
pr,企業 pr,,0,,0.00
pr,企業 pr 例,,0,,0.00
pr,企業 pr 動画,,0,,0.00
pr,企業 pr 動画 作り方,,0,,0.00
pr,企業 pr 動画 費用,,0,,0.00
pr,保育 士 自己 pr コミュニケーション,,0,,0.00
pr,信頼 され る 自己 pr,,0,,0.00
pr,公司 pr,,0,,0.00
pr,努力 自己 pr,,0,,0.00
pr,動画 pr,,0,,0.29
pr,医療 事務 自己 pr コミュニケーション,,0,,0.00
pr,印象 に 残る 自己 pr オーディション,,0,,0.00
pr,告知 pr スタンプラリー,,0,,0.00
pr,営業 未経験 自己 pr,,0,,0.00
pr,地方 pr 動画,,0,,0.00
pr,場 の 空気 を 読む 自己 pr,,0,,0.00
pr,外国 人 履歴 書 自己 pr,,0,,0.00
pr,外資 系 pr 会社,,0,,0.00
pr,奉仕 精神 自己 pr,,0,,0.00
pr,奨学 金 自己 pr,,0,,0.00
pr,好奇 心 旺盛 自己 pr 大学,,0,,0.00
pr,好奇 心 旺盛 自己 pr 高校,,0,,0.00
pr,如何 做 新加坡 的 pr,,0,,0.00
pr,如何 申请 pr,,0,,0.00
pr,宣伝 pr,,0,,0.00
pr,就職 履歴 書 自己 pr,,0,,0.00
pr,就職 面接 自己 pr,,0,,0.00
pr,履歴 書 志望 動機 自己 pr どっち,,0,,0.00
pr,履歴 書 自己 pr 例文 エステ,,0,,0.00
pr,履歴 書 自己 pr 例文 栄養士,,0,,0.00
pr,履歴 書 自己 pr 新卒,,0,,0.00
pr,履歴 書 自己 pr 短文,,0,,0.00
pr,履歴 書 自己 pr 翻訳 者,,0,,0.00
pr,履歴 書 自己 pr 職務 経歴 書 に 記載,,0,,0.00
pr,履歴書 pr 留学,,0,,0.00
pr,山形 県 pr 動画,,0,,0.00
pr,岐阜 県 pr 動画,,0,,0.00
pr,広告 pr 仕事,,0,,0.00
pr,広報 pr の チカラ,,0,,0.00
pr,広報 pr インタビュー,,0,,0.00
pr,広報 pr 戦略,,0,,0.00
pr,広報 pr 本,,0,,0.00
pr,広報 pr 業務,,0,,0.00
pr,広報 pr 求人,,0,,0.00
pr,広報 pr 資格,,0,,0.00
pr,志望 動機 自己 pr かぶる,,0,,0.00
pr,怎样 申请 pr,,0,,0.00
pr,怎样 申请 pr singapore,,0,,0.00
pr,成功高中 pr,,0,,0.00
pr,戦略 pr,,0,,0.00
pr,戦略 pr 会社,,0,,0.00
pr,戦略 pr 英語,,0,,0.00
pr,技術 経歴 書 自己 pr,,0,,0.00
pr,投資促進 pr,,0,,0.00
pr,接客 自己 pr 転職,,0,,0.00
pr,整流器 pr 波形,,0,,0.00
pr,新加坡 pr 申请 资料,,0,,0.00
pr,新加坡 申请 pr,,0,,0.00
pr,新築マンション pr,,0,,0.00
pr,新築マンション pr 方法,,0,,0.00
pr,本田 pr,,0,,0.00
pr,本田事務所 pr,,0,,0.00
pr,株式 会社 pr times 採用,,0,,0.00
pr,楽天 市場 pr,,0,,0.00
pr,求人 サイト pr と は,,0,,0.00
pr,法律 事務 自己 pr,,0,,0.00
pr,泰国 pr,,0,,0.00
pr,澳洲 pr 有效期,,0,,0.00
pr,澳洲 pr 要求,,0,,0.00
pr,留学 カウンセラー 自己 pr,,0,,0.00
pr,留学 奨学 金 自己 pr,,0,,0.00
pr,留学 応募 自己 pr,,0,,0.00
pr,留学 自己 pr 例文,,0,,0.00
pr,看護 師 自己 pr コミュニケーション,,0,,0.00
pr,看護 師 自己 pr 協調 性,,0,,0.00
pr,福岡 市 pr,,0,,0.00
pr,経歴 書 自己 pr,,0,,0.00
pr,経験 を 活かす 自己 pr,,0,,0.00
pr,経験 自己 pr,,0,,0.00
pr,群馬 県 pr 動画,,0,,0.00
pr,職務 経歴 書 履歴 書 自己 pr,,0,,0.00
pr,職務 経歴 書 自己 pr se,,0,,0.00
pr,職務 経歴 書 自己 pr 書か ない,,0,,0.00
pr,職務 経歴 書 自己 pr 製造,,0,,0.00
pr,自己 pr 400 字 転職,,0,,0.00
pr,自己 pr たり,,0,,0.00
pr,自己 pr ない 例文,,0,,0.00
pr,自己 pr を 含め た 自己 紹介 面接,,0,,0.00
pr,自己 pr インカレ,,0,,0.00
pr,自己 pr グローバル,,0,,0.00
pr,自己 pr コミュニケーション,,0,,0.33
pr,自己 pr コミュニケーション バイト,,0,,0.00
pr,自己 pr コミュニケーション 事務,,0,,0.00
pr,自己 pr コミュニケーション 協調 性,,0,,0.00
pr,自己 pr コミュニケーション 新卒,,0,,0.00
pr,自己 pr コミュニケーション 部活,,0,,0.00
pr,自己 pr ホテル 業界,,0,,0.00
pr,自己 pr 中文,,0,,0.00
pr,自己 pr 例 文集,,0,,0.00
pr,自己 pr 例 文集 転職,,0,,0.00
pr,自己 pr 例文 中学生,,0,,0.00
pr,自己 pr 例文 大学,,0,,0.00
pr,自己 pr 例文 新卒,,0,,0.00
pr,自己 pr 例文 部活,,0,,0.00
pr,自己 pr 例文 面接,,0,,0.00
pr,自己 pr 例文 高校生,,0,,0.00
pr,自己 pr 協調 性,,0,,0.00
pr,自己 pr 協調 性 マネージャー,,0,,0.00
pr,自己 pr 協調 性 大学,,0,,0.00
pr,自己 pr 協調 性 大学 入試,,0,,0.00
pr,自己 pr 即 戦力,,0,,0.00
pr,自己 pr 向上心 転職,,0,,0.00
pr,自己 pr 困難 な 状況,,0,,0.00
pr,自己 pr 大学,,0,,0.00
pr,自己 pr 大学 面接,,0,,0.00
pr,自己 pr 就活,,0,,0.00
pr,自己 pr 志望 動機 一貫 性,,0,,0.00
pr,自己 pr 怎么 写,,0,,0.00
pr,自己 pr 性格 明るい,,0,,0.00
pr,自己 pr 意味,,0,,0.00
pr,自己 pr 接客 経験 転職,,0,,0.00
pr,自己 pr 新卒,,0,,0.33
pr,自己 pr 書き出し,,0,,0.33
pr,自己 pr 書き方 技術,,0,,0.00
pr,自己 pr 未経験 です が,,0,,0.00
pr,自己 pr 本,,0,,0.00
pr,自己 pr 百 文字,,0,,0.00
pr,自己 pr 真面目,,0,,0.00
pr,自己 pr 穏やか な 性格,,0,,0.00
pr,自己 pr 穏やか な 性格 例文,,0,,0.00
pr,自己 pr 範例,,0,,0.00
pr,自己 pr 自己 アピール 違い,,0,,0.00
pr,自己 pr 范例,,0,,0.00
pr,自己 pr 行動 力,,0,,0.00
pr,自己 pr 計画 性 例,,0,,0.00
pr,自己 pr 責任感,,0,,0.00
pr,自己 pr 責任感 事務,,0,,0.00
pr,自己 pr 責任感 転職,,0,,0.00
pr,自己 pr 責任感 高校生,,0,,0.00
pr,自己 pr 転職 事務,,0,,0.00
pr,自己 pr 通学,,0,,0.00
pr,自己 pr 面接 大学,,0,,0.00
pr,自己 pr 面白い 例文,,0,,0.00
pr,自己 pr 高校生 大学 例文,,0,,0.00
pr,自己 pr 黙々 と,,0,,0.00
pr,自己 紹介 自己 pr 例文,,0,,0.00
pr,自治体 pr 動画,,0,,0.00
pr,自炊 自己 pr,,0,,0.00
pr,自社 pr,,0,,0.00
pr,芝 公園 pr ex,,0,,0.00
pr,视频制作 pr ar,,0,,0.00
pr,記事 広告 pr,,0,,0.00
pr,訪日 pr フォトコーナー,,0,,0.00
pr,転職 自己 pr 第 二 新卒,,0,,0.00
pr,転職 自己 pr 自由,,0,,0.00
pr,転職 自己 pr 面接,,0,,0.33
pr,通訳 自己 pr,,0,,0.00
pr,青森 県 pr 動画,,0,,0.00
pr,面接 pr 例,,0,,0.00
pr,面接 自己 pr 1 分,,0,,0.00
pr,面接 自己 pr 言い出し,,0,,0.00
pr,面接 自己 pr 長所,,0,,0.00
pr,面接 自己 紹介 自己 pr,,0,,0.00
pr,面接 転職 自己 pr,,0,,0.33
pr,食 x 旅行 訪日 pr ブース 種ってn,,0,,0.00
pr,개인 pr,,0,,0.00
pr,구두 pr 의 장점,,0,,0.00
pr,기업 pr,,0,,0.33
pr,링크조커 pr,,0,,0.00
pr,링크조커 pr 0661,,0,,0.00
pr,영상 편집 프로그램 pr,,0,,0.00
pr,운동 pr 뜻,,0,,0.00
pr-báo,báo giá pr vnexpress,Informational,40,6,0.31
pr-báo,báo giá bài pr vnexpress,,30,,0.06
pr-báo,báo giá đăng bài pr trên kenh14,,30,,0.33
pr-báo,báo pr,,30,,0.16
pr-báo,dịch vụ pr báo chí,Informational,30,10,0.51
pr-báo,pr trên báo,,30,,0.29
pr-báo,pr trên báo chí,Informational,30,3,0.50
pr-báo,so sánh pr và báo chí,,30,,0.33
pr-báo,book báo pr,,20,,0.53
pr-báo,bài báo pr,,20,,0.33
pr-báo,báo giá bài pr,,20,,0.45
pr-báo,báo giá bài pr 24h,,20,,0.00
pr-báo,báo giá bài pr cafef,,20,,0.03
pr-báo,báo giá bài pr kenh14,,20,,0.00
pr-báo,báo giá bài pr trên vnexpress,,20,,0.07
pr-báo,báo giá bài pr vietnamnet,,20,,0.33
pr-báo,báo giá pr vietnamnet,,20,,0.50
pr-báo,báo giá viết bài pr,,20,,0.71
pr-báo,pr báo,,20,,0.40
pr-báo,pr báo chí,,20,,0.24
pr-báo,pr báo chí là gì,,20,,0.33
pr-báo,viết bài pr báo chí,,20,,0.33
pr-báo,viết báo pr,,20,,0.57
pr-báo,báo giá pr,,10,,0.33
pr-báo,báo giá đăng bài pr trên kênh 14,,10,,0.00
pr-báo,báo giá đăng bài pr trên vnexpress,,10,,0.25
pr-báo,đăng bài pr trên báo,,10,,0.00
pr-báo,advertorial báo pr,,0,,0.00
pr-báo,agency book bài pr trên báo cnn,,0,,0.00
pr-báo,agency book bài pr trên các báo nước ngoài,,0,,0.00
pr-báo,agency book bài pr được các báo online nước ngoài,,0,,0.00
pr-báo,bang gia pr báo ndh,,0,,0.00
pr-báo,bao gia baài pr báo saigon time,,0,,0.00
pr-báo,bao gia bài pr báo saigon time,,0,,0.00
pr-báo,bao gia pr báo sài gòn giải phóng,,0,,0.00
pr-báo,bao giá bài pr báo xa luan điện tử,,0,,0.00
pr-báo,batdongsan.com.vn báo giá pr,,0,,0.00
pr-báo,baài pr báo conlatatca,,0,,0.00
pr-báo,baáo giá bài pr báo thanh niên online,,0,,0.00
pr-báo,baáo giá bài pr báo vsao,,0,,0.00
pr-báo,baáo giá bài pr báo vsao điện tử,,0,,0.00
pr-báo,baáo giá bài pr báo xã luận điện tử,,0,,0.00
pr-báo,baáo giá bài pr báo đầu tư,,0,,0.00
pr-báo,baáo giá bài pr báo đầu tư 2019,,0,,0.00
pr-báo,baáo giá bài pr tiếp thị gia đình báo giấy,,0,,0.00
pr-báo,baáo giá bài pr trên báo baodautu.vn,,0,,0.00
pr-báo,baáo giá pr báo elle,,0,,0.00
pr-báo,baáo giá pr báo giấy sggp,,0,,0.00
pr-báo,baáo giá pr báo một thế giới,,0,,0.00
pr-báo,baáo giá pr báo sggp,,0,,0.00
pr-báo,baáo giá pr báo thể thao 247,,0,,0.00
pr-báo,baáo giá pr báo đẹp,,0,,0.00
pr-báo,biểu giá bài pr báo công thương online,,0,,0.00
pr-báo,biểu giá bài pr báo công thương điện tử,,0,,0.00
pr-báo,book bài pr trên báo nước ngoài cnn,,0,,0.00
pr-báo,book bài pr trên báo nước ngoài time,,0,,0.00
pr-báo,booking bài pr báo batdongsan.com.vn,,0,,0.00
pr-báo,booking bài pr báo online,,0,,0.00
pr-báo,bài báo pr chuyên,,0,,0.00
pr-báo,bài báo pr chuyên mục tài trợ tư vấn,,0,,0.00
pr-báo,bài báo pr thuộc công cụ quảng cáo nào,,0,,0.00
pr-báo,bài báo pr về sàn văn phòng,,0,,0.00
pr-báo,bài pr bia budweiser trên báo,,0,,0.00
pr-báo,bài pr budweiser trên báo,,0,,0.00
pr-báo,bài pr báo,,0,,0.00
pr-báo,bài pr báo chíu,,0,,0.00
pr-báo,bài pr báo lecourrier,,0,,0.00
pr-báo,bài pr báo msn online,,0,,0.00
pr-báo,bài pr báo pháp luật online,,0,,0.00
pr-báo,bài pr báo saigon times online,,0,,0.00
pr-báo,bài pr báo sggp hoa van online,,0,,0.00
pr-báo,bài pr báo sggp online,,0,,0.00
pr-báo,bài pr báo vtc news online,,0,,0.00
pr-báo,bài pr trên báo giúp tăng uy tín trên google,,0,,0.00
pr-báo,bài pr trên thời báo kinh tế sài gòn,,0,,0.00
pr-báo,bài viết cho báo chí và bài viết cho pr,,0,,0.00
pr-báo,bài viết pr do nhà báo viết,,0,,0.00
pr-báo,bài viết pr nhà hàng trên báo mạng,,0,,0.00
pr-báo,bán quảng cáo pr báo chí,,0,,0.00
pr-báo,báo bài pr trên saigon tourist,,0,,0.00
pr-báo,báo bài pr trên saigontourist,,0,,0.00
pr-báo,báo chí marketing quảng cáo pr,,0,,0.00
pr-báo,báo chạy pr bds,,0,,0.00
pr-báo,báo cáo danh gia hieu qua truyen thong pr,,0,,0.00
pr-báo,báo cáo kế hoạch pr,,0,,0.00
pr-báo,báo cáo pr là gì,,0,,0.00
pr-báo,báo cáo thực tập pr,,0,,0.00
pr-báo,báo cáo traffic pr là gì,,0,,0.00
pr-báo,báo cáo tỉ suất tier pr truyền thông,,0,,0.00
pr-báo,báo giaá pr trên foody,,0,,0.00
pr-báo,báo giá book bài pr trên vnexpress,,0,,0.00
pr-báo,báo giá booking bài pr admicro,,0,,0.00
pr-báo,báo giá booking pr vnexpress,,0,,0.00
pr-báo,báo giá bài pr 24h.com.vn,,0,,0.00
pr-báo,báo giá bài pr afamily,,0,,0.00
pr-báo,báo giá bài pr báo công an giấy,,0,,0.00
pr-báo,báo giá bài pr báo công an nhân dân online,,0,,0.00
pr-báo,báo giá bài pr báo công thương online,,0,,0.00
pr-báo,báo giá bài pr báo giấy sggp hoa văn,,0,,0.00
pr-báo,báo giá bài pr báo giấy tiếp thị gia đình,,0,,0.00
pr-báo,báo giá bài pr báo giấy tuổi trẻ,,0,,0.00
pr-báo,báo giá bài pr báo hoa học trò điện tử,,0,,0.00
pr-báo,báo giá bài pr báo ione,,0,,0.00
pr-báo,báo giá bài pr báo lao động online,,0,,0.00
pr-báo,báo giá bài pr báo mtv,,0,,0.00
pr-báo,báo giá bài pr báo mtv we điện tử,,0,,0.00
pr-báo,báo giá bài pr báo mtvwe điện tử,,0,,0.00
pr-báo,báo giá bài pr báo pháp luật việt nam online,,0,,0.00
pr-báo,báo giá bài pr báo theleader,,0,,0.00
pr-báo,báo giá bài pr báo thitkho,,0,,0.00
pr-báo,báo giá bài pr báo thê thao văn hóa online,,0,,0.00
pr-báo,báo giá bài pr báo tiếp thị gia đình online,,0,,0.00
pr-báo,báo giá bài pr báo vnexpress,,0,,0.00
pr-báo,báo giá bài pr báo vsao.com,,0,,0.00
pr-báo,báo giá bài pr báo vtc điện tử,,0,,0.00
pr-báo,báo giá bài pr báo xaluan,,0,,0.00
pr-báo,báo giá bài pr báo xone điện tử,,0,,0.00
pr-báo,báo giá bài pr báo đầu tư 2019,,0,,0.00
pr-báo,báo giá bài pr bạch mỹ liên,,0,,0.00
pr-báo,báo giá bài pr chính phủ online,,0,,0.00
pr-báo,báo giá bài pr dan ong magazine,,0,,0.00
pr-báo,báo giá bài pr dantri.com.vn,,0,,0.00
pr-báo,báo giá bài pr dantri.com.vn 2017,,0,,0.00
pr-báo,báo giá bài pr doanh nhân sài gòn,,0,,0.00
pr-báo,báo giá bài pr eva.vn,,0,,0.00
pr-báo,báo giá bài pr ict news,,0,,0.00
pr-báo,báo giá bài pr ione 2017,,0,,0.00
pr-báo,báo giá bài pr kenh 14,,0,,0.00
pr-báo,báo giá bài pr kenh14 2017,,0,,0.00
pr-báo,báo giá bài pr lao động online,,0,,0.00
pr-báo,báo giá bài pr marrybaby,,0,,0.00
pr-báo,báo giá bài pr ngoisao.net,,0,,0.00
pr-báo,báo giá bài pr người lao động,,0,,0.00
pr-báo,báo giá bài pr người lao động 2019,,0,,0.00
pr-báo,báo giá bài pr người lao động online,,0,,0.00
pr-báo,báo giá bài pr online,,0,,0.00
pr-báo,báo giá bài pr sài gòn giải phóng online,,0,,0.00
pr-báo,báo giá bài pr thanhnien,,0,,0.00
pr-báo,báo giá bài pr the leader,,0,,0.00
pr-báo,báo giá bài pr theleader,,0,,0.00
pr-báo,báo giá bài pr thế giới văn hóa online,,0,,0.00
pr-báo,báo giá bài pr tiền phong online,,0,,0.00
pr-báo,báo giá bài pr trên 24h,,0,,0.00
pr-báo,báo giá bài pr trên afamily,,0,,0.00
pr-báo,báo giá bài pr trên baodautu.vn,,0,,0.00
pr-báo,báo giá bài pr trên báo baodautu.vn,,0,,0.00
pr-báo,báo giá bài pr trên báo giấy lao độn,,0,,0.00
pr-báo,báo giá bài pr trên báo mới,,0,,0.00
pr-báo,báo giá bài pr trên doanh nhan cuoi tuan online,,0,,0.00
pr-báo,báo giá bài pr trên doanh nhan plus,,0,,0.00
pr-báo,báo giá bài pr trên dân trí,,0,,0.00
pr-báo,báo giá bài pr trên eva,,0,,0.00
pr-báo,báo giá bài pr trên eva.vn,,0,,0.00
pr-báo,báo giá bài pr trên foody,,0,,0.00
pr-báo,báo giá bài pr trên kienthuc,,0,,0.00
pr-báo,báo giá bài pr trên kienthucdoisong,,0,,0.00
pr-báo,báo giá bài pr trên lao động online,,0,,0.00
pr-báo,báo giá bài pr trên marrybaby,,0,,0.00
pr-báo,báo giá bài pr trên ngoisao net,,0,,0.00
pr-báo,báo giá bài pr trên thanhnien.vn,,0,,0.00
pr-báo,báo giá bài pr trên thế giới văn hóa,,0,,0.00
pr-báo,báo giá bài pr trên thế giới văn hóa online,,0,,0.00
pr-báo,báo giá bài pr trên trang thegioivanhoa.net,,0,,0.00
pr-báo,báo giá bài pr trên trang thế giới văn hóa.net,,0,,0.00
pr-báo,báo giá bài pr trên trang voh,,0,,0.00
pr-báo,báo giá bài pr trên vietnamnet,,0,,0.00
pr-báo,báo giá bài pr trên vnexpress 2017,,0,,0.00
pr-báo,báo giá bài pr trên vnexpress 2018,,0,,0.00
pr-báo,báo giá bài pr trên webtretho,,0,,0.00
pr-báo,báo giá bài pr trên zing,,0,,0.00
pr-báo,báo giá bài pr tư vấn tiêu dùng,,0,,0.00
pr-báo,báo giá bài pr tư vấn tiêu dùng online,,0,,0.00
pr-báo,báo giá bài pr tạp chí elle,,0,,0.00
pr-báo,báo giá bài pr v economic times online,,0,,0.00
pr-báo,báo giá bài pr vietnam investment review online,,0,,0.00
pr-báo,báo giá bài pr vneconomy online,,0,,0.00
pr-báo,báo giá bài pr vnexpress 2019,,0,,0.00
pr-báo,báo giá bài pr vnreview,,0,,0.00
pr-báo,báo giá bài pr vo,,0,,0.00
pr-báo,báo giá bài pr voh,,0,,0.00
pr-báo,báo giá bài pr vov,,0,,0.00
pr-báo,báo giá bài pr đàn ông magazine,,0,,0.00
pr-báo,báo giá bài viết pr trên website cho phu nư,,0,,0.00
pr-báo,báo giá dịch vụ viết bài pr,,0,,0.00
pr-báo,báo giá online pr afamily,,0,,0.00
pr-báo,báo giá pr 24h,,0,,0.00
pr-báo,báo giá pr 24h 2019,,0,,0.00
pr-báo,báo giá pr admicro,,0,,0.00
pr-báo,báo giá pr afamily,,0,,0.00
pr-báo,báo giá pr afamily.vn,,0,,0.00
pr-báo,báo giá pr article trên elle.vn,,0,,0.00
pr-báo,báo giá pr batdongsan.com.vn,,0,,0.00
pr-báo,báo giá pr bongda,,0,,0.00
pr-báo,báo giá pr bongda.com.vn,,0,,0.00
pr-báo,báo giá pr bongdaplus,,0,,0.00
pr-báo,báo giá pr báo dân trí,,0,,0.00
pr-báo,báo giá pr báo giấy đẹp,,0,,0.00
pr-báo,báo giá pr báo mới,,0,,0.00
pr-báo,báo giá pr báo tiếp thị gia đình,,0,,0.00
pr-báo,báo giá pr báo tiếp thị gia đình online,,0,,0.00
pr-báo,báo giá pr báo đẹp,,0,,0.00
pr-báo,báo giá pr cafe f,,0,,0.00
pr-báo,báo giá pr cafebiz,,0,,0.00
pr-báo,báo giá pr cafef 2019,,0,,0.00
pr-báo,báo giá pr cafeland,,0,,0.00
pr-báo,báo giá pr cheese wafer vnexpress,,0,,0.00
pr-báo,báo giá pr công thương điện tử,,0,,0.00
pr-báo,báo giá pr của nhịp cầu đầu tư,,0,,0.00
pr-báo,báo giá pr của nhịp cầu đầu tư onlune,,0,,0.00
pr-báo,báo giá pr của tiền phong,,0,,0.00
pr-báo,báo giá pr của tiền phong online,,0,,0.00
pr-báo,báo giá pr doanh nhân sài gòn,,0,,0.00
pr-báo,báo giá pr dân trí 2017,,0,,0.00
pr-báo,báo giá pr dân trí 2019,,0,,0.00
pr-báo,báo giá pr elle,,0,,0.00
pr-báo,báo giá pr elle.vn,,0,,0.00
pr-báo,báo giá pr eva,,0,,0.00
pr-báo,báo giá pr fanpage cafebizz,,0,,0.00
pr-báo,báo giá pr fpt,,0,,0.00
pr-báo,báo giá pr giadinh.net,,0,,0.00
pr-báo,báo giá pr kenh14,,0,,0.00
pr-báo,báo giá pr kenh14 2019,,0,,0.00
pr-báo,báo giá pr marketingai,,0,,0.00
pr-báo,báo giá pr ngoisao.net,,0,,0.00
pr-báo,báo giá pr ngoisao.net 2019,,0,,0.00
pr-báo,báo giá pr nhip cầu đầu tư online,,0,,0.00
pr-báo,báo giá pr online,,0,,0.00
pr-báo,báo giá pr richmedia,,0,,0.00
pr-báo,báo giá pr rẻ nhất,,0,,0.00
pr-báo,báo giá pr saostar,,0,,0.00
pr-báo,báo giá pr soha,,0,,0.00
pr-báo,báo giá pr sài gòn giải phóng,,0,,0.00
pr-báo,báo giá pr thethao247,,0,,0.00
pr-báo,báo giá pr tinnhanhchungkhoan,,0,,0.00
pr-báo,báo giá pr trên báo saigon press,,0,,0.00
pr-báo,báo giá pr trên báo saigonpress,,0,,0.00
pr-báo,báo giá pr trên báo vsao,,0,,0.00
pr-báo,báo giá pr trên saigonpress,,0,,0.00
pr-báo,báo giá pr tuoi tre,,0,,0.00
pr-báo,báo giá pr tuổi trẻ,,0,,0.00
pr-báo,báo giá pr vietnam investment review online,,0,,0.00
pr-báo,báo giá pr vne,,0,,0.00
pr-báo,báo giá pr vnexpress 2017,,0,,0.00
pr-báo,báo giá pr vnexpress 2018,,0,,0.00
pr-báo,báo giá pr vnexpress 2019,,0,,0.00
pr-báo,báo giá pr vnexpress fpt,,0,,0.00
pr-báo,báo giá pr website,,0,,0.00
pr-báo,báo giá pr zing,,0,,0.00
pr-báo,báo giá pr zing 2019,,0,,0.00
pr-báo,báo giá pr zing news,,0,,0.00
pr-báo,báo giá pr zing.vn,,0,,0.00
pr-báo,báo giá pr đầu tư,,0,,0.00
pr-báo,báo giá pr đầu tư online,,0,,0.00
pr-báo,báo giá quảng cáo pr zing.vn,,0,,0.00
pr-báo,báo giá viết bài pr cho sản phẩm,,0,,0.00
pr-báo,báo giá viết bài pr trên http genk.vn,,0,,0.00
pr-báo,báo giá zing pr,,0,,0.00
pr-báo,báo giá đăng bài pr batdongsan.com.vn,,0,,0.00
pr-báo,báo giá đăng bài pr trên 24h,,0,,0.00
pr-báo,báo giá đăng bài pr trên 24h.com.vn,,0,,0.00
pr-báo,báo giá đăng bài pr trên baoquocte.vn,,0,,0.00
pr-báo,báo giá đăng bài pr trên báo quốc tế,,0,,0.00
pr-báo,báo giá đăng bài pr trên cafef,,0,,0.00
pr-báo,báo giá đăng bài pr trên soha,,0,,0.00
pr-báo,báo giá đăng bài pr trên zing,,0,,0.00
pr-báo,báo giả pr báo vnexpress,,0,,0.00
pr-báo,báo mới pr,,0,,0.00
pr-báo,báo pr chuyên mục,,0,,0.00
pr-báo,báo pr mỹ phẩm,,0,,0.00
pr-báo,bảng báo giá pr,,0,,0.00
pr-báo,bảng báo giá viết bài pr trên baogiaothong.vn,,0,,0.00
pr-báo,bảng giá pr báo bizlive,,0,,0.00
pr-báo,bảng giá đăng bài pr trên báo 24h,,0,,0.00
pr-báo,bảng giá đăng bài pr trên báo tuổi trẻ,,0,,0.00
pr-báo,bảng giá đăng bài pr trên báo điện tử,,0,,0.00
pr-báo,cafef báo giá pr,,0,,0.00
pr-báo,cafeland báo giá pr,,0,,0.00
pr-báo,cah đăng bài pr trên các trang báo điện tử,,0,,0.00
pr-báo,chi phi đăng bài pr trên các báo,,0,,0.00
pr-báo,chiến lược pr đồ cao cấp trên báo điện tử,,0,,0.00
pr-báo,chuẩn pr báo online,,0,,0.00
pr-báo,các bài báo pr sacombank,,0,,0.00
pr-báo,các báo pr thuộc admiccro,,0,,0.00
pr-báo,cách book bài pr trên báo chí,,0,,0.00
pr-báo,cách pr cho tờ báo,,0,,0.00
pr-báo,cách trình bày campaign trong báo cáo pr,,0,,0.00
pr-báo,cách viết 1 bài báo pr,,0,,0.00
pr-báo,cách viết bài báo pr,,0,,0.00
pr-báo,cách viết bài pr lên báo,,0,,0.00
pr-báo,cách đăng bài pr trên báo chí,,0,,0.00
pr-báo,công thức báo cáo hieu qua pr,,0,,0.00
pr-báo,công thức báo cáo hieu qua truyen thong pr,,0,,0.00
pr-báo,dantri pr online báo giá,,0,,0.00
pr-báo,dautubatdongsan báo giá pr,,0,,0.00
pr-báo,dautubatdongsan.com báo giá pr,,0,,0.00
pr-báo,demo bài pr báo vne,,0,,0.00
pr-báo,format bài pr gửi báo chí,,0,,0.00
pr-báo,format bài pr gửi báo chí times new roman,,0,,0.00
pr-báo,giá bài pr báo công thương online,,0,,0.00
pr-báo,giá bài pr báo lecourrier,,0,,0.00
pr-báo,giá bài pr báo lecourrier online,,0,,0.00
pr-báo,giá bài pr trên báo bưu điện,,0,,0.00
pr-báo,giá bài pr trên báo đẹp plus điện tử,,0,,0.00
pr-báo,giá bài pr trên thời báo kinh tế,,0,,0.00
pr-báo,giá dang bài pr báo mới,,0,,0.00
pr-báo,giá đăng bài pr trên báo điện tử,,0,,0.00
pr-báo,giá đăng bài pr trên các báo,,0,,0.00
pr-báo,gói pr trên báo mới,,0,,0.00
pr-báo,hệ thống book bài pr trên các báo,,0,,0.00
pr-báo,họp báo pr,,0,,0.00
pr-báo,họp báo pr bao gồm những gì,,0,,0.00
pr-báo,infographic báo pr,,0,,0.00
pr-báo,khoa pr học viện báo chí và tuyên truyền,,0,,0.00
pr-báo,khoa pr học viện báo chí và tuyên truyền logo,,0,,0.00
pr-báo,lập bảng so sánh pr với báo chí,,0,,0.00
pr-báo,maarketing báo chí và pr có gì khác nhau,,0,,0.00
pr-báo,neên đăn bài pr sản phẩm trên báo nào,,0,,0.00
pr-báo,neên đăng bài pr lên báo nào,,0,,0.00
pr-báo,nguyên tắc viết bài pr trên báo chí,,0,,0.00
pr-báo,nhà báo & pr fc,,0,,0.00
pr-báo,nhà báo & pr fc giải bóng đá,,0,,0.00
pr-báo,nhóm ngành báo chí marketing quảng cáo pr,,0,,0.00
pr-báo,phân biệt 1 bài báo và 1 bài pr,,0,,0.00
pr-báo,phân loại báo chí trong nghành pr,,0,,0.00
pr-báo,phân tích một bài pr trên báo,,0,,0.00
pr-báo,pr báo 24h,,0,,0.00
pr-báo,pr báo kenh14,,0,,0.00
pr-báo,pr báo là gì,,0,,0.00
pr-báo,pr báo mới,,0,,0.00
pr-báo,pr báo điện tử,,0,,0.00
pr-báo,pr cc 2018 báo lỗi code 183,,0,,0.00
pr-báo,pr của tiki trên báo,,0,,0.00
pr-báo,pr marketing angles để viết báo,,0,,0.00
pr-báo,pr marketing báo mạng,,0,,0.00
pr-báo,pr sản phẩm qua trang báo,,0,,0.00
pr-báo,pr tiki trên báo,,0,,0.00
pr-báo,pr trong hoạt động báo chí thực tiễn,,0,,0.00
pr-báo,pr trên báo nông nghiệp việt nam,,0,,0.00
pr-báo,pr trên nhật báo thanh niên,,0,,0.00
pr-báo,quan hệ báo chí trong pr,,0,,0.00
pr-báo,quy cách đi bài pr trên báo,,0,,0.00
pr-báo,quy trình tổ chức họp báo trong pr,,0,,0.00
pr-báo,testimonials báo pr,,0,,0.00
pr-báo,thanh niên báo giá pr,,0,,0.00
pr-báo,thông cáo báo chí khác pr,,0,,0.00
pr-báo,thông cáo báo chí pr cộng động,,0,,0.00
pr-báo,thư thông báo bổ nhiệm pr,,0,,0.00
pr-báo,thế nào là bài báo pr,,0,,0.00
pr-báo,tia báo lỗi contains additional data from the following pr,,0,,0.00
pr-báo,tiêu chí so sánh pr và báo chí,,0,,0.00
pr-báo,tuyển ctv viết bài pr báo chí,,0,,0.00
pr-báo,tuyển viết bài pr đăng báo,,0,,0.00
pr-báo,vietnamnews báo giá pr online,,0,,0.00
pr-báo,vietnamnews báo giá pr online 2017,,0,,0.00
pr-báo,vietnamnews báo giá pr online 2018,,0,,0.00
pr-báo,vií dụ chiến dịch pr báo chí,,0,,0.00
pr-báo,vií dụ về pr báo chí,,0,,0.00
pr-báo,viết bài pr trên báo cafef,,0,,0.00
pr-báo,viết bài pr đăng báo,,0,,0.00
pr-báo,ví dụ thực tiễn pr trong báo chí,,0,,0.00
pr-báo,vị trí pr bài viết trên báo điện tử,,0,,0.00
pr-báo,xem báo giaá bài pr các báo ở đâu,,0,,0.00
pr-báo,xem báo giá bài pr các báo ở đâu,,0,,0.00
pr-báo,zing news pr online báo giá,,0,,0.00
pr-báo,đăng bài pr báo điện tử,,0,,0.00
pr-báo,đăng bài pr trên báo dân trí,,0,,0.00
pr-báo,đăng bài pr trên báo điện tử,,0,,0.00
pr-báo,đăng bài pr trên các báo lớn,,0,,0.00
pr-báo,đề tài nghiên cứu khoa học về pr báo chí,,0,,0.00
booking-báo,book báo chí,Informational,110,12,0.27
booking-báo,booking báo chí,Informational,110,8,0.27
booking-báo,book báo điện tử,Informational,30,10,0.00
booking-báo,booking báo vnexpress,Informational,30,5,0.38
booking-báo,booking báo điện tử,Informational,30,10,0.80
booking-báo,booking quảng cáo báo,Informational,30,12,0.57
booking-báo,báo giá booking kols,Informational,30,7,0.29
booking-báo,agency booking báo chí,,20,,0.62
booking-báo,book báo pr,,20,,0.53
booking-báo,booking báo,,20,,0.66
booking-báo,booking báo online,,20,,0.29
booking-báo,liên hệ book báo,,20,,0.86
booking-báo,agency booking báo,,10,,0.61
booking-báo,booking bài báo,,10,,0.00
booking-báo,agency book bài pr trên báo cnn,,0,,0.00
booking-báo,agency book bài pr trên các báo nước ngoài,,0,,0.00
booking-báo,agency book bài pr được các báo online nước ngoài,,0,,0.00
booking-báo,book bài pr trên báo nước ngoài cnn,,0,,0.00
booking-báo,book bài pr trên báo nước ngoài time,,0,,0.00
booking-báo,book báo chí la gi,,0,,0.00
booking-báo,book king báo mạng,,0,,0.00
booking-báo,book statement báo cáo kiểm tra sổ sách,,0,,0.00
booking-báo,book địa điểm trước khi họp báo,,0,,0.00
booking-báo,booking bài pr báo batdongsan.com.vn,,0,,0.00
booking-báo,booking bài pr báo online,,0,,0.00
booking-báo,booking báo cafebiz,,0,,0.00
booking-báo,booking báo chỉ,,0,,0.00
booking-báo,booking báo doanh nhân sài gòn cuối tuần,,0,,0.00
booking-báo,booking báo dân trí,,0,,0.00
booking-báo,booking báo forbes,,0,,0.00
booking-báo,booking báo mạng,,0,,0.38
booking-báo,booking báo phụ nữ online,,0,,0.00
booking-báo,booking báo sinh viên việt nam,,0,,0.00
booking-báo,booking báo worksheet resort,,0,,0.00
booking-báo,booking báo worksheetresort,,0,,0.00
booking-báo,booking báo worksheets resort,,0,,0.00
booking-báo,booking báo đeiu tử,,0,,0.00
booking-báo,booking báo đài,,0,,0.00
booking-báo,booking quảng cáo báo giấy,,0,,0.00
booking-báo,booking quảng cáo báo mạng,,0,,0.00
booking-báo,booking quảng cáo báo nhịp cầu đầu tư,,0,,0.00
booking-báo,booking quảng cáo thời báo kinh tế việt nam,,0,,0.00
booking-báo,booking trên báo tiền phong,,0,,0.00
booking-báo,books trang tải báo,,0,,0.00
booking-báo,books.org trang tải báo,,0,,0.00
booking-báo,báo cáo kiểm tra sổ sách statement of books,,0,,0.00
booking-báo,báo cáo lỗi cho face book,,0,,0.00
booking-báo,báo gia lai booking quảng cáo,,0,,0.00
booking-báo,báo giá book bài pr trên vnexpress,,0,,0.00
booking-báo,báo giá booking afamily.vn,,0,,0.00
booking-báo,báo giá booking banner web cafeland,,0,,0.00
booking-báo,báo giá booking bài pr admicro,,0,,0.00
booking-báo,báo giá booking báo công luận,,0,,0.00
booking-báo,báo giá booking báo đẹp,,0,,0.00
booking-báo,báo giá booking cafebiz,,0,,0.00
booking-báo,báo giá booking chuyển động 24h,,0,,0.00
booking-báo,báo giá booking cpd banner homepage web cafeland,,0,,0.00
booking-báo,báo giá booking doanhnghiepphattrien,,0,,0.00
booking-báo,báo giá booking doanhnghiepphattrien.vn,,0,,0.00
booking-báo,báo giá booking fanpage,,0,,0.00
booking-báo,báo giá booking kientrucvietnam.org,,0,,0.00
booking-báo,báo giá booking kols 2019,,0,,0.00
booking-báo,báo giá booking pr vnexpress,,0,,0.00
booking-báo,báo giá booking quảng cáo,,0,,0.00
booking-báo,báo giá booking quảng cáo ione,,0,,0.00
booking-báo,báo giá booking quảng cáo ione.net,,0,,0.00
booking-báo,báo giá booking saigon times,,0,,0.00
booking-báo,báo giá booking saigontime,,0,,0.00
booking-báo,báo giá booking saigontime quangcao,,0,,0.00
booking-báo,báo giá booking shoha.vn,,0,,0.00
booking-báo,báo giá booking soha.vn,,0,,0.00
booking-báo,báo giá booking thesaigontimes,,0,,0.00
booking-báo,báo giá booking trang merry,,0,,0.00
booking-báo,báo giá booking tuoitre.vn,,0,,0.00
booking-báo,báo giá booking tuổi trẻ,,0,,0.00
booking-báo,báo giá booking vietnam news,,0,,0.00
booking-báo,báo giá booking vietnamnet,,0,,0.00
booking-báo,báo giá booking vietnamnews,,0,,0.00
booking-báo,báo giá booking vietnamnews.vn,,0,,0.00
booking-báo,báo giá booking vnexpress 2019,,0,,0.00
booking-báo,báo giá booking youtube,,0,,0.00
booking-báo,báo giá booking youtube channel,,0,,0.00
booking-báo,báo giá life english book,,0,,0.00
booking-báo,báo giá life english books,,0,,0.00
booking-báo,báo giá surface pro book,,0,,0.00
booking-báo,báo vlxd giá booking,,0,,0.00
booking-báo,bảng giá book bài các báo,,0,,0.00
booking-báo,bảng giá book báo tỉnh,,0,,0.00
booking-báo,bảng giá booking banner báo 24h,,0,,0.00
booking-báo,bảng giá booking banner báo batdongsan.com.vn,,0,,0.00
booking-báo,bảng giá booking banner báo doanh nhân sài gofnn,,0,,0.00
booking-báo,bảng giá booking banner báo nhipcaudautu,,0,,0.00
booking-báo,bảng giá booking trên các fanpage báo chí,,0,,0.00
booking-báo,chiến lược book bài báo chí,,0,,0.00
booking-báo,chặn thông báo face book đến mail,,0,,0.00
booking-báo,cài đặt tắt chuông báo face book,,0,,0.00
booking-báo,các bước book bài trên báo mạng,,0,,0.00
booking-báo,các câu thông báo bán hàng trên face book,,0,,0.00
booking-báo,các hình thức book bài quảng cáo trên các báo,,0,,0.00
booking-báo,các tham số cần quan tam khi book báo marketing,,0,,0.00
booking-báo,cách book bài pr trên báo chí,,0,,0.00
booking-báo,cách book bài trên báo mạng,,0,,0.00
booking-báo,cách book bài viết trên báo mạng,,0,,0.00
booking-báo,cách book bài viết trên báo mạng bread and tea,,0,,0.00
booking-báo,cách book bài viết trên báo mạng vietnambooking,,0,,0.00
booking-báo,cách tắt thông báo sinh nhật cho face book,,0,,0.00
booking-báo,công ty truyền thông booking báo mạng,,0,,0.00
booking-báo,dđơn vị chuyên nhận book báo,,0,,0.00
booking-báo,dđơn vị chuyên nhận book báo mycro,,0,,0.00
booking-báo,dịch vụ booking báo cafe f,,0,,0.00
booking-báo,egency booking báo,,0,,0.00
booking-báo,email thông báo cho khách số booking khách sạn,,0,,0.00
booking-báo,face book báo không thể thay đổi tên trang,,0,,0.00
booking-báo,face book báo lỗi vi phạm tiêu chuẩn cộng động,,0,,0.00
booking-báo,face book báo something went wrong là bị gì,,0,,0.00
booking-báo,face book báo đổi mật khẩu,,0,,0.00
booking-báo,face book bị báo cáo mạo danh,,0,,0.00
booking-báo,face book của nhà báo hoàng nguyên vũ,,0,,0.00
booking-báo,giá booking báo dep365,,0,,0.00
booking-báo,giá booking báo heritage,,0,,0.00
booking-báo,giá booking báo kiến trúc đời sống,,0,,0.00
booking-báo,giá booking báo tuổi trẻ,,0,,0.00
booking-báo,hiển thị thông báo của face book chrome,,0,,0.00
booking-báo,hoõ trợ booking báo mạng,,0,,0.00
booking-báo,huong dân xóa thông báo trên face book,,0,,0.00
booking-báo,hướng dẫn xóa thông báo trên face book,,0,,0.00
booking-báo,hệ thống book bài pr trên các báo,,0,,0.00
booking-báo,hỗ trợ booking báo mạng,,0,,0.00
booking-báo,không nhận thông báo mời chơi game từ face book,,0,,0.00
booking-báo,không vào được face book báo lỗi proxy,,0,,0.00
booking-báo,kientrucvietnam.org.vn báo giá booking,,0,,0.00
booking-báo,laàm sao biết ai báo cáo tên face book,,0,,0.00
booking-báo,liên hệ booking báo,,0,,0.00
booking-báo,liên hệ booking báo trực tuyến online,,0,,0.00
booking-báo,làm thế nào để booking online trên báo nước ngoài,,0,,0.00
booking-báo,làm thế nào để booking online trên báo nước ngào,,0,,0.00
booking-báo,my book live báo đèn đỏ,,0,,0.00
booking-báo,nghiệp vụ báo giá và xác nhận booking note,,0,,0.00
booking-báo,statement of books báo cáo sổ sách,,0,,0.00
booking-báo,style book của tờ báo,,0,,0.00
booking-báo,thoông báo khai trương face book the coffee house,,0,,0.00
booking-báo,thông báo khi booking trong wordpress,,0,,0.00
booking-báo,thông báo messenger khi book trong wordpress,,0,,0.00
booking-báo,thông báo thông báo khi book trong wordpress,,0,,0.00
booking-báo,thông báo về việc giao nhận booking trễ,,0,,0.00
booking-báo,thông báo đien lực đức thọ fa book hà tinh,,0,,0.00
booking-báo,thông cáo báo chí thái hà books,,0,,0.00
booking-báo,truyền thông booking báo mạng,,0,,0.00
booking-báo,tạo tin báo trong face book,,0,,0.00
booking-báo,tạp chí vật liệu xây dựng online báo giá booking,,0,,0.00
booking-báo,tắt thông báo bằng mail của booking và agoda,,0,,0.00
booking-báo,tắt thông báo mini face book,,0,,0.00
booking-báo,tắtht ông báo live strem và video trên face book,,0,,0.00
booking-báo,vacpa e book báo cáo tài chính,,0,,0.00
booking-báo,vietnam booking báo,,0,,0.00
booking-báo,đơn vị nhận book bài viết báo at my,,0,,0.00
book-báo,book báo chí,Informational,110,12,
book-báo,booking báo chí,Informational,110,8,
book-báo,book báo điện tử,Informational,30,10,
book-báo,booking báo vnexpress,Informational,30,5,
book-báo,booking báo điện tử,Informational,30,10,
book-báo,booking quảng cáo báo,Informational,30,12,
book-báo,báo giá booking kols,Informational,30,7,
book-báo,agency booking báo chí,,20,,
book-báo,book báo pr,,20,,
book-báo,booking báo,,20,,
book-báo,booking báo online,,20,,
book-báo,liên hệ book báo,,20,,
book-báo,agency booking báo,,10,,
book-báo,booking bài báo,,10,,
book-báo,agency book bài pr trên báo cnn,,0,,
book-báo,agency book bài pr trên các báo nước ngoài,,0,,
book-báo,agency book bài pr được các báo online nước ngoài,,0,,
book-báo,book bài pr trên báo nước ngoài cnn,,0,,
book-báo,book bài pr trên báo nước ngoài time,,0,,
book-báo,book báo chí la gi,,0,,
book-báo,book king báo mạng,,0,,
book-báo,book statement báo cáo kiểm tra sổ sách,,0,,
book-báo,book địa điểm trước khi họp báo,,0,,
book-báo,booking bài pr báo batdongsan.com.vn,,0,,
book-báo,booking bài pr báo online,,0,,
book-báo,booking báo cafebiz,,0,,
book-báo,booking báo chỉ,,0,,
book-báo,booking báo doanh nhân sài gòn cuối tuần,,0,,
book-báo,booking báo dân trí,,0,,
book-báo,booking báo forbes,,0,,
book-báo,booking báo mạng,,0,,
book-báo,booking báo phụ nữ online,,0,,
book-báo,booking báo sinh viên việt nam,,0,,
book-báo,booking báo worksheet resort,,0,,
book-báo,booking báo worksheetresort,,0,,
book-báo,booking báo worksheets resort,,0,,
book-báo,booking báo đeiu tử,,0,,
book-báo,booking báo đài,,0,,
book-báo,booking quảng cáo báo giấy,,0,,
book-báo,booking quảng cáo báo mạng,,0,,
book-báo,booking quảng cáo báo nhịp cầu đầu tư,,0,,
book-báo,booking quảng cáo thời báo kinh tế việt nam,,0,,
book-báo,booking trên báo tiền phong,,0,,
book-báo,books trang tải báo,,0,,
book-báo,books.org trang tải báo,,0,,
book-báo,báo cáo kiểm tra sổ sách statement of books,,0,,
book-báo,báo cáo lỗi cho face book,,0,,
book-báo,báo gia lai booking quảng cáo,,0,,
book-báo,báo giá book bài pr trên vnexpress,,0,,
book-báo,báo giá booking afamily.vn,,0,,
book-báo,báo giá booking banner web cafeland,,0,,
book-báo,báo giá booking bài pr admicro,,0,,
book-báo,báo giá booking báo công luận,,0,,
book-báo,báo giá booking báo đẹp,,0,,
book-báo,báo giá booking cafebiz,,0,,
book-báo,báo giá booking chuyển động 24h,,0,,
book-báo,báo giá booking cpd banner homepage web cafeland,,0,,
book-báo,báo giá booking doanhnghiepphattrien,,0,,
book-báo,báo giá booking doanhnghiepphattrien.vn,,0,,
book-báo,báo giá booking fanpage,,0,,
book-báo,báo giá booking kientrucvietnam.org,,0,,
book-báo,báo giá booking kols 2019,,0,,
book-báo,báo giá booking pr vnexpress,,0,,
book-báo,báo giá booking quảng cáo,,0,,
book-báo,báo giá booking quảng cáo ione,,0,,
book-báo,báo giá booking quảng cáo ione.net,,0,,
book-báo,báo giá booking saigon times,,0,,
book-báo,báo giá booking saigontime,,0,,
book-báo,báo giá booking saigontime quangcao,,0,,
book-báo,báo giá booking shoha.vn,,0,,
book-báo,báo giá booking soha.vn,,0,,
book-báo,báo giá booking thesaigontimes,,0,,
book-báo,báo giá booking trang merry,,0,,
book-báo,báo giá booking tuoitre.vn,,0,,
book-báo,báo giá booking tuổi trẻ,,0,,
book-báo,báo giá booking vietnam news,,0,,
book-báo,báo giá booking vietnamnet,,0,,
book-báo,báo giá booking vietnamnews,,0,,
book-báo,báo giá booking vietnamnews.vn,,0,,
book-báo,báo giá booking vnexpress 2019,,0,,
book-báo,báo giá booking youtube,,0,,
book-báo,báo giá booking youtube channel,,0,,
book-báo,báo giá life english book,,0,,
book-báo,báo giá life english books,,0,,
book-báo,báo giá surface pro book,,0,,
book-báo,báo vlxd giá booking,,0,,
book-báo,bảng giá book bài các báo,,0,,
book-báo,bảng giá book báo tỉnh,,0,,
book-báo,bảng giá booking banner báo 24h,,0,,
book-báo,bảng giá booking banner báo batdongsan.com.vn,,0,,
book-báo,bảng giá booking banner báo doanh nhân sài gofnn,,0,,
book-báo,bảng giá booking banner báo nhipcaudautu,,0,,
book-báo,bảng giá booking trên các fanpage báo chí,,0,,
book-báo,chiến lược book bài báo chí,,0,,
book-báo,chặn thông báo face book đến mail,,0,,
book-báo,cài đặt tắt chuông báo face book,,0,,
book-báo,các bước book bài trên báo mạng,,0,,
book-báo,các câu thông báo bán hàng trên face book,,0,,
book-báo,các hình thức book bài quảng cáo trên các báo,,0,,
book-báo,các tham số cần quan tam khi book báo marketing,,0,,
book-báo,cách book bài pr trên báo chí,,0,,
book-báo,cách book bài trên báo mạng,,0,,
book-báo,cách book bài viết trên báo mạng,,0,,
book-báo,cách book bài viết trên báo mạng bread and tea,,0,,
book-báo,cách book bài viết trên báo mạng vietnambooking,,0,,
book-báo,cách tắt thông báo sinh nhật cho face book,,0,,
book-báo,công ty truyền thông booking báo mạng,,0,,
book-báo,dđơn vị chuyên nhận book báo,,0,,
book-báo,dđơn vị chuyên nhận book báo mycro,,0,,
book-báo,dịch vụ booking báo cafe f,,0,,
book-báo,egency booking báo,,0,,
book-báo,email thông báo cho khách số booking khách sạn,,0,,
book-báo,face book báo không thể thay đổi tên trang,,0,,
book-báo,face book báo lỗi vi phạm tiêu chuẩn cộng động,,0,,
book-báo,face book báo something went wrong là bị gì,,0,,
book-báo,face book báo đổi mật khẩu,,0,,
book-báo,face book bị báo cáo mạo danh,,0,,
book-báo,face book của nhà báo hoàng nguyên vũ,,0,,
book-báo,giá booking báo dep365,,0,,
book-báo,giá booking báo heritage,,0,,
book-báo,giá booking báo kiến trúc đời sống,,0,,
book-báo,giá booking báo tuổi trẻ,,0,,
book-báo,hiển thị thông báo của face book chrome,,0,,
book-báo,hoõ trợ booking báo mạng,,0,,
book-báo,huong dân xóa thông báo trên face book,,0,,
book-báo,hướng dẫn xóa thông báo trên face book,,0,,
book-báo,hệ thống book bài pr trên các báo,,0,,
book-báo,hỗ trợ booking báo mạng,,0,,
book-báo,không nhận thông báo mời chơi game từ face book,,0,,
book-báo,không vào được face book báo lỗi proxy,,0,,
book-báo,kientrucvietnam.org.vn báo giá booking,,0,,
book-báo,laàm sao biết ai báo cáo tên face book,,0,,
book-báo,liên hệ booking báo,,0,,
book-báo,liên hệ booking báo trực tuyến online,,0,,
book-báo,làm thế nào để booking online trên báo nước ngoài,,0,,
book-báo,làm thế nào để booking online trên báo nước ngào,,0,,
book-báo,my book live báo đèn đỏ,,0,,
book-báo,nghiệp vụ báo giá và xác nhận booking note,,0,,
book-báo,statement of books báo cáo sổ sách,,0,,
book-báo,style book của tờ báo,,0,,
book-báo,thoông báo khai trương face book the coffee house,,0,,
book-báo,thông báo khi booking trong wordpress,,0,,
book-báo,thông báo messenger khi book trong wordpress,,0,,
book-báo,thông báo thông báo khi book trong wordpress,,0,,
book-báo,thông báo về việc giao nhận booking trễ,,0,,
book-báo,thông báo đien lực đức thọ fa book hà tinh,,0,,
book-báo,thông cáo báo chí thái hà books,,0,,
book-báo,truyền thông booking báo mạng,,0,,
book-báo,tạo tin báo trong face book,,0,,
book-báo,tạp chí vật liệu xây dựng online báo giá booking,,0,,
book-báo,tắt thông báo bằng mail của booking và agoda,,0,,
book-báo,tắt thông báo mini face book,,0,,
book-báo,tắtht ông báo live strem và video trên face book,,0,,
book-báo,vacpa e book báo cáo tài chính,,0,,
book-báo,vietnam booking báo,,0,,
book-báo,đơn vị nhận book bài viết báo at my,,0,,
